Recensement agricole 2020; ; 
Référentiel géographique : France  par Commune 2020; ; 
Code;Libellé;SAU moyenne en 2020;SAU moyenne en 2020 - estimation (*=oui)
01001;L'Abergement-Clémenciat;80.8;
01002;L'Abergement-de-Varey;97.6;
01004;Ambérieu-en-Bugey;35.7;
01005;Ambérieux-en-Dombes;91.2;
01006;Ambléon;128.3;
01007;Ambronay;111;
01008;Ambutrix;114.6;
01009;Andert-et-Condon;20.3;
01010;Anglefort;32.6;
01011;Apremont;194.8;
01012;Aranc;51.2;
01013;Arandas;186.6;
01014;Arbent;N/A - division par 0;
01015;Arboys en Bugey;33.9;
01016;Arbigny;201.4;
01017;Argis;67.6;
01019;Armix;196.5;
01021;Ars-sur-Formans;108.1;
01022;Artemare;4.2;
01023;Asnières-sur-Saône;358.1;
01024;Attignat;46.9;
01025;Bâgé-Dommartin;107.9;
01026;Bâgé-le-Châtel;N/A - division par 0;
01027;Balan;256.9;
01028;Baneins;58.2;
01029;Beaupont;84.9;
01030;Beauregard;N/A - division par 0;
01031;Bellignat;N/A - division par 0;
01032;Béligneux;48.7;*
01033;Valserhône;88.8;
01034;Belley;49.4;
01035;Belleydoux;98;
01036;Valromey-sur-Séran;66.2;
01037;Bénonces;75.5;
01038;Bény;99.5;
01039;Béon;38.2;
01040;Béréziat;117.2;
01041;Bettant;0;
01042;Bey;127.8;
01043;Beynost;125.9;
01044;Billiat;233.3;
01045;Birieux;86.4;
01046;Biziat;128.4;
01047;Blyes;129.3;
01049;La Boisse;97.6;
01050;Boissey;101.5;
01051;Bolozon;N/A - division par 0;
01052;Bouligneux;61.3;
01053;Bourg-en-Bresse;55.4;
01054;Bourg-Saint-Christophe;105.3;
01056;Boyeux-Saint-Jérôme;23.2;
01057;Boz;144;
01058;Brégnier-Cordon;4.5;
01060;Brénod;111.1;
01061;Brens;79.1;
01062;Bressolles;395.7;
01063;Brion;7.4;
01064;Briord;63;
01065;Buellas;107.4;
01066;La Burbanche;96.6;
01067;Ceignes;150.1;
01068;Cerdon;2.7;
01069;Certines;129.3;
01071;Cessy;90.2;
01072;Ceyzériat;17.6;
01073;Ceyzérieu;63.3;
01074;Chalamont;72.1;
01075;Chaleins;73.5;
01076;Chaley;N/A - division par 0;
01077;Challes-la-Montagne;161.3;
01078;Challex;70.3;
01079;Champagne-en-Valromey;141.6;
01080;Champdor-Corcelles;139.6;
01081;Champfromier;244.6;
01082;Chanay;165.8;
01083;Chaneins;40.9;
01084;Chanoz-Châtenay;63.7;
01085;La Chapelle-du-Châtelard;78.1;
01087;Charix;89.8;
01088;Charnoz-sur-Ain;125.8;
01089;Château-Gaillard;165;
01090;Châtenay;112.8;
01092;Châtillon-la-Palud;78.4;
01093;Châtillon-sur-Chalaronne;100.2;
01094;Chavannes-sur-Reyssouze;112.7;
01095;Nivigne et Suran;115.6;
01096;Chaveyriat;66.3;
01098;Chazey-Bons;56.8;
01099;Chazey-sur-Ain;106.1;
01100;Cheignieu-la-Balme;24.4;
01101;Chevillard;89.4;
01102;Chevroux;111.6;
01103;Chevry;178;
01104;Chézery-Forens;111.6;
01105;Civrieux;110.3;
01106;Cize;81.5;
01107;Cleyzieu;98.6;
01108;Coligny;82.3;
01109;Collonges;109.4;
01110;Colomieu;65.8;
01111;Conand;N/A - division par 0;
01112;Condamine;56.9;
01113;Condeissiat;133.2;
01114;Confort;25.5;
01115;Confrançon;52.5;
01116;Contrevoz;148.8;
01117;Conzieu;N/A - division par 0;
01118;Corbonod;58.8;
01121;Corlier;134;
01123;Cormoranche-sur-Saône;66.5;
01124;Cormoz;97.8;
01125;Corveissiat;159.2;
01127;Courmangoux;106.1;
01128;Courtes;74.6;
01129;Crans;46.5;
01130;Bresse Vallons;73.5;
01133;Cressin-Rochefort;90.8;
01134;Crottet;48.3;
01135;Crozet;25.5;*
01136;Cruzilles-lès-Mépillat;51.5;
01138;Culoz;271.9;
01139;Curciat-Dongalon;120.2;
01140;Curtafond;128.7;
01141;Cuzieu;85.7;
01142;Dagneux;96.9;
01143;Divonne-les-Bains;94.7;
01145;Dompierre-sur-Veyle;86.6;
01146;Dompierre-sur-Chalaronne;63.9;
01147;Domsure;125.8;
01148;Dortan;119.2;
01149;Douvres;175.2;
01150;Drom;112.4;
01151;Druillat;54.4;
01152;Échallon;33.6;
01153;Échenevex;65.5;
01155;Évosges;148.2;
01156;Faramans;88.9;
01157;Fareins;46.5;
01158;Farges;N/A - division par 0;
01159;Feillens;17;
01160;Ferney-Voltaire;143;
01162;Flaxieu;13;
01163;Foissiat;65.2;
01165;Francheleins;94.8;
01166;Frans;54.1;
01167;Garnerans;106.7;
01169;Genouilleux;46.3;
01170;Béard-Géovreissiat;85;
01171;Géovreisset;N/A - division par 0;
01173;Gex;88.5;
01174;Giron;113.9;
01175;Gorrevod;65.1;
01177;Grand-Corent;87.8;*
01179;Grièges;81.8;
01180;Grilly;112.2;
01181;Groissiat;187;
01183;Guéreins;67.5;
01184;Hautecourt-Romanèche;160.1;
01185;Plateau d'Hauteville;101.6;
01187;Haut Valromey;178.9;
01188;Illiat;108.4;
01189;Injoux-Génissiat;56;
01190;Innimond;108.6;
01191;Izenave;140.6;
01192;Izernore;155.8;
01193;Izieu;44.6;
01194;Jassans-Riottier;77.4;
01195;Jasseron;66.1;
01196;Jayat;76;
01197;Journans;58.3;
01198;Joyeux;104.6;
01199;Jujurieux;27.6;
01200;Labalme;159.8;
01202;Lagnieu;100.5;
01203;Laiz;114.8;
01204;Le Poizat-Lalleyriat;103;
01206;Lantenay;44.2;
01207;Lapeyrouse;89.6;
01208;Lavours;14.7;
01209;Léaz;256.2;
01210;Lélex;27.4;
01211;Lent;69.6;
01212;Lescheroux;70.3;
01213;Leyment;73.7;
01214;Leyssard;N/A - division par 0;
01215;Surjoux-Lhopital;35.2;
01216;Lhuis;52.9;
01219;Lompnas;122.1;
01224;Loyettes;186.6;
01225;Lurcy;67.5;
01227;Magnieu;90.7;
01228;Maillat;153.2;
01229;Malafretaz;77.2;
01230;Mantenay-Montlin;103.9;
01231;Manziat;25.3;
01232;Marboz;60.1;
01233;Marchamp;57.5;
01234;Marignieu;14.7;
01235;Marlieux;83.6;
01236;Marsonnas;66.2;
01237;Martignat;66.8;
01238;Massieux;43.6;
01239;Massignieu-de-Rives;52;
01240;Matafelon-Granges;149.4;
01241;Meillonnas;111.6;
01242;Mérignat;5.1;
01243;Messimy-sur-Saône;287.1;
01244;Meximieux;21.2;
01245;Bohas-Meyriat-Rignat;176.9;
01246;Mézériat;35.9;
01247;Mijoux;64;
01248;Mionnay;98.6;
01249;Miribel;84;
01250;Misérieux;77.8;
01252;Mogneneins;60.2;
01254;Montagnat;83.4;
01255;Montagnieu;18.5;
01257;Montanges;129.2;
01258;Montceaux;90.6;
01259;Montcet;77.1;
01260;Le Montellier;106;
01261;Monthieux;66.7;
01262;Montluel;101.5;
01263;Montmerle-sur-Saône;16.1;
01264;Montracol;79;
01265;Montréal-la-Cluse;196.5;
01266;Montrevel-en-Bresse;52.6;
01267;Nurieux-Volognat;143.4;
01268;Murs-et-Gélignieux;55.3;
01269;Nantua;N/A - division par 0;
01272;Neuville-les-Dames;66.5;
01273;Neuville-sur-Ain;79.1;
01274;Les Neyrolles;42.2;
01275;Neyron;150.7;
01276;Niévroz;81.1;
01277;Nivollet-Montgriffon;112.9;
01279;Oncieu;70.6;
01280;Ordonnaz;89.3;
01281;Ornex;115.4;
01282;Outriaz;142.6;
01283;Oyonnax;83.8;
01284;Ozan;73;
01285;Parcieux;81;
01286;Parves et Nattages;58.1;
01288;Péron;81.1;
01289;Péronnas;137.1;
01290;Pérouges;77.5;
01291;Perrex;72;
01293;Peyriat;71.9;
01294;Peyrieu;48.3;
01295;Peyzieux-sur-Saône;103.8;
01296;Pirajoux;85.2;
01297;Pizay;123.6;
01298;Plagne;118.2;
01299;Le Plantay;70;
01301;Polliat;60.4;
01302;Pollieu;3.6;
01303;Poncin;47;
01304;Pont-d'Ain;98.3;
01305;Pont-de-Vaux;59.7;
01306;Pont-de-Veyle;76.1;
01307;Port;N/A - division par 0;
01308;Pougny;119.9;
01309;Pouillat;105.5;
01310;Prémeyzel;55.5;
01311;Prémillieu;194.3;
01313;Prévessin-Moëns;103.3;
01314;Priay;162.1;
01317;Ramasse;89;
01318;Rancé;68.7;
01319;Relevant;79.9;
01320;Replonges;59.4;
01321;Revonnas;145.8;
01322;Reyrieux;63.7;
01323;Reyssouze;72.1;
01325;Rignieux-le-Franc;96.7;
01328;Romans;93;
01329;Rossillon;N/A - division par 0;
01330;Ruffieu;56.7;
01331;Saint-Alban;47.1;
01332;Saint-André-de-Bâgé;14.3;
01333;Saint-André-de-Corcy;92.4;
01334;Saint-André-d'Huiriat;47.8;
01335;Saint-André-le-Bouchoux;41.7;
01336;Saint-André-sur-Vieux-Jonc;81;
01337;Saint-Bénigne;114.3;
01338;Groslée-Saint-Benoit;33;
01339;Saint-Bernard;5.5;
01342;Sainte-Croix;74.2;
01343;Saint-Cyr-sur-Menthon;101.8;
01344;Saint-Denis-lès-Bourg;64.2;
01345;Saint-Denis-en-Bugey;N/A - division par 0;
01346;Saint-Didier-d'Aussiat;89.7;
01347;Saint-Didier-de-Formans;71.7;*
01348;Saint-Didier-sur-Chalaronne;58.4;
01349;Saint-Éloi;117.4;
01350;Saint-Étienne-du-Bois;61.5;
01351;Saint-Étienne-sur-Chalaronne;59.9;
01352;Saint-Étienne-sur-Reyssouze;76.5;
01353;Sainte-Euphémie;68;
01354;Saint-Genis-Pouilly;57.3;
01355;Saint-Genis-sur-Menthon;48.6;
01356;Saint-Georges-sur-Renon;44.9;
01357;Saint-Germain-de-Joux;N/A - division par 0;
01358;Saint-Germain-les-Paroisses;229.1;
01359;Saint-Germain-sur-Renon;60.7;
01360;Saint-Jean-de-Gonville;113.6;
01361;Saint-Jean-de-Niost;96.9;
01362;Saint-Jean-de-Thurigneux;75.8;
01363;Saint-Jean-le-Vieux;160.8;
01364;Saint-Jean-sur-Reyssouze;69.4;
01365;Saint-Jean-sur-Veyle;49.7;
01366;Sainte-Julie;134.7;
01367;Saint-Julien-sur-Reyssouze;107.8;
01368;Saint-Julien-sur-Veyle;37.4;
01369;Saint-Just;60.1;
01370;Saint-Laurent-sur-Saône;N/A - division par 0;
01371;Saint-Marcel;62.9;
01372;Saint-Martin-de-Bavel;150.5;
01373;Saint-Martin-du-Frêne;168.2;
01374;Saint-Martin-du-Mont;64.3;
01375;Saint-Martin-le-Châtel;71.1;
01376;Saint-Maurice-de-Beynost;74.2;
01378;Saint-Maurice-de-Gourdans;95.9;
01379;Saint-Maurice-de-Rémens;155.3;
01380;Saint-Nizier-le-Bouchoux;69.5;
01381;Saint-Nizier-le-Désert;73.4;
01382;Sainte-Olive;46.5;
01383;Saint-Paul-de-Varax;88.1;
01384;Saint-Rambert-en-Bugey;54.2;
01385;Saint-Rémy;73.9;
01386;Saint-Sorlin-en-Bugey;26.7;
01387;Saint-Sulpice;N/A - division par 0;
01388;Saint-Trivier-de-Courtes;108.6;
01389;Saint-Trivier-sur-Moignans;85.6;
01390;Saint-Vulbas;120.2;
01391;Salavre;13.3;
01392;Samognat;N/A - division par 0;
01393;Sandrans;97.5;
01396;Sault-Brénaz;N/A - division par 0;
01397;Sauverny;12.4;
01398;Savigneux;44.8;
01399;Ségny;134.8;
01400;Seillonnaz;29.6;
01401;Sergy;45.3;
01402;Sermoyer;202.5;
01403;Serrières-de-Briord;38.9;
01404;Serrières-sur-Ain;99.2;
01405;Servas;36.9;
01406;Servignat;75;
01407;Seyssel;2.6;
01408;Simandre-sur-Suran;99.9;
01410;Sonthonnax-la-Montagne;150.7;
01411;Souclin;107.4;
01412;Sulignat;87.8;
01415;Talissieu;2.7;
01416;Tenay;2.5;
01418;Thil;93.9;
01419;Thoiry;122.9;
01420;Thoissey;10.9;
01421;Torcieu;115.7;
01422;Tossiat;88.6;
01423;Toussieux;81.3;
01424;Tramoyes;53.1;
01425;La Tranclière;63;
01426;Val-Revermont;84.6;
01427;Trévoux;2.9;
01428;Valeins;65.2;
01429;Vandeins;134;
01430;Varambon;133.1;
01431;Vaux-en-Bugey;89.4;
01432;Verjon;71.7;
01433;Vernoux;91.2;
01434;Versailleux;61.8;
01435;Versonnex;69.3;
01436;Vesancy;126.7;
01437;Vescours;107.2;
01439;Vésines;N/A - division par 0;
01441;Vieu-d'Izenave;111.3;
01443;Villars-les-Dombes;59;
01444;Villebois;53.9;
01445;Villemotier;72.8;
01446;Villeneuve;79.7;
01447;Villereversure;111.2;
01448;Villes;226.9;
01449;Villette-sur-Ain;52.3;
01450;Villieu-Loyes-Mollon;76.6;
01451;Viriat;65.1;
01452;Virieu-le-Grand;N/A - division par 0;
01453;Arvière-en-Valromey;64.1;
01454;Virignin;96;
01456;Vongnes;19;
01457;Vonnas;57.6;
02001;Abbécourt;76.9;
02002;Achery;63.6;
02003;Acy;167.4;
02004;Agnicourt-et-Séchelles;156.4;
02005;Aguilcourt;126.7;
02006;Aisonville-et-Bernoville;122;
02007;Aizelles;74.4;
02008;Aizy-Jouy;171.8;
02009;Alaincourt;121.7;
02010;Allemant;379.5;
02011;Ambleny;187.7;
02012;Ambrief;203;
02013;Amifontaine;147.7;
02014;Amigny-Rouy;61.3;
02015;Ancienville;N/A - division par 0;
02016;Andelain;155;
02017;Anguilcourt-le-Sart;122;
02018;Anizy-le-Grand;139.1;
02019;Annois;109.1;
02020;Any-Martin-Rieux;112.4;
02021;Archon;111;
02022;Arcy-Sainte-Restitue;224.3;
02023;Armentières-sur-Ourcq;61.5;
02024;Arrancy;220.7;
02025;Artemps;213.1;
02027;Assis-sur-Serre;94.2;
02028;Athies-sous-Laon;204.1;
02029;Attilly;108.3;
02030;Aubencheul-aux-Bois;141.4;
02031;Aubenton;74.6;
02032;Aubigny-aux-Kaisnes;226.5;
02033;Aubigny-en-Laonnois;95.3;
02034;Audignicourt;117.8;
02035;Audigny;145.2;
02036;Augy;136.8;
02037;Aulnois-sous-Laon;228.2;
02038;Les Autels;56.1;
02039;Autremencourt;270.3;
02040;Autreppes;164.2;
02041;Autreville;116.2;
02042;Azy-sur-Marne;3.8;
02043;Bagneux;49;
02044;Bancigny;61.5;
02046;Barenton-Bugny;195.6;
02047;Barenton-Cel;250.5;
02048;Barenton-sur-Serre;143.8;
02049;Barisis-aux-Bois;106.1;
02050;Barzy-en-Thiérache;35.9;
02051;Barzy-sur-Marne;4.6;
02052;Bassoles-Aulers;303.3;
02053;Vallées en Champagne;47.9;
02054;Bazoches-sur-Vesles;162;
02055;Beaumé;70.1;
02056;Beaumont-en-Beine;94;
02057;Beaurevoir;144.4;
02058;Beaurieux;147.5;
02059;Beautor;N/A - division par 0;
02060;Beauvois-en-Vermandois;134.1;
02061;Becquigny;62.4;
02062;Belleau;192.1;
02063;Bellenglise;212.1;
02064;Belleu;183.2;
02065;Bellicourt;198.1;
02066;Benay;154;
02067;Bergues-sur-Sambre;67.9;
02068;Berlancourt;220.4;
02069;Berlise;179.4;
02070;Bernot;86.1;
02071;Berny-Rivière;104.4;
02072;Berrieux;120;
02073;Berry-au-Bac;95;
02074;Bertaucourt-Epourdon;171;
02075;Berthenicourt;384.5;
02076;Bertricourt;104.7;
02077;Berzy-le-Sec;112.3;
02078;Besmé;47.1;
02079;Besmont;72.3;
02080;Besny-et-Loizy;267.6;
02081;Béthancourt-en-Vaux;54.9;
02082;Beugneux;266.2;
02083;Beuvardes;68;
02084;Bézu-le-Guéry;42.1;
02085;Bézu-Saint-Germain;136.4;
02086;Bichancourt;51.9;
02087;Bieuxy;209.3;
02088;Bièvres;N/A - division par 0;
02089;Billy-sur-Aisne;5.4;
02090;Billy-sur-Ourcq;137.4;
02091;Blanzy-lès-Fismes;150;
02093;Blérancourt;142.4;
02094;Blesmes;93.4;
02095;Bohain-en-Vermandois;114.4;
02096;Bois-lès-Pargny;160.9;
02097;Boncourt;214.9;
02098;Bonneil;16.6;
02099;Bonnesvalyn;202.3;
02100;Bony;235.6;
02101;Bosmont-sur-Serre;188.4;
02102;Bouconville-Vauclair;144.1;
02103;Boué;52.5;
02104;Bouffignereux;99.5;
02105;Bouresches;153.5;
02106;Bourg-et-Comin;2.9;
02107;Bourguignon-sous-Coucy;107.7;
02108;Bourguignon-sous-Montbavin;N/A - division par 0;
02109;La Bouteille;71.6;
02110;Braine;82.7;
02111;Brancourt-en-Laonnois;N/A - division par 0;
02112;Brancourt-le-Grand;82.3;
02114;Brasles;15;
02115;Braye-en-Laonnois;304.4;
02116;Braye-en-Thiérache;126.7;
02117;Bray-Saint-Christophe;N/A - division par 0;
02118;Braye;18;
02119;Brécy;153.9;
02120;Brenelle;183.2;
02121;Breny;44.9;
02122;Brie;273.3;
02123;Brissay-Choigny;343.5;
02124;Brissy-Hamégicourt;104.7;
02125;Brumetz;144.5;
02126;Brunehamel;59;
02127;Bruyères-sur-Fère;224.6;
02128;Bruyères-et-Montbérault;127.9;
02129;Bruys;388.6;
02130;Bucilly;90.4;
02131;Bucy-le-Long;96.7;
02132;Bucy-lès-Cerny;253.6;
02133;Bucy-lès-Pierrepont;209.3;
02134;Buire;42.4;
02135;Buironfosse;48.1;
02136;Burelles;125.1;
02137;Bussiares;270.2;
02138;Buzancy;279.6;
02139;Caillouël-Crépigny;81;
02140;Camelin;93.2;
02141;La Capelle;55;
02142;Castres;8.5;
02143;Le Catelet;N/A - division par 0;
02144;Caulaincourt;492.1;
02145;Caumont;49.9;
02146;Celles-lès-Condé;24;
02148;Celles-sur-Aisne;128.1;
02149;Cerizy;245.1;
02150;Cerny-en-Laonnois;160.4;
02151;Cerny-lès-Bucy;N/A - division par 0;
02152;Cerseuil;183.4;
02153;Cessières-Suzy;83.1;
02154;Chacrise;161.6;
02155;Chaillevois;N/A - division par 0;
02156;Chalandry;180.5;
02157;Chambry;160.9;
02158;Chamouille;109;
02159;Champs;120.6;
02160;Chaourse;135.8;
02162;La Chapelle-sur-Chézy;137.7;
02163;Charly-sur-Marne;14.5;
02164;Le Charmel;91.4;
02165;Charmes;61.7;
02166;Chartèves;105.4;
02167;Chassemy;140.1;
02168;Château-Thierry;46.8;
02169;Châtillon-lès-Sons;140.8;
02170;Châtillon-sur-Oise;129.1;
02171;Chaudardes;94.4;
02172;Chaudun;237;
02173;Chauny;99.2;
02174;Chavignon;96.6;
02175;Chavigny;58.9;
02176;Chavonne;127.4;
02177;Chérêt;78.1;
02178;Chermizy-Ailles;56.4;
02179;Chéry-Chartreuve;92.9;
02180;Chéry-lès-Pouilly;199.2;
02181;Chéry-lès-Rozoy;18.8;
02182;Chevennes;210.8;
02183;Chevregny;109.3;
02184;Chevresis-Monceau;214.6;
02185;Chézy-en-Orxois;150.3;
02186;Chézy-sur-Marne;37.9;
02187;Chierry;94.3;
02188;Chigny;6.8;*
02189;Chivres-en-Laonnois;84.3;
02190;Chivres-Val;N/A - division par 0;
02191;Chivy-lès-Étouvelles;4;
02192;Chouy;177.2;
02193;Cierges;95.7;
02194;Cilly;255.9;
02195;Ciry-Salsogne;48.6;
02196;Clacy-et-Thierret;188.2;
02197;Clairfontaine;103.2;
02198;Clamecy;240.8;
02199;Clastres;100.9;
02200;Clermont-les-Fermes;186.1;
02201;Cœuvres-et-Valsery;178.7;
02203;Coincy;184.8;
02204;Coingt;71.3;
02205;Colligis-Crandelain;10.9;
02206;Colonfay;81.6;
02207;Commenchon;3.2;
02208;Concevreux;165.1;
02209;Condé-en-Brie;84.6;
02210;Condé-sur-Aisne;226;
02211;Condé-sur-Suippe;103.1;
02212;Condren;90;
02213;Connigis;31.2;
02214;Contescourt;297.5;
02215;Corbeny;106.3;
02216;Corcy;133.2;
02217;Coucy-le-Château-Auffrique;32.7;
02218;Coucy-lès-Eppes;173.2;
02219;Coucy-la-Ville;172.9;
02220;Coulonges-Cohan;258.1;
02221;Coupru;188.8;
02222;Courbes;237.3;
02223;Courboin;152.4;
02224;Courcelles-sur-Vesle;290.7;
02225;Courchamps;112.6;
02226;Courmelles;49.1;
02227;Courmont;111.3;
02228;Courtemont-Varennes;26.4;*
02229;Courtrizy-et-Fussigny;N/A - division par 0;
02230;Couvrelles;194;
02231;Couvron-et-Aumencourt;272.3;
02232;Coyolles;124.2;
02233;Cramaille;121.8;
02234;Craonne;99.9;
02235;Craonnelle;123.4;
02236;Crécy-au-Mont;356.5;
02237;Crécy-sur-Serre;127.4;
02238;Crépy;179.2;
02239;Crézancy;58.2;
02240;Croix-Fonsomme;209.5;
02241;La Croix-sur-Ourcq;181.4;
02242;Crouttes-sur-Marne;8;
02243;Crouy;116.5;
02244;Crupilly;190.9;
02245;Cuffies;232.3;
02246;Cugny;137.8;
02248;Cuirieux;215;
02249;Cuiry-Housse;272.3;
02250;Cuiry-lès-Chaudardes;73;
02251;Cuiry-lès-Iviers;58.7;
02252;Cuissy-et-Geny;197.9;
02253;Cuisy-en-Almont;166.3;
02254;Cutry;323.1;
02255;Cys-la-Commune;88.2;
02256;Dagny-Lambercy;142.8;
02257;Dallon;154.9;
02258;Dammard;271;
02259;Dampleux;305.1;
02260;Danizy;189;
02261;Dercy;146.8;*
02262;Deuillet;154.9;
02263;Dhuizel;196.8;
02264;Dizy-le-Gros;138.6;
02265;Dohis;38.9;
02266;Dolignon;149.3;
02267;Dommiers;203.6;
02268;Domptin;6;
02269;Dorengt;98.5;
02270;Douchy;115.6;
02271;Dravegny;197.1;
02272;Droizy;226.8;
02273;Dury;229.2;
02274;Ébouleau;186.1;
02275;Effry;59.6;
02276;Englancourt;106.4;
02277;Épagny;278.9;
02278;Éparcy;102.4;
02279;Épaux-Bézu;148.8;
02280;Épieds;137.5;
02281;L'Épine-aux-Bois;51.7;
02282;Eppes;145.8;
02283;Erlon;214;
02284;Erloy;129;
02286;Esquéhéries;86.4;
02287;Essigny-le-Grand;126.3;
02288;Essigny-le-Petit;199;
02289;Essises;357.6;
02290;Essômes-sur-Marne;14.7;
02291;Estrées;115.7;
02292;Étampes-sur-Marne;N/A - division par 0;
02293;Étaves-et-Bocquiaux;159.9;
02294;Étouvelles;148.5;
02295;Étréaupont;63.4;
02296;Étreillers;93.9;
02297;Étrépilly;149.9;
02298;Étreux;91;
02299;Évergnicourt;144.8;
02302;Faverolles;202.3;
02303;Fayet;244.9;
02304;La Fère;486.8;
02305;Fère-en-Tardenois;185.4;
02306;La Ferté-Chevresis;124.8;
02307;La Ferté-Milon;373.6;
02308;Fesmy-le-Sart;35;
02309;Festieux;134;
02310;Fieulaine;150.5;
02311;Filain;418.4;
02312;La Flamengrie;66.4;
02313;Flavigny-le-Grand-et-Beaurain;116.4;
02315;Flavy-le-Martel;103.5;
02316;Fleury;N/A - division par 0;
02317;Fluquières;144.8;
02318;Folembray;6;
02319;Fonsomme;150.6;
02320;Fontaine-lès-Clercs;101.1;
02321;Fontaine-lès-Vervins;135.7;
02322;Fontaine-Notre-Dame;125.5;
02323;Fontaine-Uterte;96.6;
02324;Fontenelle;119.3;
02326;Fontenoy;198.1;
02327;Foreste;145.7;
02328;Fossoy;8.7;
02329;Fourdrain;N/A - division par 0;
02330;Francilly-Selency;58.7;
02331;Franqueville;58.8;
02332;Fresnes-en-Tardenois;307.9;
02333;Fresnes-sous-Coucy;16;
02334;Fresnoy-le-Grand;82.3;
02335;Fressancourt;37.6;
02336;Frières-Faillouël;138.6;
02337;Froidestrées;45.1;
02338;Froidmont-Cohartille;109.9;
02339;Gandelu;288.2;
02340;Gauchy;N/A - division par 0;
02341;Gercy;40.1;
02342;Gergny;88.7;
02343;Germaine;146;
02345;Gibercourt;136.1;
02346;Gizy;197.4;
02347;Gland;4.3;
02349;Goudelancourt-lès-Berrieux;233.1;
02350;Goudelancourt-lès-Pierrepont;138;
02351;Goussancourt;188.7;
02352;Gouy;118.4;
02353;Grandlup-et-Fay;186.8;
02354;Grandrieux;163;
02355;Gricourt;128.1;
02356;Grisolles;220;
02357;Gronard;133;
02358;Grougis;138.3;
02359;Grugies;789.2;
02360;Villeneuve-sur-Aisne;192.5;
02361;Guise;173.8;
02362;Guivry;117.1;
02363;Guny;89.6;
02364;Guyencourt;57.2;
02366;Hannapes;110.5;
02367;Happencourt;163;
02368;Haramont;88.5;
02369;Harcigny;131;
02370;Hargicourt;207.5;
02371;Harly;3.6;
02372;Hartennes-et-Taux;88.3;
02373;Hary;132.4;
02374;Lehaucourt;186.2;
02375;Hautevesnes;124.9;
02376;Hauteville;114.2;
02377;Haution;97.7;
02378;La Hérie;102.3;
02379;Le Hérie-la-Viéville;86.5;
02380;Hinacourt;73.9;
02381;Hirson;119.9;
02382;Holnon;115.8;
02383;Homblières;114.6;
02384;Houry;188.6;
02385;Housset;124.2;
02386;Iron;132.7;
02387;Itancourt;112.8;
02388;Iviers;156.8;
02389;Jaulgonne;2;
02390;Jeancourt;98.9;
02391;Jeantes;61.5;
02392;Joncourt;112.4;
02393;Jouaignes;186.9;
02395;Jumencourt;112.8;
02396;Jumigny;315.1;
02397;Jussy;117;
02398;Juvigny;180.2;
02399;Juvincourt-et-Damary;157.3;
02400;Laffaux;137.3;
02401;Laigny;91;
02402;Lanchy;99.7;
02403;Landifay-et-Bertaignemont;136.7;
02404;Landouzy-la-Cour;111.9;
02405;Landouzy-la-Ville;74.9;
02406;Landricourt;106.9;
02407;Laniscourt;132.2;
02408;Laon;150.6;
02409;Lappion;100.4;
02410;Largny-sur-Automne;112.1;
02411;Latilly;202.5;
02412;Launoy;160.8;
02413;Laval-en-Laonnois;1.7;
02414;Lavaqueresse;166.4;
02415;Laversine;311.4;
02416;Lemé;147.1;
02417;Lempire;17;
02418;Lerzy;69.7;
02419;Leschelle;102.2;*
02420;Lesdins;129.6;
02421;Lesges;206.8;
02422;Lesquielles-Saint-Germain;158.5;
02423;Leuilly-sous-Coucy;89.8;
02424;Leury;181.2;
02425;Leuze;61.5;
02426;Levergies;185.7;
02427;Lhuys;157.2;
02428;Licy-Clignon;194.8;
02429;Lierval;247.4;
02430;Liesse-Notre-Dame;26.8;
02431;Liez;127.3;
02432;Limé;290.1;
02433;Lislet;119.9;
02435;Logny-lès-Aubenton;131;
02438;Longpont;162.7;
02439;Les Septvallons;156.3;
02440;Lor;113.8;
02441;Louâtre;217.1;
02442;Loupeigne;198.5;
02443;Lucy-le-Bocage;116.7;
02444;Lugny;183.8;
02445;Luzoir;60.5;
02446;Ly-Fontaine;132.1;
02447;Maast-et-Violaine;262.5;
02448;Mâchecourt;134.9;
02449;Macogny;272.6;
02450;Macquigny;153.6;
02451;Magny-la-Fosse;139.4;
02452;Maissemy;108.9;*
02453;Maizy;60.1;
02454;La Malmaison;178.3;
02455;Malzy;133.3;
02456;Manicamp;103.3;
02457;Marchais;287.3;
02458;Dhuys et Morin-en-Brie;97.8;
02459;Marcy;216.5;
02460;Marcy-sous-Marle;63.1;
02461;Marest-Dampcourt;63.7;
02462;Mareuil-en-Dôle;174.1;
02463;Marfontaine;179.4;
02464;Margival;N/A - division par 0;
02465;Marigny-en-Orxois;132.2;
02466;Marizy-Sainte-Geneviève;308.6;
02467;Marizy-Saint-Mard;251.1;
02468;Marle;164.6;
02469;Marly-Gomont;52.6;
02470;Martigny;105.1;
02471;Martigny-Courpierre;72;
02472;Mauregny-en-Haye;92.4;
02473;Mayot;120;
02474;Mennessis;107.1;
02476;Mennevret;173.4;*
02477;Mercin-et-Vaux;316.8;
02478;Merlieux-et-Fouquerolles;93.6;
02480;Mesbrecourt-Richecourt;189.6;
02481;Mesnil-Saint-Laurent;233.5;
02482;Meurival;N/A - division par 0;
02483;Mézières-sur-Oise;179.2;
02484;Mézy-Moulins;9.9;
02485;Missy-aux-Bois;280.4;
02486;Missy-lès-Pierrepont;408.1;
02487;Missy-sur-Aisne;78.5;
02488;Molain;81.5;
02489;Molinchart;222.9;
02490;Monampteuil;108.6;
02491;Monceau-le-Neuf-et-Faucouzy;158.3;
02492;Monceau-lès-Leups;121.4;
02493;Monceau-le-Waast;190.4;
02494;Monceau-sur-Oise;203.3;
02495;Mondrepuis;74.1;
02496;Monnes;360.4;
02497;Mons-en-Laonnois;59.3;*
02498;Montaigu;167.9;
02499;Montbavin;92.4;
02500;Montbrehain;62.8;
02501;Montchâlons;187.8;
02502;Montcornet;210.5;
02503;Mont-d'Origny;94.7;
02504;Montescourt-Lizerolles;96;
02505;Montfaucon;121.8;
02506;Montgobert;193.2;
02507;Montgru-Saint-Hilaire;329.2;
02508;Monthenault;275.8;
02509;Monthiers;N/A - division par 0;
02510;Monthurel;29.2;
02511;Montigny-en-Arrouaise;153;
02512;Montigny-l'Allier;151.1;
02513;Montigny-le-Franc;135.5;
02514;Montigny-Lengrain;109.4;
02515;Montigny-lès-Condé;232.7;
02516;Montigny-sous-Marle;152.3;
02517;Montigny-sur-Crécy;182.2;
02518;Montlevon;133.1;
02519;Montloué;178.3;
02520;Mont-Notre-Dame;102.9;
02521;Montreuil-aux-Lions;109.8;
02522;Mont-Saint-Jean;50.4;*
02523;Mont-Saint-Martin;220.3;
02524;Mont-Saint-Père;8.4;
02525;Morcourt;53.1;
02526;Morgny-en-Thiérache;82.1;
02527;Morsain;116.9;
02528;Mortefontaine;211.8;
02529;Mortiers;147.4;
02530;Moulins;68;
02531;Moussy-Verneuil;157.3;
02532;Moÿ-de-l'Aisne;133.7;
02533;Muret-et-Crouttes;88.8;*
02534;Muscourt;145;
02535;Nampcelles-la-Cour;139.2;
02536;Nampteuil-sous-Muret;107.1;
02537;Nanteuil-la-Fosse;252.9;
02538;Nanteuil-Notre-Dame;77;
02539;Nauroy;196.7;
02540;Nesles-la-Montagne;80;
02541;Neufchâtel-sur-Aisne;192.8;
02542;Neuflieux;92.2;
02543;Neuilly-Saint-Front;223;
02544;Neuve-Maison;87.3;
02545;La Neuville-Bosmont;165.6;
02546;La Neuville-en-Beine;219.1;
02547;La Neuville-Housset;243.3;
02548;La Neuville-lès-Dorengt;50.7;
02549;Neuville-Saint-Amand;115.9;
02550;Neuville-sur-Ailette;40.2;
02551;Neuville-sur-Margival;319.2;
02552;Neuvillette;133.4;
02553;Nizy-le-Comte;133.5;
02554;Nogentel;24.3;
02555;Nogent-l'Artaud;140.8;
02556;Noircourt;80.6;
02557;Noroy-sur-Ourcq;85.3;
02558;Le Nouvion-en-Thiérache;43.5;
02559;Nouvion-et-Catillon;148;
02560;Nouvion-le-Comte;69;
02561;Nouvion-le-Vineux;4.6;
02562;Nouvron-Vingré;159.7;
02563;Noyales;173.1;
02564;Noyant-et-Aconin;174.1;
02565;Œuilly;N/A - division par 0;
02566;Ognes;133.3;
02567;Ohis;68;
02568;Oigny-en-Valois;54.6;
02569;Oisy;113;
02570;Ollezy;269.2;
02571;Omissy;73.6;
02572;Orainville;156.7;
02573;Orgeval;347.4;
02574;Origny-en-Thiérache;91.2;
02575;Origny-Sainte-Benoite;98.3;
02576;Osly-Courtil;87.6;
02577;Ostel;142.2;
02578;Oulches-la-Vallée-Foulon;155.3;*
02579;Oulchy-la-Ville;137.3;
02580;Oulchy-le-Château;208.2;
02581;Paars;146.8;
02582;Paissy;281.2;
02583;Pancy-Courtecon;N/A - division par 0;
02584;Papleux;49.6;
02585;Parcy-et-Tigny;230.3;
02586;Parfondeval;129.6;
02587;Parfondru;156.7;
02588;Pargnan;N/A - division par 0;
02589;Pargny-Filain;229.6;
02590;Pargny-la-Dhuys;120.4;
02591;Pargny-les-Bois;50;*
02592;Parpeville;137.1;
02593;Pasly;142.4;
02594;Passy-en-Valois;253.5;
02595;Passy-sur-Marne;4.1;
02596;Pavant;2.9;
02598;Pernant;206.6;
02599;Pierremande;101.5;
02600;Pierrepont;253.8;
02601;Pignicourt;183.5;
02602;Pinon;N/A - division par 0;
02604;Pithon;N/A - division par 0;
02605;Pleine-Selve;186;
02606;Le Plessier-Huleu;209.7;
02607;Ploisy;358.6;
02608;Plomion;63;
02609;Ployart-et-Vaurseine;N/A - division par 0;
02610;Pommiers;268.5;
02612;Pont-Arcy;72.3;
02613;Pontavert;199.2;
02614;Pontru;141.7;
02615;Pontruet;90.8;
02616;Pont-Saint-Mard;159;
02617;Pouilly-sur-Serre;130.1;
02618;Prémont;70.2;
02619;Prémontré;73.7;
02620;Presles-et-Boves;36.9;
02621;Presles-et-Thierny;N/A - division par 0;
02622;Priez;235.7;
02623;Prisces;108.2;
02624;Proisy;173.5;
02625;Proix;163.7;
02626;Prouvais;163.8;
02627;Proviseux-et-Plesnoy;193.3;
02628;Puiseux-en-Retz;120.3;
02629;Puisieux-et-Clanlieu;128.3;
02631;Quierzy;89.8;
02632;Quincy-Basse;219.2;
02633;Quincy-sous-le-Mont;181.1;
02634;Raillimont;66.1;
02635;Ramicourt;103.5;
02636;Regny;86.5;
02637;Remaucourt;324.6;
02638;Remies;121.4;
02639;Remigny;153.9;
02640;Renansart;190.2;
02641;Renneval;50.1;
02642;Résigny;199.1;
02643;Ressons-le-Long;133.2;
02644;Retheuil;113.2;
02645;Reuilly-Sauvigny;6.2;
02647;Ribeauville;87.5;
02648;Ribemont;131.8;
02649;Rocourt-Saint-Martin;214.5;
02650;Rocquigny;84.6;
02651;Rogécourt;296.5;
02652;Rogny;138.7;
02653;Romeny-sur-Marne;21.2;
02654;Romery;69.4;
02655;Ronchères;143.5;
02656;Roucy;188.3;
02657;Rougeries;95.6;
02658;Roupy;218.4;
02659;Rouvroy;95.3;
02660;Rouvroy-sur-Serre;80.8;
02661;Royaucourt-et-Chailvet;1.5;
02662;Rozet-Saint-Albin;151.7;
02663;Rozières-sur-Crise;195.5;
02664;Rozoy-Bellevalle;101.5;
02665;Grand-Rozoy;166.7;
02666;Rozoy-sur-Serre;100.8;
02667;Saconin-et-Breuil;250.8;
02668;Sains-Richaumont;70.3;
02670;Saint-Algis;113.1;
02671;Saint-Aubin;268.6;
02672;Saint-Bandry;209.5;
02673;Saint-Christophe-à-Berry;143.5;
02674;Saint-Clément;98.2;
02675;Sainte-Croix;41.5;
02676;Saint-Erme-Outre-et-Ramecourt;119.2;
02677;Saint-Eugène;102.4;
02678;Sainte-Geneviève;104.2;
02679;Saint-Gengoulph;141.3;
02680;Saint-Gobain;49.8;*
02681;Saint-Gobert;58.3;
02682;Saint-Mard;129.1;
02683;Saint-Martin-Rivière;66.4;
02684;Saint-Michel;167.7;
02685;Saint-Nicolas-aux-Bois;N/A - division par 0;
02686;Saint-Paul-aux-Bois;57;
02687;Saint-Pierre-Aigle;128.3;
02688;Saint-Pierre-lès-Franqueville;140.9;
02689;Saint-Pierremont;128.2;
02690;Sainte-Preuve;162.5;
02691;Saint-Quentin;110.9;
02693;Saint-Rémy-Blanzy;200.3;
02694;Saint-Simon;163.7;
02695;Saint-Thibaut;135.9;
02696;Saint-Thomas;201.8;*
02697;Samoussy;259;
02698;Sancy-les-Cheminots;149.4;
02699;Saponay;491;
02701;Saulchery;3.8;
02702;Savy;143;
02703;Seboncourt;120.6;
02704;Selens;200;
02705;La Selve;115.9;
02706;Septmonts;N/A - division par 0;
02707;Septvaux;82.2;
02708;Sequehart;218.9;
02709;Serain;96;
02710;Seraucourt-le-Grand;945.6;
02711;Serches;147.5;
02712;Sergy;148.9;
02713;Seringes-et-Nesles;192.5;
02714;Sermoise;180.2;
02715;Serval;N/A - division par 0;
02716;Servais;N/A - division par 0;
02717;Séry-lès-Mézières;97.4;
02718;Silly-la-Poterie;N/A - division par 0;
02719;Sinceny;52.9;*
02720;Sissonne;139.5;
02721;Sissy;117.2;
02722;Soissons;198.4;
02723;Soize;193.5;
02724;Sommelans;188.8;
02725;Sommeron;66.8;
02726;Sommette-Eaucourt;118.4;
02727;Sons-et-Ronchères;169.9;
02728;Sorbais;71.1;
02729;Soucy;167.2;
02730;Soupir;200.5;
02731;Le Sourd;225.7;
02732;Surfontaine;110.7;
02734;Taillefontaine;115.1;
02735;Tannières;212.3;
02736;Tartiers;149.5;
02737;Tavaux-et-Pontséricourt;204.1;
02738;Tergnier;147.6;
02739;Terny-Sorny;138.2;
02740;Thenailles;90.4;
02741;Thenelles;71.1;
02742;Thiernu;221.3;
02743;Le Thuel;164.1;
02744;Torcy-en-Valois;132.7;
02745;Toulis-et-Attencourt;196.4;
02746;Travecy;179.4;
02747;Trefcon;214.1;
02748;Trélou-sur-Marne;6.3;
02749;Troësnes;163.7;
02750;Trosly-Loire;162.6;
02751;Trucy;64.6;
02752;Tugny-et-Pont;104.8;
02753;Tupigny;163.7;
02754;Ugny-le-Gay;53.1;
02755;Urcel;N/A - division par 0;
02756;Urvillers;62.9;
02757;Vadencourt;83.5;
02758;Vailly-sur-Aisne;158.9;
02759;La Vallée-au-Blé;88.2;*
02760;La Vallée-Mulâtre;112.2;
02761;Variscourt;105.3;
02762;Vassens;85.7;
02763;Vasseny;N/A - division par 0;
02764;Vassogne;61.1;
02765;Vaucelles-et-Beffecourt;66.8;
02766;Vaudesson;182.9;
02767;Vauxrezis;59.4;
02768;Vauxaillon;81.8;
02769;Vaux-Andigny;117.7;
02770;Vauxbuin;199;
02772;Vaux-en-Vermandois;147.8;
02773;Vauxtin;32;
02774;Vendelles;173.7;
02775;Vendeuil;191.9;
02776;Vendhuile;123.9;
02777;Vendières;231.5;
02778;Vendresse-Beaulne;178.6;
02779;Vénérolles;62;
02780;Venizel;150.3;
02781;Verdilly;27.1;
02782;Le Verguier;157.5;
02783;Grand-Verly;44.7;
02784;Petit-Verly;120.3;
02785;Vermand;155.9;
02786;Verneuil-sous-Coucy;7;
02787;Verneuil-sur-Serre;118.9;
02788;Versigny;68.6;
02789;Vervins;133;
02790;Vesles-et-Caumont;159.8;
02791;Veslud;N/A - division par 0;
02792;Veuilly-la-Poterie;114.7;
02793;Vézaponin;151.3;
02794;Vézilly;16.6;
02795;Vic-sur-Aisne;N/A - division par 0;
02796;Vichel-Nanteuil;150.2;
02797;Viel-Arcy;11.6;
02798;Viels-Maisons;190.4;
02799;Vierzy;236.8;
02800;Viffort;128.6;
02801;Vigneux-Hocquet;100.9;
02802;La Ville-aux-Bois-lès-Dizy;235.3;
02803;La Ville-aux-Bois-lès-Pontavert;376.6;
02804;Villemontoire;177.3;
02805;Villeneuve-Saint-Germain;133.1;
02806;Villeneuve-sur-Fère;57.9;
02807;Villequier-Aumont;92.9;
02808;Villeret;248.7;
02809;Villers-Agron-Aiguizy;239.2;
02810;Villers-Cotterêts;155;
02812;Villers-Hélon;170;
02813;Villers-le-Sec;148.2;
02814;Villers-lès-Guise;96.4;
02815;Villers-Saint-Christophe;218.8;
02816;Villers-sur-Fère;197;
02817;Ville-Savoye;N/A - division par 0;
02818;Villiers-Saint-Denis;3.1;
02819;Vincy-Reuil-et-Magny;142.6;
02820;Viry-Noureuil;93;
02821;Vivaise;351.8;
02822;Vivières;202.5;
02823;Voharies;159.2;
02824;Vorges;N/A - division par 0;
02826;Voulpaix;127.8;
02827;Voyenne;213.4;
02828;Vregny;117.2;
02829;Vuillery;N/A - division par 0;
02830;Wassigny;70.2;
02831;Watigny;64.8;
02832;Wiège-Faty;91;
02833;Wimy;110.1;
02834;Wissignicourt;255.2;
03001;Abrest;19.8;
03002;Agonges;109.2;
03003;Ainay-le-Château;108.9;
03004;Andelaroche;136.5;
03005;Archignat;136.7;
03006;Arfeuilles;73.8;
03007;Arpheuilles-Saint-Priest;146.7;
03008;Arronnes;56.7;
03009;Aubigny;108.1;
03010;Audes;98.2;
03011;Aurouër;112.2;
03012;Autry-Issards;83.8;
03013;Avermes;48.2;
03014;Avrilly;107.2;
03015;Bagneux;101.1;
03016;Barberier;153.8;
03017;Barrais-Bussolles;82.2;
03018;Bayet;92.9;
03019;Beaulon;126.8;
03020;Beaune-d'Allier;74.1;
03021;Bègues;58.2;
03022;Bellenaves;96.6;
03023;Bellerive-sur-Allier;25.5;
03024;Bert;106.2;
03025;Bessay-sur-Allier;167.9;
03026;Besson;149.7;
03027;Bézenet;84.3;
03028;Billezois;83.5;
03029;Billy;100.2;
03030;Biozat;46.9;*
03031;Bizeneuille;154.6;
03032;Blomard;100.5;
03033;Bost;83.3;
03034;Boucé;134.5;
03035;Le Bouchaud;123.5;
03036;Bourbon-l'Archambault;95.4;
03037;Braize;57.5;
03038;Bransat;69.4;
03039;Bresnay;95.6;
03040;Bressolles;104.8;
03041;Le Brethon;93.3;
03042;Le Breuil;88.2;
03043;Broût-Vernet;67.6;
03044;Brugheas;127.8;
03045;Busset;72.4;
03046;Buxières-les-Mines;135.7;
03047;La Celle;102.1;
03048;Cérilly;85.4;
03049;Cesset;69.3;
03050;La Chabanne;52.1;
03051;Chambérat;133.7;
03052;Chamblet;136;
03053;Chantelle;223.3;
03054;Chapeau;124.7;
03055;La Chapelaude;118.3;
03056;La Chapelle;66.8;
03057;La Chapelle-aux-Chasses;93;
03058;Chappes;111.7;
03059;Chareil-Cintrat;92.3;
03060;Charmeil;83.5;
03061;Charmes;86.6;
03062;Charroux;105.6;
03063;Chassenard;112.3;
03064;Château-sur-Allier;131.4;
03065;Châtel-de-Neuvre;90.6;
03066;Châtel-Montagne;55.3;
03067;Châtelperron;96.8;
03068;Châtelus;101.2;
03069;Châtillon;111.2;
03070;Chavenon;167.1;
03071;Chavroches;112.6;
03072;Chazemais;113.7;
03073;Chemilly;128;
03074;Chevagnes;142.6;
03075;Chezelle;131.6;
03076;Chézy;205.6;
03077;Chirat-l'Église;107.5;
03078;Chouvigny;74.7;
03079;Cindré;190.2;
03080;Cognat-Lyonne;133.2;
03081;Colombier;77.5;
03082;Commentry;48.4;
03083;Contigny;161.5;
03084;Cosne-d'Allier;68.1;
03085;Coulandon;71.4;
03086;Coulanges;206.2;
03087;Couleuvre;112.1;
03088;Courçais;95.3;
03089;Coutansouze;119.1;
03090;Couzon;166.8;
03091;Créchy;79.8;
03092;Cressanges;120.4;
03093;Creuzier-le-Neuf;53.4;
03094;Creuzier-le-Vieux;79.4;*
03095;Cusset;70.9;
03096;Deneuille-lès-Chantelle;85.6;
03097;Deneuille-les-Mines;125.5;
03098;Désertines;N/A - division par 0;
03099;Deux-Chaises;120.3;
03100;Diou;143.7;
03101;Domérat;99.5;
03102;Dompierre-sur-Besbre;120;
03103;Le Donjon;117.3;
03104;Doyet;129.6;
03105;Droiturier;30.8;
03106;Durdat-Larequille;106.3;
03107;Ébreuil;115.5;
03108;Échassières;90.5;
03109;Escurolles;118.3;
03110;Espinasse-Vozelle;61.1;
03111;Estivareilles;111.5;
03112;Étroussat;142.9;
03113;Ferrières-sur-Sichon;74.6;
03114;La Ferté-Hauterive;173.6;
03115;Fleuriel;125.9;
03116;Fourilles;403.5;
03117;Franchesse;96.5;
03118;Gannat;66.2;
03119;Gannay-sur-Loire;188.7;
03120;Garnat-sur-Engièvre;105.7;
03121;Gennetines;130.8;
03122;Gipcy;137.6;
03124;Gouise;126.4;
03125;La Guillermie;105.9;
03126;Hauterive;147.5;*
03127;Hérisson;106.4;
03128;Huriel;65.8;
03129;Hyds;86.7;
03130;Isle-et-Bardais;102.3;
03131;Isserpent;119.1;
03132;Jaligny-sur-Besbre;78.3;
03133;Jenzat;105.6;
03134;Laféline;127;
03135;Lalizolle;66.9;
03136;Lamaids;78.8;
03137;Langy;99.9;
03138;Lapalisse;100.2;
03139;Laprugne;71;
03140;Lavault-Sainte-Anne;79.1;
03141;Lavoine;35.4;
03142;Lenax;80.6;
03143;Lételon;162.6;
03144;Liernolles;138.4;
03145;Lignerolles;80.6;
03146;Limoise;116.1;
03147;Loddes;101.4;
03148;Loriges;96.5;
03149;Louchy-Montfand;103.5;
03150;Louroux-Bourbonnais;102.2;
03151;Louroux-de-Beaune;89.1;
03152;Louroux-de-Bouble;110.3;
03154;Luneau;124.9;
03155;Lurcy-Lévis;160.1;
03156;Lusigny;112.3;
03157;Magnet;39;
03158;Haut-Bocage;139.5;
03159;Malicorne;211.8;
03160;Marcenat;144.6;
03161;Marcillat-en-Combraille;141.5;
03162;Marigny;81.8;
03163;Mariol;94.5;
03164;Le Mayet-d'École;117.9;
03165;Le Mayet-de-Montagne;88.9;
03166;Mazerier;94;
03167;Mazirat;141.2;
03168;Meaulne-Vitray;93.7;
03169;Meillard;131.9;
03170;Meillers;142.8;
03171;Mercy;132.1;
03172;Mesples;141.2;
03173;Molinet;176.9;
03174;Molles;83.4;
03175;Monestier;75.2;
03176;Monétay-sur-Allier;127;
03177;Monétay-sur-Loire;140.1;
03178;Montaiguët-en-Forez;126.9;
03179;Montaigu-le-Blin;126.7;
03180;Montbeugny;91.8;
03181;Montcombroux-les-Mines;131.4;
03182;Monteignet-sur-l'Andelot;108.8;
03183;Le Montet;70.2;
03184;Montilly;111.2;
03185;Montluçon;2.9;
03186;Montmarault;201.9;
03187;Montoldre;89.8;
03188;Montord;112.7;
03189;Montvicq;163.2;
03190;Moulins;128.4;
03191;Murat;115.6;
03192;Nades;98.7;
03193;Nassigny;125.8;
03194;Naves;24.4;
03195;Néris-les-Bains;123.5;
03196;Neuilly-en-Donjon;135.4;
03197;Neuilly-le-Réal;180.1;
03198;Neure;95.7;
03200;Neuvy;58.3;
03201;Nizerolles;109.2;
03202;Noyant-d'Allier;129.7;
03203;Paray-le-Frésil;120.3;
03204;Paray-sous-Briailles;185.7;
03205;Périgny;106.1;
03206;La Petite-Marche;78.1;
03207;Pierrefitte-sur-Loire;170.8;
03208;Le Pin;80.1;
03209;Poëzat;153.8;
03210;Pouzy-Mésangy;114.9;
03211;Prémilhat;93.5;
03212;Quinssaines;113.5;
03213;Reugny;166.7;
03214;Rocles;150.6;
03215;Rongères;117.8;
03216;Ronnet;122.3;
03217;Saint-Angel;136.9;
03218;Saint-Aubin-le-Monial;106.6;
03219;Saint-Bonnet-de-Four;113.5;
03220;Saint-Bonnet-de-Rochefort;77.1;
03221;Saint-Bonnet-Tronçais;115;
03222;Saint-Caprais;279.4;
03223;Saint-Christophe;105.1;
03224;Saint-Clément;52.6;
03225;Saint-Désiré;110.7;
03226;Saint-Didier-en-Donjon;154.9;
03227;Saint-Didier-la-Forêt;88.7;
03228;Saint-Éloy-d'Allier;83.2;
03229;Saint-Ennemond;127.4;
03230;Saint-Étienne-de-Vicq;175.9;
03231;Saint-Fargeol;98.8;
03232;Saint-Félix;177.3;
03233;Saint-Genest;65.6;
03234;Saint-Gérand-de-Vaux;115.2;
03235;Saint-Gérand-le-Puy;137;
03236;Saint-Germain-des-Fossés;97.1;
03237;Saint-Germain-de-Salles;108.6;
03238;Saint-Hilaire;56.9;
03239;Saint-Léger-sur-Vouzance;90.4;
03240;Saint-Léon;99.3;
03241;Saint-Léopardin-d'Augy;95.5;
03242;Saint-Loup;91.9;
03243;Saint-Marcel-en-Murat;91.6;
03244;Saint-Marcel-en-Marcillat;91;
03245;Saint-Martin-des-Lais;152.7;
03246;Saint-Martinien;72.4;
03247;Saint-Menoux;68.7;
03248;Saint-Nicolas-des-Biefs;22.4;
03249;Saint-Palais;132.9;
03250;Saint-Pierre-Laval;74.8;
03251;Saint-Plaisir;125.8;
03252;Saint-Pont;61.4;
03253;Saint-Pourçain-sur-Besbre;83.3;
03254;Saint-Pourçain-sur-Sioule;74.2;
03255;Saint-Priest-d'Andelot;79.6;
03256;Saint-Priest-en-Murat;94.4;
03257;Saint-Prix;83.6;
03258;Saint-Rémy-en-Rollat;71.3;
03259;Saint-Sauvier;87.5;
03260;Saint-Sornin;107.1;
03261;Sainte-Thérence;127.8;
03262;Saint-Victor;154.9;
03263;Saint-Voir;108.5;
03264;Saint-Yorre;35;
03265;Saligny-sur-Roudon;113.5;
03266;Sanssat;196.3;
03267;Saulcet;93.8;
03268;Saulzet;102.7;
03269;Sauvagny;140.6;
03270;Sazeret;150.4;
03271;Serbannes;66.3;
03272;Servilly;83;
03273;Seuillet;47.8;
03274;Sorbier;189.1;
03275;Souvigny;96.8;
03276;Sussat;102.2;
03277;Target;145.7;
03278;Taxat-Senat;137.4;
03279;Teillet-Argenty;102.6;
03280;Terjat;167.6;
03281;Le Theil;161.9;
03282;Theneuille;86.2;
03283;Thiel-sur-Acolin;130;
03284;Thionne;92.1;
03285;Tortezais;101.7;
03286;Toulon-sur-Allier;86.6;
03287;Treban;107.4;
03288;Treignat;154.9;
03289;Treteau;88.7;
03290;Trévol;87;
03291;Trézelles;125.8;
03292;Tronget;82;
03293;Urçay;101.2;
03294;Ussel-d'Allier;143.2;
03295;Valignat;18.3;
03296;Valigny;89.1;
03297;Vallon-en-Sully;144.5;
03298;Varennes-sur-Allier;194.7;
03299;Varennes-sur-Tèche;140.9;
03300;Vaumas;107.5;
03301;Vaux;121.2;
03302;Veauce;53.3;
03303;Venas;162.2;
03304;Vendat;102.5;
03305;Verneix;130.6;
03306;Le Vernet;105.7;
03307;Verneuil-en-Bourbonnais;133.8;
03308;Vernusse;115.1;
03309;Le Veurdre;181;
03310;Vichy;N/A - division par 0;
03311;Vicq;124.4;
03312;Vieure;123.4;
03313;Le Vilhain;94.8;
03314;Villebret;102.2;
03315;Villefranche-d'Allier;136.7;
03316;Villeneuve-sur-Allier;119.7;
03317;Viplaix;126.6;
03319;Voussac;89.3;
03320;Ygrande;114.2;
03321;Yzeure;104.2;
04001;Aiglun;62.5;
04004;Allemagne-en-Provence;84.6;
04005;Allons;382;
04006;Allos;245.9;
04007;Angles;187;
04008;Annot;164;
04009;Archail;N/A - division par 0;
04012;Aubenas-les-Alpes;67.4;
04013;Aubignosc;119.3;
04016;Authon;113.8;
04017;Auzet;99.8;
04018;Banon;82.4;
04019;Barcelonnette;154;
04020;Barles;212.7;
04021;Barras;70.1;
04022;Barrême;129.9;
04023;Bayons;131.8;
04024;Beaujeu;100.8;
04025;Beauvezer;225.4;
04026;Bellaffaire;86.3;
04027;Bevons;76.7;
04028;Beynes;65.1;
04030;Blieux;150.1;
04031;Bras-d'Asse;100.1;
04032;Braux;3;
04033;Ubaye-Serre-Ponçon;94.6;
04034;La Brillanne;24.2;
04035;Brunet;140.6;
04036;Le Brusquet;42.4;
04037;Le Caire;80.1;
04039;Castellane;103.9;
04040;Le Castellard-Mélan;80.9;
04041;Le Castellet;74.2;
04042;Castellet-lès-Sausses;49.4;
04043;Val-de-Chalvagne;3;
04045;Céreste;73.9;
04046;Le Chaffaut-Saint-Jurson;116.8;
04047;Champtercier;140.3;
04049;Château-Arnoux-Saint-Auban;44.3;
04050;Châteaufort;78.9;
04051;Châteauneuf-Miravail;63.5;
04053;Châteauneuf-Val-Saint-Donat;93.4;
04054;Châteauredon;10.2;
04055;Chaudon-Norante;130.2;
04057;Clamensane;49.6;
04058;Claret;68.3;*
04059;Clumanc;106.5;
04061;Colmars;82.9;
04062;La Condamine-Châtelard;96.9;
04063;Corbières-en-Provence;143.1;
04065;Cruis;47.5;
04066;Curbans;30.3;
04067;Curel;104.8;
04068;Dauphin;128.3;
04069;Demandolx;11.7;
04070;Digne-les-Bains;79.3;
04072;Draix;864.4;
04073;Enchastrayes;71.2;
04074;Entrages;301.8;
04075;Entrepierres;53.5;
04076;Entrevaux;39;
04077;Entrevennes;83.6;
04079;L'Escale;58.6;
04081;Esparron-de-Verdon;64.8;
04084;Estoublon;19.4;
04085;Faucon-du-Caire;142;
04086;Faucon-de-Barcelonnette;55.3;
04087;Fontienne;25.6;
04088;Forcalquier;44.1;
04090;Le Fugeret;58.6;
04091;Ganagobie;124.9;
04092;La Garde;23.8;
04093;Gigors;23.8;*
04094;Gréoux-les-Bains;48.4;
04095;L'Hospitalet;25.5;
04096;Jausiers;64.3;
04097;La Javie;97.8;
04099;Lambruisse;232.9;
04101;Lardiers;116.1;
04102;Le Lauzet-Ubaye;105.1;
04104;Limans;160.5;
04106;Lurs;46.3;
04107;Majastres;68.5;*
04108;Malijai;25.3;
04109;Mallefougasse-Augès;108.7;
04110;Mallemoisson;80.5;
04111;Mane;57.5;
04112;Manosque;19.9;
04113;Marcoux;72.3;
04115;Méailles;14.1;
04116;Les Mées;31.7;
04118;Melve;76.7;
04120;Val d'Oronaye;222.4;
04121;Mézel;49.8;
04122;Mirabeau;60;
04123;Mison;62.2;
04124;Montagnac-Montpezat;105.2;
04126;Montclar;58.6;
04127;Montfort;N/A - division par 0;
04128;Montfuron;59.3;*
04129;Montjustin;209.6;
04130;Montlaux;66.5;*
04132;Montsalier;82.9;
04133;Moriez;90.4;
04134;La Motte-du-Caire;27.8;
04135;Moustiers-Sainte-Marie;80.8;
04136;La Mure-Argens;55.5;
04137;Nibles;73;
04138;Niozelles;72.4;
04139;Noyers-sur-Jabron;187.2;
04140;Les Omergues;39.1;
04141;Ongles;85.1;*
04142;Oppedette;12.6;*
04143;Oraison;53.9;
04144;La Palud-sur-Verdon;116.2;
04145;Peipin;39.7;
04148;Peyroules;60.6;
04149;Peyruis;41.1;
04150;Piégut;51.5;
04151;Pierrerue;71.2;
04152;Pierrevert;68.3;
04154;Pontis;67.3;
04155;Prads-Haute-Bléone;152.9;
04156;Puimichel;65.9;
04157;Puimoisson;86.9;
04158;Quinson;46.7;
04159;Redortiers;96.9;
04160;Reillanne;78.6;
04161;Méolans-Revel;31.1;
04162;Revest-des-Brousses;81;
04163;Revest-du-Bion;125.6;
04164;Revest-Saint-Martin;143;
04166;Riez;108.2;
04167;La Robine-sur-Galabre;50;
04169;La Rochegiron;78.9;
04170;La Rochette;148.3;
04171;Rougon;0.1;
04172;Roumoules;81.3;
04173;Saint-André-les-Alpes;30.1;
04174;Saint-Benoît;83.5;*
04175;Sainte-Croix-à-Lauze;78.1;
04176;Sainte-Croix-du-Verdon;69.6;
04177;Hautes-Duyes;85.6;*
04178;Saint-Étienne-les-Orgues;75.8;
04179;Saint-Geniez;92.2;
04180;Saint-Jacques;56.2;
04181;Saint-Jeannet;150.7;
04182;Saint-Julien-d'Asse;61.9;
04183;Saint-Julien-du-Verdon;192;
04184;Saint-Jurs;123.6;
04186;Saint-Laurent-du-Verdon;74.5;
04187;Saint-Lions;265;
04188;Saint-Maime;27.7;*
04189;Saint-Martin-de-Brômes;73.2;
04190;Saint-Martin-les-Eaux;71.5;
04191;Saint-Martin-lès-Seyne;132.8;
04192;Saint-Michel-l'Observatoire;56.3;
04193;Saint-Paul-sur-Ubaye;73;
04194;Saint-Pierre;155.3;
04195;Saint-Pons;160.4;
04197;Sainte-Tulle;59.5;
04199;Saint-Vincent-sur-Jabron;85.4;
04200;Salignac;88.4;
04201;Saumane;127.3;
04202;Sausses;58.8;
04203;Selonnet;69.4;
04204;Senez;141.5;
04205;Seyne;98.9;
04206;Sigonce;40.1;
04207;Sigoyer;114;
04208;Simiane-la-Rotonde;82.2;
04209;Sisteron;80.6;
04210;Soleilhas;53.3;
04211;Sourribes;46.2;
04214;Tartonne;220.8;*
04216;Thèze;74.9;
04217;Thoard;100.3;
04218;Thorame-Basse;90.6;
04219;Thorame-Haute;92;
04220;Les Thuiles;93.6;
04222;Turriers;86.9;
04224;Ubraye;94.2;
04226;Uvernet-Fours;174.9;
04227;Vachères;60.6;
04228;Valavoire;294.3;
04229;Valbelle;124.2;
04230;Valensole;64.7;
04231;Valernes;53;
04233;Vaumeilh;71.3;
04234;Venterol;37.6;
04235;Verdaches;0.8;
04236;Vergons;80.5;
04237;Le Vernet;56.8;
04240;Villars-Colmars;41;
04241;Villemus;66;
04242;Villeneuve;37.6;
04244;Volonne;34.1;
04245;Volx;29;
05001;Abriès-Ristolas;81.5;
05003;Aiguilles;56.2;
05004;Ancelle;36.5;
05006;L'Argentière-la-Bessée;31.6;
05007;Arvieux;39.2;
05008;Aspremont;68.4;
05009;Aspres-lès-Corps;92.8;
05010;Aspres-sur-Buëch;92;
05011;Avançon;42.6;
05012;Baratier;22;
05013;Barcillonnette;31.7;
05014;Barret-sur-Méouge;29.8;
05016;La Bâtie-Montsaléon;56.3;
05017;La Bâtie-Neuve;63.8;
05018;La Bâtie-Vieille;91.2;
05019;La Beaume;95.5;
05021;Le Bersac;78.8;
05022;Bréziers;29.7;
05023;Briançon;26.1;
05024;Valdoule;56;
05025;Buissard;58.2;
05026;Ceillac;157.7;
05027;Cervières;76.2;
05028;Chabestan;54.2;
05029;Chabottes;37.6;
05031;Champcella;78.4;
05032;Champoléon;64.7;
05033;Chanousse;38;
05035;Châteauneuf-d'Oze;200.6;
05036;Châteauroux-les-Alpes;56.7;
05037;Châteauvieux;26.7;
05038;Château-Ville-Vieille;77.8;
05039;Aubessagne;67.8;
05040;Chorges;55.9;
05044;Crévoux;131.4;
05045;Crots;50.5;
05046;Embrun;49.1;
05047;Éourres;127.8;
05048;L'Épine;77.3;
05049;Esparron;69.4;
05050;Espinasses;25.7;
05051;Étoile-Saint-Cyrice;80.5;
05052;Eygliers;51.8;
05053;Garde-Colombe;46.6;
05054;La Fare-en-Champsaur;80.8;
05055;La Faurie;94.2;
05056;Forest-Saint-Julien;61.7;
05057;Fouillouse;35.3;
05058;Freissinières;115.6;
05059;La Freissinouse;68.1;
05060;Furmeyer;53.8;
05061;Gap;49;
05062;Le Glaizil;80.5;
05063;La Grave;43.1;
05064;La Chapelle-en-Valgaudémar;38.9;
05065;Guillestre;50;
05066;La Haute-Beaume;2.3;
05068;Jarjayes;46.4;
05070;Laragne-Montéglin;31;
05071;Lardier-et-Valença;36.9;
05072;Laye;63.4;
05073;Lazer;58.4;
05074;Lettret;10.9;
05075;Manteyer;124.8;
05076;Méreuil;73.9;
05077;Molines-en-Queyras;72.8;
05078;Monêtier-Allemont;24.5;
05079;Le Monêtier-les-Bains;42.1;
05080;Montbrand;78.4;
05081;Montclus;164.9;
05082;Mont-Dauphin;10.1;
05084;Montgardin;34;
05085;Montgenèvre;7.4;*
05086;Montjay;75.7;
05087;Montmaur;55.7;
05089;Montrond;44;
05090;La Motte-en-Champsaur;46.5;
05091;Moydans;93.1;
05092;Neffes;38.9;
05093;Névache;29.9;
05094;Nossage-et-Bénévent;31.7;
05095;Le Noyer;50.4;
05096;Orcières;49.7;
05097;Orpierre;95.9;
05098;Les Orres;110.5;
05099;Oze;125.9;
05100;Pelleautier;63.3;
05101;Vallouise-Pelvoux;77.9;
05102;La Piarre;81.2;*
05103;Le Poët;39.5;
05104;Poligny;32.1;
05106;Prunières;82.5;
05107;Puy-Saint-André;68.8;
05108;Puy-Saint-Eusèbe;28.8;
05109;Puy-Saint-Pierre;133.2;
05110;Puy-Saint-Vincent;N/A - division par 0;
05111;Puy-Sanières;34;
05112;Rabou;152.7;*
05113;Rambaud;80.5;
05114;Réallon;54.1;
05115;Remollon;24.2;
05116;Réotier;27.2;
05117;Ribeyret;93.7;
05118;Val Buëch-Méouge;49.1;
05119;Risoul;47.6;
05121;Rochebrune;15;
05122;La Roche-de-Rame;44.5;
05123;La Roche-des-Arnauds;59.7;
05124;La Rochette;69;
05126;Rosans;69;
05127;Rousset;41.6;
05128;Saint-André-d'Embrun;40.7;
05129;Saint-André-de-Rosans;79.6;
05130;Saint-Apollinaire;5.8;
05131;Saint-Auban-d'Oze;42.3;
05132;Saint-Bonnet-en-Champsaur;66.7;
05133;Saint-Chaffrey;26.7;
05134;Saint-Clément-sur-Durance;40;
05135;Sainte-Colombe;27.9;
05136;Saint-Crépin;51.2;
05139;Dévoluy;89.1;
05140;Saint-Étienne-le-Laus;61.1;
05142;Saint-Firmin;119.4;
05144;Saint-Jacques-en-Valgodemard;45.8;
05145;Saint-Jean-Saint-Nicolas;55.4;
05146;Saint-Julien-en-Beauchêne;61.7;
05147;Saint-Julien-en-Champsaur;59.9;
05148;Saint-Laurent-du-Cros;73.2;
05149;Saint-Léger-les-Mélèzes;49.6;
05151;Saint-Martin-de-Queyrières;53;
05152;Saint-Maurice-en-Valgodemard;6.6;
05153;Saint-Michel-de-Chaillol;91;
05154;Saint-Pierre-d'Argençon;66;
05155;Saint-Pierre-Avez;132.7;
05156;Saint-Sauveur;60.1;
05157;Saint-Véran;109.5;
05158;Le Saix;20.8;
05159;Saléon;30.4;
05160;Salérans;51.1;
05161;La Salle-les-Alpes;25.2;
05162;La Saulce;10.2;
05163;Le Sauze-du-Lac;50;
05164;Savines-le-Lac;71.5;
05165;Savournon;74.7;
05166;Serres;53.9;
05167;Sigottier;70.3;
05168;Sigoyer;60;
05169;Sorbiers;154.7;
05170;Tallard;34.1;
05171;Théus;21.4;
05172;Trescléoux;48.8;
05173;Upaix;65.9;
05174;Val-des-Prés;47;
05176;Valserres;10.6;
05177;Vars;63.4;
05178;Ventavon;38.6;
05179;Veynes;52.4;
05180;Les Vigneaux;25.6;
05181;Villar-d'Arêne;51.6;
05182;Villar-Loubière;41.7;
05183;Villar-Saint-Pancrace;45.1;
05184;Vitrolles;33.4;
06001;Aiglun;N/A - division par 0;
06002;Amirat;30.9;
06003;Andon;81.5;
06004;Antibes;0.6;
06005;Ascros;48.7;
06006;Aspremont;34.7;
06007;Auribeau-sur-Siagne;2.7;
06008;Auvare;380.7;
06009;Bairols;14.8;*
06010;Le Bar-sur-Loup;1;
06011;Beaulieu-sur-Mer;0.2;
06012;Beausoleil;N/A - division par 0;
06013;Belvédère;149;
06014;Bendejun;21.3;
06015;Berre-les-Alpes;1.6;
06016;Beuil;79.9;
06017;Bézaudun-les-Alpes;46.2;*
06018;Biot;0.8;
06019;Blausasc;0.9;
06020;La Bollène-Vésubie;112.4;
06021;Bonson;1.3;*
06022;Bouyon;153.7;
06023;Breil-sur-Roya;56.3;
06024;Briançonnet;38.5;
06025;Le Broc;18.2;
06026;Cabris;32.3;
06027;Cagnes-sur-Mer;0.4;
06028;Caille;83.7;
06029;Cannes;8;
06030;Le Cannet;27.9;
06031;Cantaron;4.5;
06032;Cap-d'Ail;N/A - division par 0;
06033;Carros;18.6;
06034;Castagniers;2.5;
06035;Castellar;41.5;
06036;Castillon;N/A - division par 0;
06037;Caussols;63.5;
06038;Châteauneuf-Grasse;27.9;
06039;Châteauneuf-Villevieille;40.9;*
06040;Châteauneuf-d'Entraunes;52.1;
06041;Cipières;88.5;
06042;Clans;46;
06043;Coaraze;10.3;
06044;La Colle-sur-Loup;1.2;
06045;Collongues;51.6;
06046;Colomars;1.3;
06047;Conségudes;N/A - division par 0;
06048;Contes;25.9;
06049;Courmes;14.1;
06050;Coursegoules;247.3;
06051;La Croix-sur-Roudoule;164.5;*
06052;Cuébris;82.2;
06053;Daluis;84.1;
06054;Drap;0.7;
06055;Duranus;N/A - division par 0;
06056;Entraunes;37.8;
06057;L'Escarène;10.4;
06058;Escragnolles;128.3;
06059;Èze;0.6;
06060;Falicon;2;
06061;Les Ferres;0.8;
06062;Fontan;233.8;
06063;Gars;29.8;
06064;Gattières;1.3;
06065;La Gaude;7.1;
06066;Gilette;2.5;
06067;Gorbio;8.7;
06068;Gourdon;204.5;
06069;Grasse;3.9;
06070;Gréolières;58;
06071;Guillaumes;76.2;
06072;Ilonse;153.9;
06073;Isola;146.1;
06074;Lantosque;52.1;
06075;Levens;19.7;
06076;Lieuche;80.5;
06077;Lucéram;21.6;
06078;Malaussène;31.4;
06079;Mandelieu-la-Napoule;12.2;
06080;Marie;2.8;
06081;Le Mas;92.7;
06082;Massoins;N/A - division par 0;
06083;Menton;13;
06084;Mouans-Sartoux;2.3;
06085;Mougins;1.5;
06086;Moulinet;100.6;
06087;Les Mujouls;N/A - division par 0;
06088;Nice;1.9;
06089;Opio;3.6;
06090;Pégomas;5.3;
06091;Peille;42.3;
06092;Peillon;N/A - division par 0;
06093;La Penne;41.7;
06094;Péone;30.1;
06095;Peymeinade;2.1;
06096;Pierlas;135.3;
06097;Pierrefeu;3.8;
06098;Puget-Rostang;13.7;
06099;Puget-Théniers;50.5;
06100;Revest-les-Roches;0.3;
06101;Rigaud;65.7;
06102;Rimplas;195.8;
06103;Roquebillière;101.5;
06104;Roquebrune-Cap-Martin;2.8;
06105;Roquefort-les-Pins;0.3;
06106;Roquestéron;0.8;*
06107;La Roque-en-Provence;30.9;*
06108;La Roquette-sur-Siagne;4.6;
06109;La Roquette-sur-Var;0.3;
06110;Roubion;30;*
06111;Roure;189.1;
06112;Le Rouret;2.6;
06113;Sainte-Agnès;46.4;*
06114;Saint-André-de-la-Roche;0.3;
06115;Saint-Antonin;57.6;
06116;Saint-Auban;83.3;
06117;Saint-Blaise;1.8;*
06118;Saint-Cézaire-sur-Siagne;16.9;
06119;Saint-Dalmas-le-Selvage;193.2;*
06120;Saint-Étienne-de-Tinée;107.8;
06121;Saint-Jean-Cap-Ferrat;N/A - division par 0;
06122;Saint-Jeannet;21.7;
06123;Saint-Laurent-du-Var;1.1;
06124;Saint-Léger;12;
06125;Saint-Martin-d'Entraunes;62.8;
06126;Saint-Martin-du-Var;0.8;
06127;Saint-Martin-Vésubie;27.3;
06128;Saint-Paul-de-Vence;1.2;
06129;Saint-Sauveur-sur-Tinée;136.5;
06130;Saint-Vallier-de-Thiey;101.3;
06131;Sallagriffon;54.4;
06132;Saorge;87.3;
06133;Sauze;108;
06134;Séranon;87.5;
06135;Sigale;35.5;
06136;Sospel;28.7;
06137;Spéracèdes;1.6;
06138;Théoule-sur-Mer;3;
06139;Thiéry;N/A - division par 0;
06140;Le Tignet;0.2;
06141;Toudon;N/A - division par 0;
06142;Touët-de-l'Escarène;103.9;
06143;Touët-sur-Var;2.8;
06144;La Tour;23.5;
06145;Tourette-du-Château;N/A - division par 0;
06146;Tournefort;58.2;
06147;Tourrette-Levens;4.1;
06148;Tourrettes-sur-Loup;44;
06149;La Trinité;2.4;
06150;La Turbie;2.6;
06151;Utelle;73.5;
06152;Valbonne;4.8;
06153;Valdeblore;99.1;
06154;Valderoure;64.5;
06155;Vallauris;0.6;
06156;Venanson;29.3;
06157;Vence;3.2;*
06158;Villars-sur-Var;1.9;
06159;Villefranche-sur-Mer;4.6;
06160;Villeneuve-d'Entraunes;109;
06161;Villeneuve-Loubet;0.8;
06162;La Brigue;66.1;
06163;Tende;65.9;
07001;Accons;27.8;
07002;Ailhon;5.7;
07003;Aizac;12.1;
07004;Ajoux;21.8;
07005;Alba-la-Romaine;17.2;
07006;Albon-d'Ardèche;76.4;
07007;Alboussière;39.7;
07008;Alissas;42.3;
07009;Andance;20.6;
07010;Annonay;28;
07011;Vallées-d'Antraigues-Asperjoc;26.3;
07012;Arcens;34.3;
07013;Ardoix;15.7;
07014;Arlebosc;19.8;
07015;Arras-sur-Rhône;17.9;
07017;Les Assions;38;
07018;Astet;N/A - division par 0;
07019;Aubenas;11.9;
07020;Aubignas;44.3;
07022;Baix;23.3;
07023;Balazuc;31.5;
07024;Banne;14.7;
07025;Barnas;12.7;
07026;Le Béage;73.1;
07027;Beauchastel;43.9;
07028;Beaulieu;35.6;
07029;Beaumont;7.5;
07030;Beauvène;30.6;
07031;Berrias-et-Casteljau;30.3;
07032;Berzème;158.8;
07033;Bessas;40.8;
07034;Bidon;46.9;*
07035;Boffres;34.5;
07036;Bogy;35.4;
07037;Borée;63;
07038;Borne;116.8;
07039;Bozas;29.5;
07040;Boucieu-le-Roi;38.9;
07041;Boulieu-lès-Annonay;24.3;
07042;Bourg-Saint-Andéol;41.1;
07044;Brossainc;65;
07045;Burzet;26.1;
07047;Cellier-du-Luc;144.5;
07048;Chalencon;28.7;
07049;Le Chambon;16.5;
07050;Chambonas;4.7;
07051;Champagne;18.1;
07052;Champis;43.8;
07053;Chandolas;34.1;
07054;Chanéac;41.7;
07055;Charmes-sur-Rhône;32.1;
07056;Charnas;18.7;
07058;Chassiers;8.8;
07059;Châteaubourg;19.4;
07060;Châteauneuf-de-Vernoux;24.3;
07061;Chauzon;53.8;
07062;Chazeaux;3.6;
07063;Cheminas;36.1;
07064;Le Cheylard;17.1;
07065;Chirols;27.7;*
07066;Chomérac;50.5;
07067;Colombier-le-Cardinal;53.2;
07068;Colombier-le-Jeune;31.1;
07069;Colombier-le-Vieux;31.7;
07070;Cornas;3.4;
07071;Coucouron;69.1;
07072;Coux;42.8;
07073;Le Crestet;16.3;
07074;Creysseilles;133.8;
07075;Cros-de-Géorand;66.6;
07076;Cruas;14.4;
07077;Darbres;59.9;
07078;Davézieux;26.1;*
07079;Désaignes;32.7;
07080;Devesset;50.8;
07081;Dompnac;3.7;*
07082;Dornas;124.5;
07083;Dunière-sur-Eyrieux;9.9;
07084;Eclassan;45.5;
07085;Empurany;26.1;
07086;Étables;33.7;
07087;Fabras;N/A - division par 0;
07088;Faugères;17.3;
07089;Félines;28.6;
07090;Flaviac;9.9;
07091;Fons;9;
07092;Freyssenet;82.4;
07093;Genestelle;30.7;
07094;Gilhac-et-Bruzac;24;
07095;Gilhoc-sur-Ormèze;47.8;
07096;Gluiras;53.4;
07097;Glun;15.9;
07098;Gourdon;66.3;
07099;Gras;48.9;
07100;Gravières;7.3;
07101;Grospierres;16.3;
07102;Guilherand-Granges;4.1;
07103;Saint-Julien-d'Intres;34.3;
07104;Issamoulenc;60.3;
07105;Issanlas;44;
07106;Issarlès;66;
07107;Jaujac;26.2;
07108;Jaunac;28.6;
07109;Joannas;13.4;
07110;Joyeuse;3.5;
07111;Juvinas;18.3;
07112;Labastide-sur-Bésorgues;16.5;
07113;Labastide-de-Virac;34.4;
07114;Labatie-d'Andaure;23.3;
07115;Labeaume;45.2;
07116;Labégude;N/A - division par 0;
07117;Lablachère;12;
07118;Laboule;7;
07119;Le Lac-d'Issarlès;39.3;
07120;Lachamp-Raphaël;23.9;
07121;Lachapelle-Graillouse;49.9;
07122;Lachapelle-sous-Aubenas;5.8;
07123;Lachapelle-sous-Chanéac;16.3;*
07124;Lafarre;101.4;
07126;Lagorce;39.5;
07127;Lalevade-d'Ardèche;5.3;
07128;Lalouvesc;32.5;
07129;Lamastre;28;
07130;Lanarce;63.6;
07131;Lanas;7;
07132;Largentière;6.4;
07133;Larnas;22.3;
07134;Laurac-en-Vivarais;14.7;
07136;Laveyrune;91.2;
07137;Lavillatte;60.2;
07138;Lavilledieu;11.2;
07139;Laviolle;107.8;
07140;Lemps;18.1;
07141;Lentillères;13.7;
07142;Lespéron;86.2;
07143;Limony;17.7;*
07144;Loubaresse;44.8;
07145;Lussas;10.6;
07146;Lyas;2;
07147;Malarce-sur-la-Thines;28.9;
07148;Malbosc;8.8;
07149;Marcols-les-Eaux;44.9;
07150;Mariac;32;
07151;Mars;62.2;
07152;Mauves;10.4;
07153;Mayres;2.2;
07154;Mazan-l'Abbaye;76.2;
07155;Mercuer;10;
07156;Meyras;4.6;
07157;Meysse;16.8;
07158;Mézilhac;64.3;
07159;Mirabel;41.8;
07160;Monestier;29.1;
07161;Montpezat-sous-Bauzon;36.3;
07162;Montréal;6.7;
07163;Montselgues;58.3;
07165;Belsentes;23.9;
07166;Nozières;19.9;
07167;Les Ollières-sur-Eyrieux;5.2;
07168;Orgnac-l'Aven;23.6;
07169;Ozon;7.6;
07170;Pailharès;14.2;
07171;Payzac;7.1;
07172;Peaugres;46.2;
07173;Péreyres;6.1;
07174;Peyraud;10.7;
07175;Le Plagnal;114.4;
07176;Planzolles;0.9;
07177;Plats;47.3;
07178;Pont-de-Labeaume;20;
07179;Pourchères;40.9;
07181;Le Pouzin;38.6;
07182;Prades;46.9;
07183;Pradons;12.8;
07184;Pranles;42.7;
07185;Préaux;47;
07186;Privas;12.4;
07187;Prunet;5.4;
07188;Quintenas;43.2;
07189;Ribes;9.9;
07190;Rochecolombe;58.3;
07191;Rochemaure;6.3;
07192;Rochepaule;14.3;
07193;Rocher;4.3;
07194;Rochessauve;140.2;
07195;La Rochette;56;
07196;Rocles;9.7;
07197;Roiffieux;51.3;
07198;Rompon;82.5;
07199;Rosières;10.3;
07200;Le Roux;38.2;
07201;Ruoms;16.5;
07202;Sablières;13.5;
07203;Sagnes-et-Goudoulet;72.1;
07204;Saint-Agrève;53.3;
07205;Saint-Alban-d'Ay;46.5;
07206;Saint-Alban-en-Montagne;66.4;
07207;Saint-Alban-Auriolles;28.8;
07208;Saint-Andéol-de-Berg;24.9;
07209;Saint-Andéol-de-Fourchades;68.6;
07210;Saint-Andéol-de-Vals;21.5;
07211;Saint-André-de-Cruzières;6.6;
07212;Saint-André-en-Vivarais;43;
07213;Saint-André-Lachamp;9.2;*
07214;Saint-Apollinaire-de-Rias;93.9;
07215;Saint-Barthélemy-le-Meil;13.3;
07216;Saint-Barthélemy-Grozon;32.9;
07217;Saint-Barthélemy-le-Plain;21.7;
07218;Saint-Basile;53.9;
07219;Saint-Bauzile;46.2;
07220;Saint-Christol;3.8;
07221;Saint-Cierge-la-Serre;38;
07222;Saint-Cierge-sous-le-Cheylard;10.1;
07223;Saint-Cirgues-de-Prades;6.3;
07224;Saint-Cirgues-en-Montagne;65.1;
07225;Saint-Clair;51.3;
07226;Saint-Clément;81.5;
07227;Saint-Cyr;35.9;
07228;Saint-Désirat;14.4;
07229;Saint-Didier-sous-Aubenas;7.5;
07230;Saint-Étienne-de-Boulogne;18.8;
07231;Saint-Étienne-de-Fontbellon;6.5;
07232;Saint-Étienne-de-Lugdarès;95.8;
07233;Saint-Étienne-de-Serre;55.5;
07234;Saint-Étienne-de-Valoux;6.7;
07235;Sainte-Eulalie;55;
07236;Saint-Félicien;30.5;
07237;Saint-Fortunat-sur-Eyrieux;43.8;
07238;Saint-Genest-de-Beauzon;5;
07239;Saint-Genest-Lachamp;40.4;
07240;Saint-Georges-les-Bains;26;
07241;Saint-Germain;15.6;
07242;Saint-Gineis-en-Coiron;74.7;
07243;Saint-Jacques-d'Atticieux;16.3;
07244;Saint-Jean-Chambre;16.1;
07245;Saint-Jean-de-Muzols;7;
07247;Saint-Jean-le-Centenier;60.6;
07248;Saint-Jean-Roure;65;
07249;Saint-Jeure-d'Andaure;58.1;
07250;Saint-Jeure-d'Ay;31.2;
07251;Saint-Joseph-des-Bancs;72.3;
07253;Saint-Julien-du-Gua;54.7;
07254;Saint-Julien-du-Serre;12.6;
07255;Saint-Julien-en-Saint-Alban;9.9;
07257;Saint-Julien-le-Roux;35.5;
07258;Saint-Julien-Vocance;N/A - division par 0;
07259;Saint-Just-d'Ardèche;25.3;
07260;Saint-Lager-Bressac;38.2;*
07261;Saint-Laurent-du-Pape;22.6;
07262;Saint-Laurent-les-Bains-Laval-d'Aurelle;35.7;
07263;Saint-Laurent-sous-Coiron;88.6;
07264;Saint-Marcel-d'Ardèche;27.8;
07265;Saint-Marcel-lès-Annonay;40.5;
07266;Sainte-Marguerite-Lafigère;24.6;
07267;Saint-Martial;65.8;
07268;Saint-Martin-d'Ardèche;21.2;
07269;Saint-Martin-de-Valamas;32;
07270;Saint-Martin-sur-Lavezon;62.9;
07272;Saint-Maurice-d'Ardèche;17;
07273;Saint-Maurice-d'Ibie;51.7;
07274;Saint-Maurice-en-Chalencon;19.3;
07275;Saint-Mélany;3;
07276;Saint-Michel-d'Aurance;53.2;
07277;Saint-Michel-de-Boulogne;16.5;
07278;Saint-Michel-de-Chabrillanoux;8.3;*
07279;Saint-Montan;14.3;
07280;Saint-Paul-le-Jeune;1.4;
07281;Saint-Péray;10.3;
07282;Saint-Pierre-de-Colombier;7.1;
07283;Saint-Pierre-la-Roche;38.8;
07284;Saint-Pierre-Saint-Jean;28.7;
07285;Saint-Pierre-sur-Doux;23.2;
07286;Saint-Pierreville;41.9;
07287;Saint-Pons;48.8;
07288;Saint-Priest;54.2;
07289;Saint-Privat;7.1;
07290;Saint-Prix;31;
07291;Saint-Remèze;15.2;
07292;Saint-Romain-d'Ay;41.5;
07293;Saint-Romain-de-Lerps;40.8;
07294;Saint-Sauveur-de-Cruzières;42.7;
07295;Saint-Sauveur-de-Montagut;25.5;
07296;Saint-Sernin;15.6;
07297;Saint-Sylvestre;47.9;
07298;Saint-Symphorien-sous-Chomérac;75.2;
07299;Saint-Symphorien-de-Mahun;15.8;
07300;Saint-Thomé;13.2;
07301;Saint-Victor;41.1;
07302;Saint-Vincent-de-Barrès;43.7;
07303;Saint-Vincent-de-Durfort;16;
07304;Salavas;6.9;
07305;Les Salelles;12.1;
07306;Sampzon;0.8;
07307;Sanilhac;7.1;
07308;Sarras;13.5;
07309;Satillieu;29.2;
07310;Savas;47;
07311;Sceautres;149.1;
07312;Sécheras;24.3;
07313;Serrières;11.9;
07314;Silhac;44.1;
07315;La Souche;13.4;
07316;Soyons;26.5;
07317;Talencieux;16.3;
07318;Tauriers;14.3;
07319;Le Teil;22.2;
07321;Thorrenc;40.7;
07322;Thueyts;20.2;
07323;Toulaud;27.4;
07324;Tournon-sur-Rhône;11.6;
07325;Ucel;4.8;
07326;Usclades-et-Rieutord;98.7;
07327;Uzer;16.4;
07328;Vagnas;24.1;
07329;Valgorge;42.1;
07330;Vallon-Pont-d'Arc;12.4;
07331;Vals-les-Bains;6.2;
07332;Valvignères;23.5;
07333;Vanosc;37.1;
07334;Les Vans;16.6;
07335;Vaudevant;41.6;
07336;Vernon;3.1;
07337;Vernosc-lès-Annonay;25.9;
07338;Vernoux-en-Vivarais;48.4;
07339;Vesseaux;12.9;
07340;Veyras;28.9;
07341;Villeneuve-de-Berg;79.8;
07342;Villevocance;11.4;*
07343;Vinezac;14.3;
07344;Vinzieux;35.6;
07345;Vion;11.6;
07346;Viviers;26.3;
07347;Vocance;14.5;
07348;Vogüé;26.4;
07349;La Voulte-sur-Rhône;19.4;
08001;Acy-Romance;102.1;
08003;Aiglemont;0.5;
08004;Aire;53.9;
08005;Alincourt;149.3;
08006;Alland'Huy-et-Sausseuil;148.1;
08008;Amagne;73.4;
08010;Ambly-Fleury;74.7;
08011;Anchamps;N/A - division par 0;
08013;Angecourt;108.2;
08014;Annelles;125.9;
08015;Antheny;127.4;
08016;Aouste;59.8;
08017;Apremont;115.2;
08018;Ardeuil-et-Montfauxelles;106.8;
08019;Les Grandes-Armoises;195.8;
08020;Les Petites-Armoises;262.4;
08021;Arnicourt;143.9;
08022;Arreux;117.1;
08023;Artaise-le-Vivier;271.3;
08024;Asfeld;115;
08025;Attigny;141.5;
08026;Aubigny-les-Pothées;114.6;
08027;Auboncourt-Vauzelles;200.8;
08028;Aubrives;55.2;
08029;Auflance;105.2;
08030;Auge;89.4;
08031;Aure;152.1;
08032;Aussonce;108.8;
08033;Authe;117.7;
08034;Autrecourt-et-Pourron;153.5;
08035;Autruche;44.1;
08036;Autry;118.5;
08037;Auvillers-les-Forges;192.3;*
08038;Avançon;112.6;
08039;Avaux;99;
08040;Les Ayvelles;100;
08041;Baâlons;64.6;
08043;Balan;133.6;
08044;Balham;43.3;
08045;Ballay;187.1;
08046;Banogne-Recouvrance;141.1;
08047;Barbaise;53.9;
08048;Barby;63.5;
08049;Bar-lès-Buzancy;149.2;
08052;Bayonville;105;
08053;Bazeilles;138.2;
08055;Beaumont-en-Argonne;119.7;
08056;Beffu-et-le-Morthomme;171.8;
08057;Belleville-et-Châtillon-sur-Bar;155;
08058;Belval;33;
08059;Belval-Bois-des-Dames;152.1;
08060;Bergnicourt;72.8;
08061;La Berlière;185;
08062;Bertoncourt;95.4;
08063;La Besace;142.1;
08064;Biermes;123.3;
08065;Bièvres;96.5;
08066;Bignicourt;110.9;
08067;Blagny;102;
08069;Blanchefosse-et-Bay;94.3;
08070;Blanzy-la-Salonnaise;91.1;
08071;Blombay;129.4;
08073;Bossus-lès-Rumigny;68.1;
08074;Bouconville;139.3;
08075;Boult-aux-Bois;79.7;
08076;Boulzicourt;72.8;
08077;Bourcq;134.1;
08078;Bourg-Fidèle;56.8;
08080;Bouvellemont;93.7;
08081;Bogny-sur-Meuse;39.4;
08082;Brécy-Brières;172.5;
08083;Brévilly;163;
08084;Brienne-sur-Aisne;162;
08085;Brieulles-sur-Bar;112.4;
08086;Briquenay;165.7;
08087;Brognon;91.6;
08088;Bulson;101.3;
08089;Buzancy;133;
08090;Carignan;85;*
08092;Cauroy;120.1;
08094;Cernion;57.6;
08095;Chagny;309.2;
08096;Chalandry-Elaire;99.1;
08097;Challerange;232.9;
08098;Champigneulle;163.1;
08099;Champigneul-sur-Vence;116.8;
08100;Champlin;68.7;
08101;La Chapelle;1.1;
08102;Chappes;148.5;
08103;Charbogne;83.6;
08104;Chardeny;94.6;
08105;Charleville-Mézières;21.2;
08106;Charnois;41.8;
08107;Château-Porcien;143.2;
08109;Chatel-Chéhéry;182.1;
08110;Le Châtelet-sur-Sormonne;154.6;
08111;Le Châtelet-sur-Retourne;97.2;
08113;Chaumont-Porcien;126.6;
08115;Chémery-Chéhéry;138.5;
08116;Bairon et ses environs;166.3;
08117;Chesnois-Auboncourt;185.9;
08119;Cheveuges;134.3;
08120;Chevières;0.7;
08121;Chilly;64.1;
08122;Chooz;59.7;
08123;Chuffilly-Roche;108;
08124;Clavy-Warby;181.3;
08125;Cliron;308.5;
08126;Condé-lès-Herpy;205.7;
08128;Condé-lès-Autry;155.7;
08130;Contreuve;174.4;
08131;Cornay;223.3;
08132;Corny-Machéroménil;105.4;
08133;Coucy;102.7;
08134;Coulommes-et-Marqueny;148.2;
08135;La Croix-aux-Bois;65.7;
08136;Daigny;178.8;
08137;Damouzy;150.9;
08138;Les Deux-Villes;150;
08139;Deville;N/A - division par 0;
08140;Dom-le-Mesnil;82.2;
08141;Dommery;81.4;
08142;Donchery;155.5;
08143;Doumely-Bégny;70.8;
08144;Doux;80.6;
08145;Douzy;85.4;
08146;Draize;109.5;
08147;Dricourt;90.7;
08148;L'Écaille;126.4;
08149;L'Échelle;88.8;*
08150;Écly;80.1;
08151;Écordal;79.8;
08153;Escombres-et-le-Chesnois;75.2;
08154;Estrebay;150;
08155;Étalle;84.9;
08156;Éteignières;56.2;
08158;Étrépigny;136.1;
08159;Euilly-et-Lombut;144.3;
08160;Évigny;153.7;*
08161;Exermont;121.4;
08162;Fagnon;186.5;
08163;Faissault;274.2;
08164;Falaise;95.8;
08165;Faux;142.4;
08166;Fépin;N/A - division par 0;
08167;La Férée;97.2;
08168;La Ferté-sur-Chiers;104.7;
08169;Flaignes-Havys;126.1;
08170;Fleigneux;69.9;
08171;Fléville;43.5;
08172;Fligny;65.9;
08173;Flize;122.3;
08174;Floing;118.2;*
08175;Foisches;112.4;
08176;Fossé;189.2;
08178;Fraillicourt;128.8;
08179;Francheval;82;*
08180;La Francheville;118.4;
08182;Le Fréty;43.7;
08183;Fromelennes;19.9;
08184;Fromy;88.3;
08185;Fumay;N/A - division par 0;
08186;Germont;86.8;
08187;Gernelle;74.9;
08188;Gespunsart;22.8;*
08189;Girondelle;123.1;
08190;Givet;87.9;*
08191;Givonne;48.4;
08192;Givron;147.8;
08193;Givry;200.3;
08194;Glaire;62.1;
08195;Gomont;171.3;
08196;Grandchamp;98.7;
08197;Grandham;44.8;
08198;Grandpré;165.8;
08199;La Grandville;100.7;
08200;Grivy-Loisy;86.6;
08201;Gruyères;76.7;
08202;Gué-d'Hossus;39.9;
08203;Guignicourt-sur-Vence;126.7;
08204;Guincourt;64.2;
08205;Hagnicourt;303.5;
08206;Ham-les-Moines;227.2;
08207;Ham-sur-Meuse;10.8;
08208;Hannappes;67.2;
08209;Hannogne-Saint-Martin;64.3;
08210;Hannogne-Saint-Rémy;114.3;*
08211;Haraucourt;86.5;
08212;Harcy;95.4;
08214;Hargnies;18;
08215;Harricourt;141.9;
08216;Haudrecy;121.8;
08217;Haulmé;N/A - division par 0;
08218;Les Hautes-Rivières;N/A - division par 0;
08219;Hauteville;179.9;
08220;Hauviné;93.7;
08222;Haybes;14;
08223;Herbeuval;93.5;
08225;Herpy-l'Arlésienne;95.8;
08226;Hierges;294.3;
08228;La Horgne;91.6;
08229;Houdilcourt;98.8;
08230;Houldizy;273.7;
08232;Illy;83.1;
08233;Imécourt;227.6;
08234;Inaumont;69;
08235;Issancourt-et-Rumel;69.6;
08236;Jandun;85.9;
08237;Joigny-sur-Meuse;23.4;*
08238;Jonval;49;*
08239;Juniville;114.1;
08240;Justine-Herbigny;119;
08242;Laifour;N/A - division par 0;
08243;Lalobbe;99.8;
08244;Lametz;37.9;
08245;Lançon;134.6;
08246;Landres-et-Saint-Georges;140.1;
08247;Landrichamps;83.9;
08248;Launois-sur-Vence;128.8;
08249;Laval-Morency;70.7;
08250;Leffincourt;141.9;
08251;Lépron-les-Vallées;114.7;
08252;Létanne;124.7;
08254;Liart;118;
08255;Linay;106.9;
08256;Liry;190.2;
08257;Logny-Bogny;86.4;
08259;Longwé;63.9;
08260;Lonny;172.2;
08262;Lucquy;156.6;
08263;Lumes;73.5;
08264;Machault;154.6;
08268;Maisoncelle-et-Villers;163.8;
08269;Malandry;N/A - division par 0;
08271;Manre;118.2;
08272;Maranwez;191.9;
08273;Marby;83.4;
08274;Marcq;122.8;
08275;Margny;81.9;
08276;Margut;136.1;
08277;Marlemont;178.9;
08278;Marquigny;348;
08279;Mars-sous-Bourcq;264.7;
08280;Marvaux-Vieux;158.1;
08281;Matton-et-Clémency;88.5;
08282;Maubert-Fontaine;69.3;
08283;Mazerny;101.3;
08284;Les Mazures;21.3;
08286;Ménil-Annelles;114.9;
08287;Ménil-Lépinois;116.7;
08288;Mesmont;154.4;
08289;Messincourt;228.5;
08291;Mogues;103.4;
08293;Moiry;124.3;
08294;La Moncelle;N/A - division par 0;
08295;Mondigny;88.4;
08296;Montcheutin;109.2;
08297;Montcornet;12.8;*
08298;Montcy-Notre-Dame;6;
08300;Le Mont-Dieu;193.9;
08301;Montgon;102.7;
08302;Monthermé;9;*
08303;Monthois;120.3;
08304;Montigny-sur-Meuse;N/A - division par 0;
08305;Montigny-sur-Vence;101.8;
08306;Mont-Laurent;169.3;
08307;Montmeillant;73.1;
08308;Mont-Saint-Martin;157.1;
08309;Mont-Saint-Remy;121.5;
08310;Mouron;349.7;
08311;Mouzon;138.6;
08312;Murtin-et-Bogny;42;
08313;Nanteuil-sur-Aisne;103.6;
08314;Neuflize;122.3;
08315;Neufmaison;132.6;
08316;Neufmanil;N/A - division par 0;
08317;La Neuville-à-Maire;76.1;
08318;La Neuville-aux-Joûtes;78.5;
08319;Neuville-lez-Beaulieu;79.9;
08320;La Neuville-en-Tourne-à-Fuy;134.2;
08321;Neuville-Day;202.2;
08322;Neuville-lès-This;128.4;
08323;La Neuville-lès-Wasigny;73.8;
08324;Neuvizy;105.5;
08325;Noirval;N/A - division par 0;
08326;Nouart;149.5;
08327;Nouvion-sur-Meuse;177.7;
08328;Nouzonville;0.2;
08329;Novion-Porcien;117.8;
08330;Novy-Chevrières;79.2;
08331;Noyers-Pont-Maugis;187.6;*
08332;Oches;62;
08333;Olizy-Primat;88.4;
08334;Omicourt;127.9;
08335;Omont;N/A - division par 0;
08336;Osnes;66.1;
08338;Pauvres;136.1;
08339;Perthes;89.6;
08340;Poilcourt-Sydney;83.9;
08341;Poix-Terron;95.8;
08342;Pouru-aux-Bois;94;
08343;Pouru-Saint-Remy;95.4;
08344;Prez;237.2;
08346;Prix-lès-Mézières;157.2;
08347;Puilly-et-Charbeaux;122;
08348;Puiseux;140.7;
08349;Pure;49.8;
08350;Quatre-Champs;127;
08351;Quilly;157.9;
08352;Raillicourt;37.6;
08353;Rancennes;20.1;
08354;Raucourt-et-Flaba;123.1;
08355;Regniowez;87.2;
08356;Remaucourt;84.9;
08357;Remilly-Aillicourt;73;*
08358;Remilly-les-Pothées;95.4;
08360;Renneville;130.7;
08361;Renwez;243.6;
08362;Rethel;120.7;
08363;Revin;N/A - division par 0;
08364;Rilly-sur-Aisne;78.7;
08365;Rimogne;93.7;
08366;Rocquigny;81.9;
08367;Rocroi;50.9;
08368;Roizy;146.9;
08369;La Romagne;99.2;
08370;Rouvroy-sur-Audry;158.3;
08372;Rubigny;100;
08373;Rumigny;110.5;
08374;La Sabotterie;30.7;
08375;Sachy;177.9;
08376;Sailly;165.7;
08377;Saint-Aignan;79.4;
08378;Saint-Clément-à-Arnes;95.3;
08379;Saint-Étienne-à-Arnes;120.9;
08380;Saint-Fergeux;165.7;
08381;Saint-Germainmont;153.2;
08382;Saint-Jean-aux-Bois;109.1;
08383;Saint-Juvin;142.9;
08384;Saint-Lambert-et-Mont-de-Jeux;82.1;
08385;Saint-Laurent;121.8;
08386;Saint-Loup-en-Champagne;170.9;
08387;Saint-Loup-Terrier;72.9;
08388;Saint-Marceau;107.2;
08389;Saint-Marcel;110.2;
08390;Sainte-Marie;179.5;
08391;Saint-Menges;76.4;
08392;Saint-Morel;176.1;
08393;Saint-Pierre-à-Arnes;109.6;
08394;Saint-Pierremont;140.9;
08395;Saint-Pierre-sur-Vence;N/A - division par 0;
08396;Saint-Quentin-le-Petit;146.5;
08397;Saint-Remy-le-Petit;72.1;
08398;Sainte-Vaubourg;129.4;
08399;Sapogne-sur-Marche;139;
08400;Sapogne-et-Feuchères;135.9;*
08401;Saulces-Champenoises;159.4;
08402;Saulces-Monclin;96.7;
08403;Sault-lès-Rethel;211.2;
08404;Sault-Saint-Remy;123.3;
08405;Sauville;118.9;
08406;Savigny-sur-Aisne;228.1;
08407;Séchault;152.5;
08408;Sécheval;47;
08409;Sedan;121.4;
08410;Semide;152.9;
08411;Semuy;121.4;
08412;Senuc;15;*
08413;Seraincourt;170.7;
08415;Sery;66.3;
08416;Seuil;155.3;
08417;Sévigny-la-Forêt;63.5;
08418;Sévigny-Waleppe;126.3;
08419;Signy-l'Abbaye;96;
08420;Signy-le-Petit;75;
08421;Signy-Montlibert;189.4;
08422;Singly;138.2;
08424;Sommauthe;133.2;
08425;Sommerance;141.4;
08426;Son;87.4;
08427;Sorbon;111.9;
08428;Sorcy-Bauthémont;169.6;
08429;Sormonne;61.2;
08430;Stonne;128.4;*
08431;Sugny;120.3;
08432;Sury;5.6;
08433;Suzanne;75.1;
08434;Sy;86.6;
08435;Tagnon;152.4;
08436;Taillette;59.6;
08437;Tailly;133.5;
08438;Taizy;120.4;
08439;Tannay;196.7;
08440;Tarzy;54.3;
08444;Tétaigne;89.3;
08445;Thelonne;111.9;
08446;Thénorgues;136.7;
08448;Thilay;2.4;
08449;Thin-le-Moutier;117.5;
08450;This;119;
08451;Le Thour;104.9;
08452;Thugny-Trugny;154.8;
08453;Toges;N/A - division par 0;
08454;Touligny;126.1;
08455;Tourcelles-Chaumont;86.7;
08456;Tournavaux;N/A - division par 0;
08457;Tournes;123.6;*
08458;Tourteron;66.6;
08459;Tremblois-lès-Carignan;83.6;
08460;Tremblois-lès-Rocroi;143.1;
08461;Vandy;85.4;
08462;Vaux-Champagne;151.4;
08463;Vaux-en-Dieulet;188.8;
08464;Vaux-lès-Mouron;64.9;
08465;Vaux-lès-Rubigny;135.8;
08466;Vaux-lès-Mouzon;39.7;
08467;Vaux-Montreuil;65.7;
08468;Vaux-Villaine;152.1;
08469;Vendresse;172.8;
08470;Verpel;149.9;
08471;Verrières;80.5;
08472;Viel-Saint-Remy;89.4;
08473;Vieux-lès-Asfeld;104.4;
08476;Villers-devant-le-Thour;142;
08477;Villers-devant-Mouzon;65.3;
08478;Villers-le-Tilleul;115.3;
08479;Villers-le-Tourneur;61.3;
08480;Villers-Semeuse;36.8;
08481;Villers-sur-Bar;94;
08482;Villers-sur-le-Mont;160;
08483;Ville-sur-Lumes;140.1;
08484;Ville-sur-Retourne;147.4;
08485;Villy;337.3;
08486;Vireux-Molhain;203.4;
08487;Vireux-Wallerand;9.1;*
08488;Vivier-au-Court;253.6;
08489;Voncq;113.3;*
08490;Vouziers;154.5;
08491;Vrigne aux Bois;67.4;
08492;Vrigne-Meuse;71.2;
08494;Wadelincourt;115.5;
08496;Wagnon;193.8;
08497;Warcq;94.2;
08498;Warnécourt;70.2;
08499;Wasigny;84.2;
08500;Wignicourt;N/A - division par 0;
08501;Williers;N/A - division par 0;
08502;Yoncq;203.9;
08503;Yvernaumont;139.2;
09001;Aigues-Juntes;50.6;
09002;Aigues-Vives;84.7;
09003;L'Aiguillon;213.6;
09004;Albiès;8.3;
09005;Aleu;26.5;
09006;Alliat;51.4;
09007;Allières;79;
09008;Alos;38.9;
09009;Alzen;19.3;
09011;Antras;16.4;
09012;Appy;86.6;
09013;Arabaux;N/A - division par 0;
09014;Argein;71.5;
09015;Arignac;113.6;
09016;Arnave;79.9;*
09017;Arrien-en-Bethmale;90.7;
09018;Arrout;14;
09019;Artigat;31.4;
09020;Artigues;96.8;*
09021;Artix;36.3;
09022;Arvigna;108.2;
09023;Ascou;61.1;
09024;Aston;19.1;*
09025;Aucazein;23.2;
09026;Audressein;46.9;
09027;Augirein;20;
09029;Aulus-les-Bains;42;
09030;Auzat;26.5;*
09031;Axiat;71.3;
09032;Ax-les-Thermes;9.1;
09033;Bagert;6;
09034;Balacet;11.3;
09035;Balaguères;50.1;
09037;Barjac;20.3;
09038;La Bastide-de-Besplas;32.9;
09039;La Bastide-de-Bousignac;97.7;
09040;La Bastide-de-Lordat;59.9;
09041;La Bastide-du-Salat;40.5;
09042;La Bastide-de-Sérou;71.7;
09043;La Bastide-sur-l'Hers;81.3;
09044;Baulou;58;
09045;Bédeilhac-et-Aynat;54.1;
09046;Bédeille;49.1;
09047;Bélesta;45.2;
09048;Belloc;206.8;
09049;Bénac;60.7;
09050;Benagues;45;
09051;Bénaix;184.4;
09052;Besset;57.3;
09053;Bestiac;186.9;
09054;Betchat;63.1;
09055;Bethmale;22.4;
09056;Bézac;56.5;
09057;Biert;14.9;
09058;Bompas;7;
09059;Bonac-Irazein;16.8;
09060;Bonnac;18;
09061;Les Bordes-sur-Arize;88.1;
09062;Bordes-Uchentein;29.3;
09063;Le Bosc;29;
09064;Bouan;N/A - division par 0;
09065;Boussenac;29.2;
09066;Brassac;31.6;
09067;Brie;50.2;
09068;Burret;N/A - division par 0;
09069;Buzan;19.8;
09070;Les Cabannes;N/A - division par 0;
09071;Cadarcet;97.7;
09072;Calzan;248;
09073;Camarade;48.1;
09074;Camon;102.5;
09075;Campagne-sur-Arize;35;
09076;Canté;75;
09077;Capoulet-et-Junac;394;
09078;Carcanières;49.3;
09079;Carla-Bayle;81;
09080;Carla-de-Roquefort;63.4;
09081;Le Carlaret;54.5;
09082;Castelnau-Durban;26.4;
09083;Castéras;44.6;
09084;Castex;55.8;
09085;Castillon-en-Couserans;11.8;
09086;Caumont;46.4;
09087;Caussou;88.1;
09088;Caychax;N/A - division par 0;
09089;Cazals-des-Baylès;90.1;
09090;Cazaux;22.2;
09091;Cazavet;50.8;
09092;Cazenave-Serres-et-Allens;22.8;
09093;Celles;5;
09094;Cérizols;52.4;
09095;Cescau;59.2;
09096;Château-Verdun;N/A - division par 0;
09097;Clermont;112.2;
09098;Contrazy;44.8;
09099;Cos;85.6;
09100;Couflens;13.5;
09101;Coussa;58.1;
09102;Coutens;65.4;
09103;Crampagna;110.7;
09104;Dalou;42.3;
09105;Daumazan-sur-Arize;48.8;
09106;Dreuilhe;2.3;
09107;Dun;55.7;
09108;Durban-sur-Arize;104.9;
09109;Durfort;78.6;
09110;Encourtiech;53.5;
09111;Engomer;43.3;
09113;Ercé;30;
09114;Erp;13.9;
09115;Esclagne;50.4;
09116;Escosse;90.8;
09117;Esplas;74.7;
09118;Esplas-de-Sérou;38.4;*
09119;Eycheil;41;*
09120;Fabas;53.6;
09121;Ferrières-sur-Ariège;10.4;
09122;Foix;60.7;
09123;Fornex;64.7;
09124;Le Fossat;73.6;
09125;Fougax-et-Barrineuf;7.5;
09126;Freychenet;91.2;
09127;Gabre;33.9;
09128;Gajan;69.2;
09129;Galey;36.8;
09130;Ganac;102.5;*
09131;Garanou;N/A - division par 0;
09132;Gaudiès;49.4;
09133;Génat;88.8;*
09134;Gestiès;141.3;
09136;Gourbit;45.3;
09137;Gudas;93.7;
09138;L'Herm;52.6;
09139;L'Hospitalet-près-l'Andorre;N/A - division par 0;
09140;Ignaux;114.3;
09141;Illartein;10.6;
09142;Ilhat;42.9;
09143;Illier-et-Laramade;N/A - division par 0;
09145;Les Issards;65.9;
09146;Justiniac;110.1;
09147;Labatut;176.2;*
09148;Lacave;63.6;
09149;Lacourt;35.1;
09150;Lagarde;148.8;
09151;Lanoux;72.1;
09152;Lapège;N/A - division par 0;
09153;Lapenne;62.6;
09154;Larbont;N/A - division par 0;
09155;Larcat;92.3;
09156;Larnat;N/A - division par 0;
09157;Laroque-d'Olmes;58.3;
09158;Lasserre;36.4;
09159;Lassur;N/A - division par 0;
09160;Lavelanet;33.9;
09161;Léran;158.3;
09162;Lercoul;28.1;
09163;Lescousse;67.4;
09164;Lescure;59.5;
09165;Lesparrou;75.9;
09166;Leychert;113.3;
09167;Lézat-sur-Lèze;80;
09168;Lieurac;71.1;
09169;Limbrassac;67.6;
09170;Lissac;27.4;
09171;Lordat;31.2;
09172;Loubaut;N/A - division par 0;
09173;Loubens;112.6;
09174;Loubières;64.6;
09175;Ludiès;49.7;
09176;Luzenac;59.8;
09177;Madière;56.4;
09178;Malegoude;110.4;
09179;Malléon;139.1;
09180;Manses;45.2;
09181;Le Mas-d'Azil;53.1;
09182;Massat;21.4;*
09183;Mauvezin-de-Prat;40.3;
09184;Mauvezin-de-Sainte-Croix;41.3;
09185;Mazères;70;
09186;Méras;13.8;
09187;Mercenac;30.4;
09188;Mercus-Garrabet;82.3;
09189;Mérens-les-Vals;100;
09190;Mérigon;98.8;
09192;Miglos;135.8;
09193;Mijanès;N/A - division par 0;
09194;Mirepoix;76.9;
09195;Monesple;81.6;
09196;Montagagne;4.2;
09197;Montaillou;N/A - division par 0;
09198;Montardit;85.4;
09199;Montaut;75.9;
09200;Montbel;52;
09201;Montégut-en-Couserans;35.1;
09202;Montégut-Plantaurel;56.5;
09203;Montels;60.4;
09204;Montesquieu-Avantès;82.5;
09205;Montfa;58.6;
09206;Montferrier;75.7;
09207;Montgaillard;87.3;*
09208;Montgauch;29.2;
09209;Montjoie-en-Couserans;43.7;
09210;Montoulieu;8.3;
09211;Montségur;143;
09212;Montseron;83.6;
09213;Moulin-Neuf;N/A - division par 0;
09214;Moulis;35.7;
09215;Nalzen;41.2;
09216;Nescus;49.2;
09217;Niaux;N/A - division par 0;
09218;Orgeix;26.6;
09219;Orgibet;218.5;
09220;Orlu;79.3;
09221;Ornolac-Ussat-les-Bains;14.2;
09222;Orus;N/A - division par 0;
09223;Oust;22.4;
09224;Pailhès;53.6;
09225;Pamiers;56.3;
09226;Pech;N/A - division par 0;
09227;Péreille;33.7;
09228;Perles-et-Castelet;0;
09229;Le Peyrat;248.8;
09230;Le Pla;N/A - division par 0;
09231;Le Port;17.2;
09232;Prades;260.3;
09233;Pradettes;91;
09234;Pradières;25;
09235;Prat-Bonrepaux;55.3;
09236;Prayols;20.2;*
09237;Le Puch;18.4;
09238;Les Pujols;98.6;
09239;Quérigut;95.8;
09240;Quié;N/A - division par 0;
09241;Rabat-les-Trois-Seigneurs;232.8;
09242;Raissac;284.9;
09243;Régat;144.3;
09244;Rieucros;34;
09245;Rieux-de-Pelleport;17;
09246;Rimont;32.5;
09247;Rivèrenert;24.6;
09249;Roquefixade;83.5;
09250;Roquefort-les-Cascades;66.1;
09251;Roumengoux;86.9;
09252;Rouze;88.4;
09253;Sabarat;54;
09254;Saint-Amadou;12.2;
09255;Saint-Amans;40.4;
09256;Saint-Bauzeil;118.9;
09257;Sainte-Croix-Volvestre;26.7;
09258;Saint-Félix-de-Rieutord;89.8;
09259;Saint-Félix-de-Tournegat;103.4;
09260;Sainte-Foi;92.1;
09261;Saint-Girons;49.3;
09262;Saint-Jean-d'Aigues-Vives;N/A - division par 0;
09263;Saint-Jean-du-Castillonnais;N/A - division par 0;
09264;Saint-Jean-de-Verges;41.1;
09265;Saint-Jean-du-Falga;12;
09266;Saint-Julien-de-Gras-Capou;170.4;
09267;Saint-Lary;40.1;
09268;Saint-Lizier;35.3;
09269;Saint-Martin-de-Caralp;65.1;
09270;Saint-Martin-d'Oydes;59.6;
09271;Saint-Michel;36.1;
09272;Saint-Paul-de-Jarrat;35.6;
09273;Saint-Pierre-de-Rivière;0.1;
09274;Saint-Quentin-la-Tour;61.7;
09275;Saint-Quirc;42.3;
09276;Saint-Victor-Rouzaud;118.9;
09277;Saint-Ybars;53.7;
09279;Salsein;67.6;
09280;Saurat;27;
09281;Sautel;45.7;
09282;Saverdun;97.9;
09283;Savignac-les-Ormeaux;54.2;
09284;Ségura;120.6;
09285;Seix;44.3;*
09287;Senconac;83.3;
09289;Lorp-Sentaraille;39.2;
09290;Sentein;23.8;
09291;Sentenac-d'Oust;37.3;
09292;Sentenac-de-Sérou;16.1;
09293;Serres-sur-Arget;70.3;
09294;Sieuras;62.7;
09295;Siguer;8.2;
09296;Aulos-Sinsat;32.6;
09297;Sor;106.7;
09298;Sorgeat;93.7;
09299;Soueix-Rogalle;15.9;
09300;Soula;111.8;
09301;Soulan;41.7;
09303;Surba;134.2;
09304;Suzan;73.4;
09305;Tabre;N/A - division par 0;
09306;Tarascon-sur-Ariège;N/A - division par 0;
09307;Taurignan-Castet;24.2;
09308;Taurignan-Vieux;89.6;
09309;Teilhet;56.2;
09310;Thouars-sur-Arize;45.8;
09311;Tignac;59;
09312;La Tour-du-Crieu;42.1;
09313;Tourtouse;53.4;
09314;Tourtrol;32.6;
09315;Trémoulet;50.2;
09316;Troye-d'Ariège;101.5;
09318;Unac;112.6;
09319;Unzent;61.3;
09320;Urs;7.3;
09321;Ussat;57.8;
09322;Ustou;29.4;
09323;Vals;33.8;
09324;Varilhes;21.2;
09325;Vaychis;151.4;
09326;Vèbre;59.6;
09327;Ventenac;104.7;
09328;Verdun;207.6;
09329;Vernajoul;26.4;
09330;Vernaux;27.4;
09331;Le Vernet;117.4;
09332;Verniolle;66.7;
09334;Val-de-Sos;54.2;
09335;Villeneuve;N/A - division par 0;
09336;Villeneuve-d'Olmes;23.5;
09338;Villeneuve-du-Latou;30.7;
09339;Villeneuve-du-Paréage;53.4;
09340;Vira;78.6;
09341;Viviès;75.8;
09342;Sainte-Suzanne;69.8;
10002;Ailleville;13.7;
10003;Aix-Villemaur-Pâlis;139.8;
10004;Allibaudières;157.3;*
10005;Amance;103.8;*
10006;Arcis-sur-Aube;157.1;
10007;Arconville;30;
10008;Argançon;55.6;
10009;Arrelles;95.6;
10010;Arrembécourt;146.1;
10011;Arrentières;13.4;
10012;Arsonval;1.8;
10013;Assenay;119.7;
10014;Assencières;161.9;
10015;Aubeterre;126.9;
10017;Aulnay;87.9;
10018;Auxon;141.5;
10019;Val-d'Auzon;143.9;
10020;Avant-lès-Marcilly;149.3;
10021;Avant-lès-Ramerupt;163.8;
10022;Avirey-Lingey;34.8;
10023;Avon-la-Pèze;131.6;
10024;Avreuil;125.7;
10025;Bagneux-la-Fosse;29.6;
10026;Bailly-le-Franc;132.8;
10027;Balignicourt;196.5;
10028;Balnot-la-Grange;130.4;
10029;Balnot-sur-Laignes;9.6;
10030;Barberey-Saint-Sulpice;26.9;
10031;Barbuise;72.4;
10032;Baroville;13.9;
10033;Bar-sur-Aube;31.5;
10034;Bar-sur-Seine;43;
10035;Bayel;279.9;
10037;Bercenay-en-Othe;173.8;
10038;Bercenay-le-Hayer;215.9;
10039;Bergères;12.6;
10040;Bernon;130.8;
10041;Bertignolles;28.5;
10042;Bérulle;125.2;
10043;Bessy;144.7;
10044;Bétignicourt;140.5;
10045;Beurey;158.4;
10046;Blaincourt-sur-Aube;136.5;
10047;Blignicourt;44.1;
10048;Bligny;27.3;
10049;Les Bordes-Aumont;138.6;
10050;Bossancourt;98.6;
10051;Bouilly;98.4;
10052;Boulages;110.8;
10053;Bouranton;81.3;
10054;Bourdenay;184.7;
10055;Bourguignons;160.5;
10056;Bouy-Luxembourg;207.6;
10057;Bouy-sur-Orvin;101.1;
10058;Bragelogne-Beauvoir;30.8;
10059;Braux;120.7;
10060;Bréviandes;76.7;
10061;Brévonnes;122;
10062;Briel-sur-Barse;81.1;
10063;Brienne-la-Vieille;212.8;
10064;Brienne-le-Château;151.7;
10065;Brillecourt;72.5;
10066;Bucey-en-Othe;132.9;*
10067;Buchères;178.8;
10068;Buxeuil;5.1;
10069;Buxières-sur-Arce;31.5;
10070;Celles-sur-Ource;6.8;
10071;Chacenay;19;
10072;La Chaise;214.9;
10073;Chalette-sur-Voire;154.8;
10074;Chamoy;204.1;
10075;Champfleury;169.8;
10076;Champignol-lez-Mondeville;28.7;
10077;Champigny-sur-Aube;105.7;*
10078;Champ-sur-Barse;91.5;
10079;Channes;35.3;
10080;Chaource;105.6;
10081;La Chapelle-Saint-Luc;98.2;
10082;Chapelle-Vallon;176.6;
10083;Chappes;23.2;
10084;Charmont-sous-Barbuise;158.4;
10085;Charmoy;205;
10086;Charny-le-Bachot;114;
10087;Chaserey;204.6;
10089;Châtres;123.5;
10090;Chauchigny;106.4;
10091;Chaudrey;125.8;
10092;Chauffour-lès-Bailly;114.6;
10093;Chaumesnil;61.4;
10094;Chavanges;155.2;
10095;Le Chêne;150.7;
10096;Chennegy;138.7;*
10097;Chervey;21.8;
10098;Chesley;102;
10099;Chessy-les-Prés;102.3;
10100;Clérey;60.4;
10101;Coclois;98.5;
10102;Colombé-la-Fosse;6;
10103;Colombé-le-Sec;21.7;
10104;Cormost;N/A - division par 0;
10105;Courcelles-sur-Voire;115.7;
10106;Courceroy;163.9;
10107;Coursan-en-Othe;76.5;
10108;Courtaoult;160.3;
10109;Courtenot;31;
10110;Courteranges;69.4;
10111;Courteron;7.7;
10112;Coussegrey;65.8;
10113;Couvignon;2.6;
10114;Crancey;70.2;
10115;Creney-près-Troyes;125;
10116;Crésantignes;193.3;
10117;Crespy-le-Neuf;69.6;
10118;Les Croûtes;103.4;
10119;Cunfin;67.3;
10120;Cussangy;160.7;
10121;Dampierre;168.3;
10122;Davrey;86.7;
10123;Dienville;200.2;
10124;Dierrey-Saint-Julien;165.5;
10125;Dierrey-Saint-Pierre;156.6;
10126;Dolancourt;1.5;
10127;Dommartin-le-Coq;155.5;
10128;Donnement;80.4;
10129;Dosches;81.1;
10130;Dosnon;177.1;
10131;Droupt-Saint-Basle;190.2;
10132;Droupt-Sainte-Marie;94.9;
10133;Eaux-Puiseaux;112.6;
10134;Échemines;220.2;
10135;Éclance;280.1;
10136;Éguilly-sous-Bois;34.3;
10137;Engente;72.2;
10138;Épagne;149.7;
10139;Épothémont;N/A - division par 0;
10140;Ervy-le-Châtel;78.5;
10141;Essoyes;5.1;
10142;Estissac;152.4;
10143;Étourvy;238.7;
10144;Étrelles-sur-Aube;104.6;
10145;Faux-Villecerf;109.8;
10146;Fay-lès-Marcilly;182.7;
10147;Fays-la-Chapelle;143.2;
10148;Ferreux-Quincey;140.8;
10149;Feuges;129.7;
10150;Fontaine;6.7;
10151;Fontaine-les-Grès;167.4;
10153;Fontaine-Mâcon;93.2;
10154;Fontenay-de-Bossery;140.1;
10155;Fontette;14;
10156;Fontvannes;167.6;*
10157;La Fosse-Corduan;150.8;*
10158;Fouchères;97.4;
10159;Fralignes;78.7;
10160;Fravaux;44.5;
10161;Fresnay;148.7;
10162;Fresnoy-le-Château;200.8;
10163;Fuligny;125.4;
10164;Gélannes;111.8;
10165;Géraudot;45.2;
10166;Les Grandes-Chapelles;137.2;
10167;Grandville;93;
10168;Les Granges;357;
10169;Gumery;195.6;
10170;Gyé-sur-Seine;9.6;
10171;Hampigny;90.5;
10172;Herbisse;88.5;
10173;Isle-Aumont;147.8;
10174;Isle-Aubigny;181.7;
10175;Jasseines;138.4;
10176;Jaucourt;25.5;
10177;Javernant;61;
10178;Jessains;183.7;
10179;Jeugny;110;
10180;Joncreuil;149.9;
10181;Jully-sur-Sarce;130.7;
10182;Juvancourt;201.5;
10183;Juvanzé;101.5;
10184;Juzanvigny;198.4;
10185;Lagesse;97;
10186;Laines-aux-Bois;77.6;
10187;Landreville;9.1;
10188;Lantages;84.1;
10189;Lassicourt;294.6;
10190;Laubressel;157.4;
10191;Lavau;53.4;
10192;Lentilles;83.1;
10193;Lesmont;127;
10194;Lévigny;178.2;
10195;Lhuître;100;
10196;Lignières;134.3;
10197;Lignol-le-Château;37.7;
10198;Lirey;N/A - division par 0;
10199;Loches-sur-Ource;5.5;
10200;La Loge-aux-Chèvres;144.2;
10201;La Loge-Pomblin;72.2;
10202;Les Loges-Margueron;6;
10203;Longchamp-sur-Aujon;357.5;
10204;Longeville-sur-Mogne;255.8;
10205;Longpré-le-Sec;185.9;
10206;Longsols;157;
10207;Longueville-sur-Aube;120.5;
10208;La Louptière-Thénard;150.4;
10209;Lusigny-sur-Barse;112.9;
10210;Luyères;152.3;
10211;Macey;192.4;
10212;Machy;152;
10213;Magnant;126.3;
10214;Magnicourt;71.2;
10215;Magny-Fouchard;117.7;
10216;Mailly-le-Camp;175.1;
10217;Maison-des-Champs;261.9;
10218;Maisons-lès-Chaource;178.4;
10219;Maisons-lès-Soulaines;158.8;
10220;Maizières-la-Grande-Paroisse;148.6;
10221;Maizières-lès-Brienne;114.3;
10222;Maraye-en-Othe;54.8;
10223;Marcilly-le-Hayer;188.8;
10224;Marigny-le-Châtel;170.3;
10225;Marnay-sur-Seine;138.1;
10226;Marolles-lès-Bailly;133.2;
10227;Marolles-sous-Lignières;209.9;
10228;Mathaux;124.4;*
10229;Maupas;146.7;
10230;Mergey;114.1;
10231;Le Mériot;140.2;
10232;Merrey-sur-Arce;11.3;
10233;Méry-sur-Seine;84.8;
10234;Mesgrigny;175.5;
10235;Mesnil-la-Comtesse;110.3;
10236;Mesnil-Lettre;202.4;
10237;Mesnil-Saint-Loup;119.9;
10238;Mesnil-Saint-Père;30.6;*
10239;Mesnil-Sellières;80.7;
10240;Messon;170.2;*
10241;Metz-Robert;225.8;
10242;Meurville;9.6;
10243;Molins-sur-Aube;64;
10245;Montaulin;66.4;
10246;Montceaux-lès-Vaudes;172.4;
10247;Montfey;59.4;
10248;Montgueux;21.5;
10249;Montiéramey;115.8;
10250;Montier-en-l'Isle;54.1;
10251;Montigny-les-Monts;87.4;
10252;Montmartin-le-Haut;215.2;
10253;Montmorency-Beaufort;75.5;
10254;Montpothier;137.6;
10255;Montreuil-sur-Barse;146.4;
10256;Montsuzain;120;
10257;Morembert;166.7;
10258;Morvilliers;161.7;
10259;La Motte-Tilly;148.2;
10260;Moussey;82.8;
10261;Mussy-sur-Seine;18.4;
10262;Neuville-sur-Seine;4.9;
10263;Neuville-sur-Vanne;165.4;
10264;Noé-les-Mallets;32.3;
10265;Les Noës-près-Troyes;143.1;
10266;Nogent-en-Othe;88;
10267;Nogent-sur-Aube;150.1;
10268;Nogent-sur-Seine;53.5;
10269;Nozay;159.2;
10270;Onjon;121.1;
10271;Origny-le-Sec;153.1;
10272;Ormes;103.2;
10273;Ortillon;69;
10274;Orvilliers-Saint-Julien;126.5;
10275;Ossey-les-Trois-Maisons;151.6;
10276;Paisy-Cosdon;125.6;
10278;Pargues;107.7;
10279;Pars-lès-Chavanges;120.5;
10280;Pars-lès-Romilly;157.3;
10281;Le Pavillon-Sainte-Julie;118.2;
10282;Payns;93.6;
10283;Pel-et-Der;123.9;
10284;Périgny-la-Rose;179.3;
10285;Perthes-lès-Brienne;170.7;
10286;Petit-Mesnil;156.5;
10287;Piney;129;
10288;Plaines-Saint-Lange;18.6;
10289;Plancy-l'Abbaye;180.7;
10290;Planty;245.7;
10291;Plessis-Barbuise;149.3;
10293;Poivres;146.5;
10294;Poligny;N/A - division par 0;
10295;Polisot;15.1;
10296;Polisy;17.9;
10297;Pont-Sainte-Marie;68.1;
10298;Pont-sur-Seine;156.1;
10299;Pouan-les-Vallées;118.5;
10300;Pougy;93.3;
10301;Pouy-sur-Vannes;97.5;
10302;Praslin;125.5;
10303;Précy-Notre-Dame;237.2;
10304;Précy-Saint-Martin;79.5;
10305;Prémierfait;121.9;
10306;Proverville;58;
10307;Prugny;184.6;
10308;Prunay-Belleville;138.4;
10309;Prusy;216.8;
10310;Puits-et-Nuisement;110.8;
10312;Racines;58.9;
10313;Radonvilliers;109;
10314;Ramerupt;120;
10315;Rances;137.8;
10316;Rhèges;154.7;
10317;Les Riceys;6;
10318;Rigny-la-Nonneuse;161.4;
10319;Rigny-le-Ferron;128.1;
10320;Rilly-Sainte-Syre;153.3;
10321;La Rivière-de-Corps;54.3;
10323;Romilly-sur-Seine;79.2;
10324;Roncenay;145.7;
10325;Rosières-près-Troyes;20.2;
10326;Rosnay-l'Hôpital;112.2;
10327;La Rothière;193.9;
10328;Rouilly-Sacey;91.6;
10329;Rouilly-Saint-Loup;104.2;
10330;Rouvres-les-Vignes;15.5;
10331;Rumilly-lès-Vaudes;86.4;
10332;Ruvigny;120.6;
10333;Saint-André-les-Vergers;23.3;*
10334;Saint-Aubin;188.7;
10335;Saint-Benoist-sur-Vanne;132.8;
10336;Saint-Benoît-sur-Seine;70.2;
10337;Saint-Christophe-Dodinicourt;81.2;
10338;Saint-Étienne-sous-Barbuise;110;
10339;Saint-Flavy;165;
10340;Saint-Germain;90.1;
10341;Saint-Hilaire-sous-Romilly;231.5;
10342;Saint-Jean-de-Bonneval;210.3;
10343;Saint-Julien-les-Villas;101.6;*
10344;Saint-Léger-près-Troyes;65.5;
10345;Saint-Léger-sous-Brienne;158.9;
10346;Saint-Léger-sous-Margerie;134;
10347;Saint-Loup-de-Buffigny;84.2;
10348;Saint-Lupien;171.5;
10349;Saint-Lyé;112.1;
10350;Saint-Mards-en-Othe;138;
10351;Saint-Martin-de-Bossenay;182;
10352;Sainte-Maure;83.1;
10353;Saint-Mesmin;198;
10354;Saint-Nabord-sur-Aube;128.1;
10355;Saint-Nicolas-la-Chapelle;71.8;
10356;Saint-Oulph;126.6;
10357;Saint-Parres-aux-Tertres;183.4;
10358;Saint-Parres-lès-Vaudes;0.3;
10359;Saint-Phal;94.7;
10360;Saint-Pouange;58.5;
10361;Saint-Remy-sous-Barbuise;138.1;
10362;Sainte-Savine;82.4;
10363;Saint-Thibault;161;
10364;Saint-Usage;29;
10365;Salon;156.6;
10366;Saulcy;67;
10367;La Saulsotte;158.5;
10368;Savières;112.3;
10369;Semoine;139;
10370;Soligny-les-Étangs;191.7;
10371;Sommeval;142.8;
10372;Soulaines-Dhuys;120.7;
10373;Souligny;126.2;*
10374;Spoy;13.3;
10375;Thennelières;86.8;
10376;Thieffrain;126.1;
10377;Thil;135.6;
10378;Thors;132.7;
10379;Torcy-le-Grand;191.2;
10380;Torcy-le-Petit;195.9;*
10381;Torvilliers;79.4;
10382;Traînel;159.2;
10383;Trancault;200.2;
10384;Trannes;58.3;
10386;Trouans;137.8;
10387;Troyes;19.8;
10388;Turgy;148.7;
10389;Unienville;118.2;
10390;Urville;24.6;
10391;Vailly;160;
10392;Vallant-Saint-Georges;108.3;
10393;Vallentigny;185.3;
10394;Vallières;133.1;*
10395;Vanlay;132.7;
10396;Vauchassis;122;
10397;Vauchonvilliers;154.4;
10398;Vaucogne;166.8;
10399;Vaudes;20.5;
10400;Vaupoisson;138.9;
10401;Vendeuvre-sur-Barse;150.5;
10402;La Vendue-Mignot;99.7;
10403;Vernonvilliers;26.8;
10404;Verpillières-sur-Ource;34.5;
10405;Verricourt;102.6;
10406;Verrières;71.7;
10408;Viâpres-le-Petit;155.7;
10409;Villacerf;110.4;
10410;Villadin;43;
10411;La Ville-aux-Bois;N/A - division par 0;
10412;Villechétif;105;
10414;Villeloup;192.7;
10416;Villemereuil;101.2;*
10417;Villemoiron-en-Othe;136.7;
10418;Villemorien;95.3;
10419;Villemoyenne;233;
10420;Villenauxe-la-Grande;25.2;
10421;La Villeneuve-au-Châtelot;98.4;
10422;Villeneuve-au-Chemin;169.8;
10423;La Villeneuve-au-Chêne;122.9;
10424;Villeret;42.1;
10425;Villery;336.9;
10426;Ville-sous-la-Ferté;N/A - division par 0;
10427;Ville-sur-Arce;12.2;
10428;Ville-sur-Terre;156.1;
10429;Villette-sur-Aube;123.7;
10430;Villiers-Herbisse;152.7;
10431;Villiers-le-Bois;131.6;
10432;Villiers-sous-Praslin;165.6;
10433;Villy-en-Trodes;142.7;
10434;Villy-le-Bois;118.1;
10435;Villy-le-Maréchal;122.1;
10436;Vinets;96.3;
10437;Virey-sous-Bar;74;
10438;Vitry-le-Croisé;40.5;
10439;Viviers-sur-Artaut;11.1;
10440;Voigny;7;
10441;Vosnon;44.1;
10442;Voué;118.3;
10443;Vougrey;191.6;
10444;Vulaines;329.3;
10445;Yèvres-le-Petit;112.3;
11001;Aigues-Vives;34.4;
11002;Airoux;107.6;
11003;Ajac;20.7;
11004;Alaigne;43.3;
11005;Alairac;61.2;
11006;Albas;49.1;
11007;Albières;43.3;
11008;Alet-les-Bains;129.4;
11009;Alzonne;58.2;
11010;Antugnac;41.7;
11011;Aragon;17.5;
11012;Argeliers;9.2;
11013;Argens-Minervois;9.8;
11014;Armissan;10.1;
11015;Arques;20.7;
11016;Arquettes-en-Val;65.3;
11017;Artigues;0;
11018;Arzens;36.4;
11019;Aunat;63.1;
11020;Auriac;104.1;
11021;Axat;N/A - division par 0;
11022;Azille;18.4;
11023;Badens;33;
11024;Bages;20.6;
11025;Bagnoles;32.1;
11026;Baraigne;160.7;
11027;Barbaira;25;
11028;Belcaire;123.5;
11029;Belcastel-et-Buc;76.7;
11030;Belflou;68.2;
11031;Belfort-sur-Rebenty;26;
11032;Bellegarde-du-Razès;41.4;
11033;Belpech;82.8;
11034;Belvèze-du-Razès;25.1;
11035;Belvianes-et-Cavirac;27.1;
11036;Belvis;59.1;
11037;Berriac;95.9;
11038;Bessède-de-Sault;160.8;
11039;La Bezole;82.4;
11040;Bizanet;23.2;
11041;Bize-Minervois;10.6;
11042;Blomac;16.9;
11043;Bouilhonnac;18.3;
11044;Bouisse;103.2;
11045;Bouriège;18.9;
11046;Bourigeole;41.8;
11047;Le Bousquet;70.1;*
11048;Boutenac;37.1;
11049;Bram;66.9;
11051;Brézilhac;47.6;
11052;Brousses-et-Villaret;70;
11053;Brugairolles;24.5;
11054;Les Brunels;71.7;
11055;Bugarach;88.5;
11056;Cabrespine;54.2;
11057;Cahuzac;72.8;
11058;Cailhau;49.5;
11059;Cailhavel;61.2;
11060;Cailla;125.1;
11061;Cambieure;61.7;
11062;Campagna-de-Sault;201.4;
11063;Campagne-sur-Aude;87.6;
11064;Camplong-d'Aude;20.8;
11065;Camps-sur-l'Agly;109;
11066;Camurac;169.6;
11067;Canet;28.9;
11068;Capendu;19.6;
11069;Carcassonne;38.3;
11070;Carlipa;98.8;
11071;Cascastel-des-Corbières;11.4;
11072;La Cassaigne;59.4;
11073;Cassaignes;61.9;
11074;Les Cassés;89.4;
11075;Castans;22.7;
11076;Castelnaudary;79.1;
11077;Castelnau-d'Aude;9.2;
11078;Castelreng;23.3;
11079;Caudebronde;N/A - division par 0;
11080;Val de Lambronne;72.6;
11081;Caunes-Minervois;12.7;
11082;Caunette-sur-Lauquet;31.7;
11083;Caunettes-en-Val;1.8;
11084;Caux-et-Sauzens;35.5;
11085;Cavanac;19.8;
11086;Caves;11.2;
11087;Cazalrenoux;79.1;
11088;Cazilhac;14.7;
11089;Cenne-Monestiés;115.1;
11090;Cépie;22.1;
11091;Chalabre;62.6;
11092;Citou;10.3;
11093;Le Clat;49.9;
11094;Clermont-sur-Lauquet;38.3;
11095;Comigne;4.8;
11096;Comus;147.5;
11098;Conilhac-Corbières;11.1;
11099;Conques-sur-Orbiel;26;
11100;Corbières;198.8;
11101;Coudons;37.6;
11102;Couffoulens;28.9;
11103;Couiza;31.5;*
11104;Counozouls;126;*
11105;Cournanel;14;
11106;Coursan;20;
11107;Courtauly;54.7;
11108;La Courtète;39.9;
11109;Coustaussa;8.4;
11110;Coustouge;9.6;
11111;Cruscades;21.1;
11112;Cubières-sur-Cinoble;58.5;
11113;Cucugnan;32;
11114;Cumiès;61.4;
11115;Cuxac-Cabardès;65.5;
11116;Cuxac-d'Aude;23.1;
11117;Davejean;46.7;
11118;Dernacueillette;120.4;
11119;La Digne-d'Amont;11.7;
11120;La Digne-d'Aval;30.6;
11121;Donazac;18.6;
11122;Douzens;29.7;
11123;Duilhac-sous-Peyrepertuse;74.4;
11124;Durban-Corbières;10.3;
11125;Embres-et-Castelmaure;12;
11126;Escales;21.4;
11127;Escouloubre;90.3;*
11128;Escueillens-et-Saint-Just-de-Bélengard;41.7;
11129;Espéraza;20.7;*
11130;Espezel;48.5;
11131;Val-du-Faby;52.8;
11132;Fabrezan;20.1;
11133;Fajac-en-Val;131.1;
11134;Fajac-la-Relenque;113.9;
11135;La Fajolle;5;
11136;Fanjeaux;108.3;
11137;Félines-Termenès;29.6;
11138;Fendeille;71.3;
11139;Fenouillet-du-Razès;112.2;
11140;Ferrals-les-Corbières;8.5;
11141;Ferran;78.7;
11142;Festes-et-Saint-André;39.5;
11143;Feuilla;38.2;
11144;Fitou;12.1;
11145;Fleury;19.1;
11146;Floure;13.2;
11147;Fontanès-de-Sault;83.3;
11148;Fontcouverte;18.9;
11149;Fonters-du-Razès;140.8;
11150;Fontiers-Cabardès;42.9;
11151;Fontiès-d'Aude;26;
11152;Fontjoncouse;13.7;
11153;La Force;65.1;
11154;Fournes-Cabardès;127.3;
11155;Fourtou;66.6;
11156;Fraisse-Cabardès;138.2;
11157;Fraissé-des-Corbières;19.8;*
11158;Gaja-et-Villedieu;30.5;
11159;Gaja-la-Selve;90.3;
11160;Galinagues;18.8;
11161;Gardie;29.2;
11162;Generville;83.2;
11163;Gincla;33.4;
11164;Ginestas;9.3;
11165;Ginoles;35.1;
11166;Gourvieille;125.8;
11167;Gramazie;138.8;
11168;Granès;61.9;
11169;Greffeil;47.9;
11170;Gruissan;11.6;
11172;Homps;14.6;
11173;Hounoux;57.6;
11174;Les Ilhes;N/A - division par 0;
11175;Issel;48.4;
11176;Jonquières;13.1;
11177;Joucou;N/A - division par 0;
11178;Labastide-d'Anjou;67.1;
11179;Labastide-en-Val;50.4;
11180;Labastide-Esparbairenque;68.3;
11181;Labécède-Lauragais;72.5;
11182;Lacombe;184.5;
11183;Ladern-sur-Lauquet;31.5;
11184;Lafage;60.4;
11185;Lagrasse;25.1;
11186;Lairière;61.7;
11187;Lanet;49.7;
11188;La Palme;18.7;
11189;Laprade;N/A - division par 0;
11190;La Redorte;15.7;
11191;Laroque-de-Fa;83.5;
11192;Lasbordes;93.4;
11193;Lasserre-de-Prouille;34.3;
11194;Lastours;0.3;
11195;Laurabuc;99.2;
11196;Laurac;69.9;
11197;Lauraguel;26;
11198;Laure-Minervois;20.9;
11199;Lavalette;25.8;
11200;Lespinassière;6.8;
11201;Leuc;43.1;
11202;Leucate;8.3;
11203;Lézignan-Corbières;20.2;
11204;Lignairolles;29;
11205;Limousis;14.5;
11206;Limoux;16.2;
11207;Loupia;19;
11208;La Louvière-Lauragais;134.8;
11209;Luc-sur-Aude;31.9;
11210;Luc-sur-Orbieu;31;
11211;Magrie;5.7;
11212;Mailhac;10.9;
11213;Maisons;1.6;
11214;Malras;16.3;
11215;Malves-en-Minervois;41;
11216;Malviès;31.6;
11217;Marcorignan;12.1;
11218;Marquein;54.1;
11219;Marsa;24.6;
11220;Marseillette;19.2;
11221;Les Martys;136.6;
11222;Mas-Cabardès;14.5;
11223;Mas-des-Cours;16.7;
11224;Massac;163.5;
11225;Mas-Saintes-Puelles;67;
11226;Mayreville;87.1;
11227;Mayronnes;57.3;
11228;Mazerolles-du-Razès;56.8;
11229;Mazuby;235.7;
11230;Mérial;217.9;*
11231;Mézerville;86.7;
11232;Miraval-Cabardès;N/A - division par 0;
11233;Mirepeisset;15.3;
11234;Mireval-Lauragais;118.7;
11235;Missègre;53.9;
11236;Molandier;124.3;
11238;Molleville;190.3;
11239;Montauriol;93.8;
11240;Montazels;9.7;
11241;Montbrun-des-Corbières;17.8;
11242;Montclar;34.4;
11243;Montferrand;94.6;
11244;Montfort-sur-Boulzane;69.1;*
11245;Montgaillard;13.3;
11246;Montgradail;83.9;
11247;Monthaut;62.5;
11248;Montirat;53.2;
11249;Montjardin;93.3;
11250;Montjoi;N/A - division par 0;
11251;Val-de-Dagne;22.5;
11252;Montmaur;51.6;
11253;Montolieu;49.3;
11254;Montréal;92.8;
11255;Montredon-des-Corbières;19.9;
11256;Montséret;23.1;
11257;Monze;13.9;
11258;Moussan;15.5;
11259;Moussoulens;56.1;
11260;Mouthoumet;85.3;
11261;Moux;16;
11262;Narbonne;28.2;
11263;Nébias;62.7;
11264;Névian;15.2;
11265;Niort-de-Sault;285.8;
11266;Port-la-Nouvelle;19.1;
11267;Ornaisons;15.5;
11268;Orsans;68.8;
11269;Ouveillan;17.4;
11270;Padern;8.3;
11271;Palairac;46.1;
11272;Palaja;37.9;
11273;Paraza;19.3;
11274;Pauligne;23.8;
11275;Payra-sur-l'Hers;108.1;
11276;Paziols;12.5;
11277;Pécharic-et-le-Py;119.9;
11278;Pech-Luna;62.2;
11279;Pennautier;56.8;
11280;Pépieux;18.6;
11281;Pexiora;107.2;
11282;Peyrefitte-du-Razès;47.5;
11283;Peyrefitte-sur-l'Hers;42.2;
11284;Peyrens;97.3;
11285;Peyriac-de-Mer;20.5;
11286;Peyriac-Minervois;15;
11287;Peyrolles;105.7;
11288;Pezens;29.1;
11289;Pieusse;31.2;
11290;Plaigne;102.2;
11291;Plavilla;196;
11292;La Pomarède;63.6;
11293;Pomas;25.9;
11294;Pomy;151.1;
11295;Portel-des-Corbières;13.1;
11296;Pouzols-Minervois;12;
11297;Pradelles-Cabardès;49.4;
11299;Preixan;18.2;
11300;Puginier;139.2;
11301;Puichéric;23.8;
11302;Puilaurens;71.8;
11303;Puivert;101.4;
11304;Quillan;84.2;
11305;Quintillan;10.2;
11306;Quirbajou;N/A - division par 0;
11307;Raissac-d'Aude;19.2;
11308;Raissac-sur-Lampy;81.3;
11309;Rennes-le-Château;175.9;
11310;Rennes-les-Bains;74.9;
11311;Ribaute;18;
11312;Ribouisse;84.6;
11313;Ricaud;46.6;
11314;Rieux-en-Val;13.7;
11315;Rieux-Minervois;15.3;
11316;Rivel;98;
11317;Rodome;28.8;
11318;Roquecourbe-Minervois;22.5;
11319;Roquefère;N/A - division par 0;
11320;Roquefeuil;79.9;
11321;Roquefort-de-Sault;56.6;*
11322;Roquefort-des-Corbières;15.7;
11323;Roquetaillade-et-Conilhac;36.2;
11324;Roubia;18;
11325;Rouffiac-d'Aude;10.9;
11326;Rouffiac-des-Corbières;116;
11327;Roullens;54.7;
11328;Routier;22;
11330;Rustiques;36.6;
11331;Saint-Amans;110.3;
11332;Saint-André-de-Roquelongue;18;
11333;Saint-Benoît;52.5;
11334;Sainte-Camelle;99;
11335;Sainte-Colombe-sur-Guette;N/A - division par 0;
11336;Sainte-Colombe-sur-l'Hers;126.7;
11337;Saint-Couat-d'Aude;22.8;
11338;Saint-Couat-du-Razès;66.2;
11339;Saint-Denis;68.2;
11340;Sainte-Eulalie;79.1;
11341;Saint-Ferriol;24.8;
11342;Saint-Frichoux;43.3;
11343;Saint-Gaudéric;67;
11344;Saint-Hilaire;27.4;
11345;Saint-Jean-de-Barrou;8.6;
11346;Saint-Jean-de-Paracol;47.8;
11347;Saint-Julia-de-Bec;9.8;
11348;Saint-Julien-de-Briola;78.7;
11350;Saint-Just-et-le-Bézu;82.6;
11351;Saint-Laurent-de-la-Cabrerisse;38.7;
11352;Saint-Louis-et-Parahou;62.3;
11353;Saint-Marcel-sur-Aude;13.4;
11354;Saint-Martin-des-Puits;N/A - division par 0;
11355;Saint-Martin-de-Villereglan;32.3;
11356;Saint-Martin-Lalande;53.2;
11357;Saint-Martin-le-Vieil;75.1;
11358;Saint-Martin-Lys;N/A - division par 0;
11359;Saint-Michel-de-Lanès;33.3;
11360;Saint-Nazaire-d'Aude;11.8;
11361;Saint-Papoul;84.2;
11362;Saint-Paulet;50.9;
11363;Saint-Pierre-des-Champs;23.5;
11364;Saint-Polycarpe;37.5;
11365;Saint-Sernin;135;
11366;Sainte-Valière;10.2;
11367;Saissac;98;
11368;Sallèles-Cabardès;15.2;
11369;Sallèles-d'Aude;17.6;
11370;Salles-d'Aude;12.6;
11371;Salles-sur-l'Hers;83.3;
11372;Salsigne;33.6;
11373;Salvezines;190.8;
11374;Salza;113.7;
11375;Seignalens;65.9;
11376;La Serpent;24.1;
11377;Serres;17.2;
11378;Serviès-en-Val;54.4;
11379;Sigean;11.1;
11380;Sonnac-sur-l'Hers;68.2;
11381;Sougraigne;38.8;
11382;Souilhanels;43.9;
11383;Souilhe;110;*
11384;Soulatgé;40.2;
11385;Soupex;109.6;
11386;Talairan;23.1;
11387;Taurize;47.3;
11388;Termes;39.1;
11389;Terroles;77.9;
11390;Thézan-des-Corbières;23;
11391;La Tourette-Cabardès;N/A - division par 0;
11392;Tournissan;18.7;
11393;Tourouzelle;24.7;
11394;Tourreilles;33.1;*
11395;Trassanel;24;*
11396;Trausse;19.2;
11397;Trèbes;26.6;
11398;Treilles;6;
11399;Tréville;16.2;
11400;Tréziers;18.3;
11401;Tuchan;14.6;
11402;Valmigère;21;
11404;Ventenac-Cabardès;22.6;
11405;Ventenac-en-Minervois;11.9;
11406;Véraza;80.5;
11407;Verdun-en-Lauragais;89.2;
11408;Verzeille;9.2;
11409;Vignevieille;67.2;
11410;Villalier;26.1;
11411;Villanière;N/A - division par 0;
11412;Villardebelle;74.3;
11413;Villardonnel;64.4;
11414;Villar-en-Val;36.4;
11415;Villar-Saint-Anselme;16.7;
11416;Villarzel-Cabardès;21.3;
11417;Villarzel-du-Razès;78.2;
11418;Villasavary;115.8;
11419;Villautou;111.2;
11420;Villebazy;14.3;
11421;Villedaigne;11.6;
11422;Villedubert;14.2;*
11423;Villefloure;80.3;
11424;Villefort;100.8;
11425;Villegailhenc;16.3;*
11426;Villegly;14.2;
11427;Villelongue-d'Aude;19.6;
11428;Villemagne;49.6;
11429;Villemoustaussou;60.2;
11430;Villeneuve-la-Comptal;53.6;
11431;Villeneuve-les-Corbières;13.8;
11432;Villeneuve-lès-Montréal;23.6;
11433;Villeneuve-Minervois;22.7;
11434;Villepinte;81.3;
11435;Villerouge-Termenès;37.9;
11436;Villesèque-des-Corbières;13.5;
11437;Villesèquelande;20.5;
11438;Villesiscle;31.3;
11439;Villespy;30.6;
11440;Villetritouls;17;
11441;Vinassan;20.1;
12001;Agen-d'Aveyron;42.3;
12002;Aguessac;142.7;
12003;Les Albres;40.5;
12004;Almont-les-Junies;37.8;
12006;Alrance;72.2;
12007;Ambeyrac;37.9;
12008;Anglars-Saint-Félix;51.4;
12009;Arnac-sur-Dourdou;32.5;
12010;Arques;66.9;
12011;Arvieu;60.5;
12012;Asprières;31.7;
12013;Aubin;57.5;
12015;Auriac-Lagast;79;
12016;Auzits;32.9;
12017;Ayssènes;54.1;
12018;Balaguier-d'Olt;106.2;
12019;Balaguier-sur-Rance;68.2;
12021;Le Bas Ségala;51.1;
12022;La Bastide-Pradines;109.4;
12023;La Bastide-Solages;92.5;
12024;Belcastel;33;
12025;Belmont-sur-Rance;80;
12026;Bertholène;80.2;
12027;Bessuéjouls;41.9;
12028;Boisse-Penchot;25.1;
12029;Bor-et-Bar;36;
12030;Bouillac;39.7;
12031;Bournazel;61.7;*
12032;Boussac;42.4;
12033;Bozouls;79.4;
12034;Brandonnet;38.2;
12035;Brasc;77.8;
12036;Brommat;81;
12037;Broquiès;68.9;
12038;Brousse-le-Château;46.7;
12039;Brusque;63.8;
12041;Cabanès;40.5;
12042;Calmels-et-le-Viala;74;
12043;Calmont;41.4;
12044;Camarès;90;
12045;Camboulazet;46.1;
12046;Camjac;43.7;
12047;Campagnac;113.2;
12048;Campouriez;45.6;
12049;Campuac;54.7;
12050;Canet-de-Salars;68.4;
12051;Cantoin;108.2;
12052;Capdenac-Gare;38.5;*
12053;La Capelle-Balaguier;76.3;
12054;La Capelle-Bleys;55.6;
12055;La Capelle-Bonance;64.7;
12056;Baraqueville;54.8;
12057;Cassagnes-Bégonhès;47.9;
12058;Cassuéjouls;77;
12059;Castanet;57.6;
12060;Castelmary;63.4;
12061;Castelnau-de-Mandailles;59.1;
12062;Castelnau-Pégayrols;84.2;
12063;La Cavalerie;146.3;
12064;Le Cayrol;57;
12065;Centrès;40.9;
12066;Clairvaux-d'Aveyron;33.4;
12067;Le Clapier;140.5;
12068;Colombiès;46.6;
12069;Combret;77.3;
12070;Compeyre;45.3;
12071;Compolibat;45.2;
12072;Comprégnac;101.4;
12073;Comps-la-Grand-Ville;55;
12074;Condom-d'Aubrac;70.3;
12075;Connac;33.4;
12076;Conques-en-Rouergue;38.9;
12077;Cornus;224.3;
12078;Les Costes-Gozon;97.8;
12079;Coubisou;46.1;
12080;Coupiac;69.6;
12082;La Couvertoirade;270;
12083;Cransac;58.8;
12084;Creissels;187.7;
12085;Crespin;48.2;
12086;La Cresse;34;
12088;Curières;112.6;
12089;Decazeville;31;
12090;Druelle Balsac;52.4;
12091;Drulhe;49.4;
12092;Durenque;58.8;
12093;Le Fel;47.2;
12094;Entraygues-sur-Truyère;43.1;
12095;Escandolières;46.9;
12096;Espalion;42.1;
12097;Espeyrac;50.6;
12098;Estaing;38.8;
12099;Fayet;26.2;
12100;Firmi;52.1;
12101;Flagnac;42.1;
12102;Flavin;47.7;
12103;Florentin-la-Capelle;81.3;
12104;Foissac;34.1;
12105;La Fouillade;44.3;
12106;Gabriac;90.3;
12107;Gaillac-d'Aveyron;90.6;
12108;Galgan;50.3;
12109;Gissac;185;
12110;Golinhac;53.8;
12111;Goutrens;54.8;
12113;Gramond;43.2;
12115;L'Hospitalet-du-Larzac;63.2;
12116;Huparlac;101.5;
12118;Lacroix-Barrez;65.7;
12119;Laguiole;103.1;
12120;Laissac-Sévérac l'Église;82.5;
12121;Lanuéjouls;46;
12122;Lapanouse-de-Cernon;338.7;
12124;Lassouts;68;
12125;Laval-Roquecezière;58.8;
12127;Lédergues;51.2;
12128;Lescure-Jaoul;37.4;
12129;Lestrade-et-Thouels;63.5;
12130;Livinhac-le-Haut;34.6;
12131;La Loubière;109.9;
12133;Luc-la-Primaube;34.6;
12134;Lugan;43.2;
12135;Lunac;38.4;
12136;Maleville;38.8;
12137;Manhac;44.2;
12138;Marcillac-Vallon;49.4;
12139;Marnhagues-et-Latour;50.1;
12140;Martiel;56.7;
12141;Martrin;47.5;
12142;Mayran;36;
12143;Mélagues;73.8;
12144;Meljac;38.7;
12145;Millau;185.1;
12146;Le Monastère;47.8;
12147;Montagnol;69;
12148;Montbazens;41.5;
12149;Montclar;62.6;
12150;Monteils;24.9;
12151;Montézic;62.7;
12152;Montfranc;135.3;
12153;Montjaux;51.3;
12154;Montlaur;93.2;
12155;Fondamente;165;
12156;Montpeyroux;86.1;
12157;Montrozier;88.5;
12158;Montsalès;38.9;
12159;Morlhon-le-Haut;44.8;
12160;Mostuéjouls;18.5;
12161;Mouret;36.8;
12162;Moyrazès;43.2;
12163;Murasson;80.2;
12164;Mur-de-Barrez;77.1;
12165;Muret-le-Château;72.4;
12166;Murols;38;
12167;Najac;62.5;
12168;Nant;106;
12169;Naucelle;39.3;
12170;Naussac;47.1;
12171;Nauviale;36.2;
12172;Le Nayrac;52.5;
12174;Olemps;45.3;
12175;Ols-et-Rinhodes;85;
12176;Onet-le-Château;77.8;
12177;Palmas d'Aveyron;100.2;
12178;Paulhe;39.2;
12179;Peux-et-Couffouleux;133.4;
12180;Peyreleau;169.6;
12181;Peyrusse-le-Roc;64.6;
12182;Pierrefiche;105;
12183;Plaisance;42.7;
12184;Pomayrols;74.2;
12185;Pont-de-Salars;55.5;
12186;Pousthomy;63.8;
12187;Prades-d'Aubrac;85.1;
12188;Prades-Salars;96.2;
12189;Pradinas;45.8;
12190;Prévinquières;55.8;
12191;Privezac;37.6;
12192;Mounes-Prohencoux;121.5;
12193;Pruines;38.1;
12194;Quins;33.3;
12195;Rebourguil;103.9;
12197;Réquista;53.4;
12198;Rieupeyroux;45.6;
12199;Rignac;43.7;
12200;Rivière-sur-Tarn;55;
12201;Rodelle;75.7;
12202;Rodez;21.4;
12203;Roquefort-sur-Soulzon;119.4;
12204;La Roque-Sainte-Marguerite;167.3;
12205;La Rouquette;62.8;
12206;Roussennac;44.4;
12207;Rullac-Saint-Cirq;57.7;
12208;Saint-Affrique;96.8;
12209;Saint-Amans-des-Cots;85;
12210;Saint-André-de-Najac;53.1;
12211;Saint-André-de-Vézines;389;
12212;Saint-Beaulize;149.9;
12213;Saint-Beauzély;100.3;
12214;Saint-Chély-d'Aubrac;83.6;
12215;Saint-Christophe-Vallon;50.1;
12216;Saint-Côme-d'Olt;52.6;
12217;Sainte-Croix;72.2;
12219;Sainte-Eulalie-d'Olt;46.5;
12220;Sainte-Eulalie-de-Cernon;287.1;
12221;Saint-Félix-de-Lunel;46.3;
12222;Saint-Félix-de-Sorgues;93.1;
12223;Argences en Aubrac;98.6;
12224;Saint Geniez d'Olt et d'Aubrac;85.1;
12225;Saint-Georges-de-Luzençon;170.7;
12226;Saint-Hippolyte;46;
12227;Saint-Igest;56.1;
12228;Saint-Izaire;86.7;
12229;Saint-Jean-d'Alcapiès;187.3;
12230;Saint-Jean-Delnous;65.9;
12231;Saint-Jean-du-Bruel;50.2;
12232;Saint-Jean-et-Saint-Paul;232.1;
12233;Saint-Juéry;74.9;
12234;Sainte-Juliette-sur-Viaur;42.9;
12235;Saint-Just-sur-Viaur;45.6;
12236;Saint-Laurent-de-Lévézou;118;
12237;Saint-Laurent-d'Olt;54;
12238;Saint-Léons;89.3;
12239;Saint-Martin-de-Lenne;107.9;
12240;Saint-Parthem;30.4;
12241;Sainte-Radegonde;74.8;
12242;Saint-Rémy;54.9;
12243;Saint-Rome-de-Cernon;136.5;
12244;Saint-Rome-de-Tarn;157.5;
12246;Saint-Santin;64.8;
12247;Saint-Saturnin-de-Lenne;112.1;
12248;Saint-Sernin-sur-Rance;51.3;
12249;Saint-Sever-du-Moustier;91.3;
12250;Saint-Symphorien-de-Thénières;73.3;
12251;Saint-Victor-et-Melvieu;45.5;
12252;Salles-Courbatiès;55.6;
12253;Salles-Curan;79.9;
12254;Salles-la-Source;74.6;
12255;Salmiech;52;
12256;Salvagnac-Cajarc;43.3;
12257;Causse-et-Diège;61.4;
12258;La Salvetat-Peyralès;49.6;
12259;Sanvensa;33.7;
12260;Sauclières;240;
12261;Saujac;57.2;
12262;Sauveterre-de-Rouergue;43.3;
12263;Savignac;88.4;
12264;Sébazac-Concourès;97.9;
12265;Sébrazac;40.8;
12266;Ségur;82.1;
12267;La Selve;55.9;
12268;Sénergues;58.2;
12269;La Serre;57.8;
12270;Sévérac d'Aveyron;123.1;
12272;Sonnac;58.4;
12273;Soulages-Bonneval;85.5;
12274;Sylvanès;71;
12275;Tauriac-de-Camarès;89.9;
12276;Tauriac-de-Naucelle;48.5;
12277;Taussac;75.6;
12278;Tayrac;44.9;
12280;Thérondels;86.5;
12281;Toulonjac;50.6;
12282;Tournemire;78.5;
12283;Trémouilles;45;
12284;Le Truel;71.1;
12286;Vabres-l'Abbaye;57.7;
12287;Vailhourles;62.7;
12288;Valady;43;
12289;Valzergues;51.8;
12290;Vaureilles;37;
12291;Verrières;115.2;
12292;Versols-et-Lapeyre;110.8;
12293;Veyreau;134.4;
12294;Vézins-de-Lévézou;92.3;
12295;Viala-du-Pas-de-Jaux;416;
12296;Viala-du-Tarn;52.6;
12297;Le Vibal;61;
12298;Villecomtal;41.2;
12299;Villefranche-de-Panat;62.6;
12300;Villefranche-de-Rouergue;46.7;
12301;Villeneuve;58.1;
12303;Vimenet;63.5;
12305;Viviez;1;
12307;Curan;86.8;
13001;Aix-en-Provence;28.7;
13002;Allauch;16.7;*
13003;Alleins;54.6;*
13004;Arles;104.5;
13005;Aubagne;3.6;
13006;Aureille;38.9;
13007;Auriol;2.8;
13008;Aurons;20.9;
13009;La Barben;29.9;
13010;Barbentane;20.2;
13011;Les Baux-de-Provence;14.2;
13012;Beaurecueil;1.8;
13013;Belcodène;3;
13014;Berre-l'Étang;8.5;
13015;Bouc-Bel-Air;11.3;
13016;La Bouilladisse;21.5;
13017;Boulbon;16.1;
13018;Cabannes;11;
13019;Cabriès;24.4;*
13020;Cadolive;N/A - division par 0;
13021;Carry-le-Rouet;N/A - division par 0;
13022;Cassis;21.4;
13023;Ceyreste;0.7;
13024;Charleval;49.1;
13025;Châteauneuf-le-Rouge;23.4;
13026;Châteauneuf-les-Martigues;2.8;
13027;Châteaurenard;7.1;
13028;La Ciotat;4;
13029;Cornillon-Confoux;51;
13030;Cuges-les-Pins;38.6;
13031;La Destrousse;0.7;
13032;Éguilles;34.3;
13033;Ensuès-la-Redonne;39.2;
13034;Eygalières;12;
13035;Eyguières;51;
13036;Eyragues;7.4;
13037;La Fare-les-Oliviers;8.1;
13038;Fontvieille;34.4;
13039;Fos-sur-Mer;102.2;
13040;Fuveau;20;
13041;Gardanne;10.5;
13042;Gémenos;23.5;
13043;Gignac-la-Nerthe;23.6;
13044;Grans;33.5;
13045;Graveson;14.9;
13046;Gréasque;N/A - division par 0;
13047;Istres;63.3;
13048;Jouques;26.6;
13049;Lamanon;48.4;
13050;Lambesc;20.4;
13051;Lançon-Provence;33.3;
13052;Maillane;18.3;
13053;Mallemort;13.8;
13054;Marignane;2.7;
13055;Marseille;3.2;
13056;Martigues;11.8;
13057;Mas-Blanc-des-Alpilles;17.7;
13058;Maussane-les-Alpilles;40.8;
13059;Meyrargues;50.8;
13060;Meyreuil;22.1;
13061;Saint-Pierre-de-Mézoargues;28.2;
13062;Mimet;41.3;
13063;Miramas;53.1;
13064;Mollégès;29;
13065;Mouriès;24.5;*
13066;Noves;14.6;
13067;Orgon;16.9;
13068;Paradou;26.3;
13069;Pélissanne;9.9;
13070;La Penne-sur-Huveaune;0;
13071;Les Pennes-Mirabeau;5.5;
13072;Peynier;42.1;
13073;Peypin;4.9;
13074;Peyrolles-en-Provence;53.2;
13075;Plan-de-Cuques;1.6;
13076;Plan-d'Orgon;9.9;
13077;Port-de-Bouc;12.2;
13078;Port-Saint-Louis-du-Rhône;365.6;
13079;Puyloubier;16.2;
13080;Le Puy-Sainte-Réparade;44.9;
13081;Rognac;8.7;
13082;Rognes;22.8;
13083;Rognonas;11.1;
13084;La Roque-d'Anthéron;33.6;
13085;Roquefort-la-Bédoule;7.2;
13086;Roquevaire;2.6;
13087;Rousset;12.4;
13088;Le Rove;135.5;
13089;Saint-Andiol;18.8;
13090;Saint-Antonin-sur-Bayon;38;
13091;Saint-Cannat;46.6;
13092;Saint-Chamas;39;
13093;Saint-Estève-Janson;70;
13094;Saint-Étienne-du-Grès;38.9;
13095;Saint-Marc-Jaumegarde;27;
13096;Saintes-Maries-de-la-Mer;156.2;
13097;Saint-Martin-de-Crau;74.2;
13098;Saint-Mitre-les-Remparts;3.5;
13099;Saint-Paul-lès-Durance;115.8;
13100;Saint-Rémy-de-Provence;17.5;
13101;Saint-Savournin;N/A - division par 0;
13102;Saint-Victoret;1.5;
13103;Salon-de-Provence;70.8;
13104;Sausset-les-Pins;3.6;
13105;Sénas;18.1;
13106;Septèmes-les-Vallons;74.4;
13107;Simiane-Collongue;42.2;
13108;Tarascon;44.1;
13109;Le Tholonet;8.5;
13110;Trets;24.6;
13111;Vauvenargues;88;
13112;Velaux;14.7;
13113;Venelles;14.6;
13114;Ventabren;23.9;
13115;Vernègues;28.4;
13116;Verquières;17.6;
13117;Vitrolles;98.5;
13118;Coudoux;11;
13119;Carnoux-en-Provence;N/A - division par 0;
14001;Ablon;62.9;
14003;Agy;37.5;
14005;Valambray;135;
14006;Amayé-sur-Orne;172.4;*
14007;Amayé-sur-Seulles;85.3;
14009;Amfreville;129.5;*
14011;Aurseulles;65.4;
14012;Angerville;41.2;*
14014;Colomby-Anguerny;104.3;
14015;Anisy;71.7;
14016;Annebault;32.7;
14019;Arganchy;74.1;
14020;Argences;34.8;
14021;Arromanches-les-Bains;N/A - division par 0;
14022;Asnelles;126.5;
14023;Asnières-en-Bessin;105.2;
14024;Auberville;0.5;
14025;Aubigny;99.6;
14026;Audrieu;117.9;
14027;Les Monts d'Aunay;74.7;
14030;Authie;83.5;
14032;Les Authieux-sur-Calonne;51.2;
14033;Auvillars;52.3;
14034;Avenay;106;
14035;Balleroy-sur-Drôme;60.6;
14036;Banneville-la-Campagne;84.3;
14037;Malherbe-sur-Ajon;72;
14038;Banville;64.2;
14039;Barbery;93.7;
14040;Barbeville;76;
14041;Barneville-la-Bertran;59.4;
14042;Baron-sur-Odon;75.8;
14043;Barou-en-Auge;83.8;
14044;Basly;66.2;
14045;Basseneville;40.2;*
14046;Bavent;63.6;
14047;Bayeux;4.5;*
14049;Bazenville;72.5;
14050;La Bazoque;49;
14053;Beaumais;79;
14054;Beaumesnil;47.4;
14055;Beaumont-en-Auge;54.6;
14057;Bellengreville;101;
14059;Benerville-sur-Mer;N/A - division par 0;
14060;Bénouville;N/A - division par 0;
14061;Souleuvre en Bocage;58.5;
14062;Bény-sur-Mer;72.7;
14063;Bernesq;39.7;
14064;Bernières-d'Ailly;59.2;
14066;Bernières-sur-Mer;94.3;
14068;Biéville-Beuville;125.3;
14069;Beuvillers;39.1;
14070;Beuvron-en-Auge;58.3;
14076;Blainville-sur-Orne;19.2;
14077;Blangy-le-Château;28.2;
14078;Blay;134;
14079;Blonville-sur-Mer;40.2;
14080;Le Bô;64.2;
14082;La Boissière;79.5;
14083;Bonnebosq;77.1;
14084;Bonnemaison;42.5;
14085;Bonneville-la-Louvet;39.1;
14086;Bonneville-sur-Touques;52.4;
14087;Bonnœil;69.1;
14088;Bons-Tassilly;93.2;
14089;Bougy;6.1;
14090;Boulon;136.7;
14091;Bourgeauville;54.4;
14092;Bourguébus;166;
14093;Branville;39.9;
14096;Brémoy;94.9;
14097;Bretteville-le-Rabet;84.2;
14098;Thue et Mue;82.3;
14100;Bretteville-sur-Laize;81.7;
14101;Bretteville-sur-Odon;4.6;
14102;Le Breuil-en-Auge;41.6;
14103;Le Breuil-en-Bessin;46.3;
14104;Le Brévedent;26;*
14106;Bréville-les-Monts;112.9;
14107;Bricqueville;77.9;
14110;Brucourt;35.2;
14111;Bucéels;41.8;
14116;Le Bû-sur-Rouvres;55.4;
14117;Cabourg;8.7;*
14118;Caen;8.4;
14119;Cagny;121.7;
14120;Cahagnes;62.5;
14121;Cahagnolles;132.3;
14122;La Caine;109.5;
14123;Cairon;121.6;
14124;La Cambe;64.9;
14125;Cambes-en-Plaine;99.8;
14126;Cambremer;57.2;
14127;Campagnolles;40.4;
14130;Campigny;112.1;
14131;Canapville;19.9;
14132;Canchy;140.4;
14134;Canteloup;81.1;
14135;Carcagny;9.2;
14136;Cardonville;46.5;
14137;Carpiquet;182.6;*
14138;Cartigny-l'Épinay;70.3;
14140;Castillon;52.8;
14141;Castillon-en-Auge;61.5;
14143;Caumont-sur-Aure;46;
14145;Cauvicourt;97.1;
14146;Cauville;87.5;
14147;Cernay;53.4;
14149;Cesny-aux-Vignes;292.4;
14150;Cesny-les-Sources;67.5;
14159;Chouain;38.4;
14160;Cintheaux;134.1;
14161;Clarbec;57.5;
14162;Clécy;72;
14163;Cléville;95;
14165;Colleville-sur-Mer;95.9;
14166;Colleville-Montgomery;40.7;
14167;Colombelles;64.6;
14168;Colombières;57.2;
14169;Colombiers-sur-Seulles;50.5;
14171;Combray;156;
14172;Commes;81.5;
14173;Condé-sur-Ifs;99.4;
14174;Condé-en-Normandie;76;
14175;Condé-sur-Seulles;74.4;
14177;Coquainvilliers;69.6;
14179;Cordebugle;59.2;
14180;Cordey;75.7;
14181;Cormelles-le-Royal;85.9;
14182;Cormolain;60.8;
14183;Cossesseville;17.3;
14184;Cottun;35.2;
14190;Courcy;122.5;
14191;Courseulles-sur-Mer;92.9;
14193;Courtonne-la-Meurdrac;27.9;
14194;Courtonne-les-Deux-Églises;93.4;
14195;Courvaudon;90.8;
14196;Crépon;103.6;
14197;Cresserons;35.6;
14198;Cresseveuille;40.4;
14200;Creully sur Seulles;90.1;
14202;Cricquebœuf;30;
14203;Cricqueville-en-Auge;108.7;
14204;Cricqueville-en-Bessin;78.5;
14205;Cristot;112.7;
14206;Crocy;60.1;
14207;Croisilles;108.9;
14209;Crouay;44.3;
14211;Culey-le-Patry;71.2;
14214;Cussy;104.5;
14215;Cuverville;95;
14216;Damblainville;72.2;
14218;Danestal;16.5;
14220;Deauville;16;*
14221;Démouville;122.6;
14223;Le Détroit;127.5;
14224;Deux-Jumeaux;45.7;
14225;Dives-sur-Mer;34.5;*
14226;Donnay;91.1;
14227;Douville-en-Auge;59;
14228;Douvres-la-Délivrande;71.8;
14229;Dozulé;83.2;
14230;Drubec;45.4;
14231;Beaufour-Druval;49.6;
14232;Ducy-Sainte-Marguerite;184.8;
14236;Ellon;84.3;
14237;Émiéville;180.1;
14238;Englesqueville-en-Auge;68.5;
14239;Englesqueville-la-Percée;85.5;
14240;Épaney;130.2;
14241;Épinay-sur-Odon;113.3;
14242;Épron;N/A - division par 0;
14243;Équemauville;67.7;
14244;Eraines;N/A - division par 0;
14245;Ernes;82;
14246;Escoville;134.7;
14248;Espins;58.6;*
14249;Esquay-Notre-Dame;214.4;
14250;Esquay-sur-Seulles;106.2;
14251;Esson;133.7;
14252;Estrées-la-Campagne;115.1;
14254;Éterville;95.3;
14256;Étréham;133.1;
14257;Évrecy;125.4;
14258;Falaise;80.8;
14260;Fauguernon;69.4;
14261;Le Faulq;15.2;
14266;Feuguerolles-Bully;50.8;
14269;Fierville-les-Parcs;N/A - division par 0;
14270;Firfol;58.4;
14271;Fleury-sur-Orne;49.3;
14272;La Folie;64.9;
14273;La Folletière-Abenon;111.2;
14274;Fontaine-Étoupefour;70.3;
14275;Fontaine-Henry;89;
14276;Fontaine-le-Pin;95.9;
14277;Fontenay-le-Marmion;64.4;
14278;Fontenay-le-Pesnel;78.6;
14280;Formentin;148.2;
14281;Formigny La Bataille;73.4;
14282;Foulognes;98.3;
14283;Fourches;101.4;
14284;Fourneaux-le-Val;55.6;
14285;Le Fournet;69;
14286;Fourneville;65.7;*
14287;Frénouville;130.1;
14288;Le Fresne-Camilly;138.6;
14289;Fresné-la-Mère;134.3;
14290;Fresney-le-Puceux;111.9;
14291;Fresney-le-Vieux;55.3;
14293;Fumichon;11.5;
14297;Gavrus;40.6;
14298;Géfosse-Fontenay;108.3;
14299;Genneville;36.1;
14300;Gerrots;33.2;
14301;Giberville;35;
14302;Glanville;33.3;*
14303;Glos;27.5;
14304;Gonneville-sur-Honfleur;60;
14305;Gonneville-sur-Mer;23.7;
14306;Gonneville-en-Auge;35.1;
14308;Goustranville;41.1;*
14309;Gouvix;72.7;
14310;Grainville-Langannerie;102.6;
14311;Grainville-sur-Odon;164.5;
14312;Grandcamp-Maisy;71.6;
14316;Grangues;39.3;
14318;Graye-sur-Mer;67.7;
14319;Grentheville;68;*
14320;Grimbosq;174.9;
14322;Guéron;69;
14325;Hermanville-sur-Mer;48;
14326;Hermival-les-Vaux;65.4;
14327;Hérouville-Saint-Clair;46.2;
14328;Hérouvillette;74.2;
14329;Heuland;156.7;
14332;La Hoguette;76.3;
14333;Honfleur;10.5;
14334;L'Hôtellerie;98.5;
14335;Hotot-en-Auge;56.2;
14336;Hottot-les-Bagues;106.1;
14337;La Houblonnière;31.4;
14338;Houlgate;19.7;
14341;Ifs;58.2;
14342;Isigny-sur-Mer;75;
14343;Les Isles-Bardel;71.5;
14344;Janville;181.7;
14345;Jort;135.3;
14346;Juaye-Mondaye;101.7;
14347;Dialan sur Chaîne;51.5;
14348;Juvigny-sur-Seulles;114.6;
14349;Laize-Clinchamps;29.7;
14352;Landelles-et-Coupigny;79.3;
14353;Landes-sur-Ajon;286;
14354;Langrune-sur-Mer;50.7;
14355;Ponts sur Seulles;65.7;
14357;Terres de Druance;63.6;
14358;Léaupartie;46.1;
14360;Leffard;96.7;
14362;Lessard-et-le-Chêne;56.8;
14364;Lingèvres;101.2;
14365;Lion-sur-Mer;37;
14366;Lisieux;35.3;
14367;Lison;89.2;
14368;Lisores;47.1;
14369;Litteau;72.7;
14370;Le Molay-Littry;62.8;
14371;Livarot-Pays-d'Auge;64;
14374;Les Loges;108.8;
14375;Les Loges-Saulces;1.8;
14377;Longues-sur-Mer;73.7;
14378;Longueville;81;*
14379;Longvillers;74.9;
14380;Loucelles;74;
14381;Louvagny;111.2;
14383;Louvigny;85.1;
14384;Luc-sur-Mer;30.4;
14385;Magny-en-Bessin;64;
14389;Maisoncelles-Pelvey;36.3;
14390;Maisoncelles-sur-Ajon;30.8;*
14391;Maisons;85.6;
14393;Maizet;90.1;
14394;Maizières;71.9;
14396;Maltot;115.2;
14397;Mandeville-en-Bessin;45.7;
14398;Manerbe;49;
14399;Manneville-la-Pipard;57.5;
14400;Le Manoir;130.2;
14401;Manvieux;52.3;
14402;Le Marais-la-Chapelle;69.2;
14403;Marolles;74.1;
14404;Martainville;85.1;
14405;Martigny-sur-l'Ante;127.1;
14406;Moulins-en-Bessin;108.3;
14407;Mathieu;77.6;
14408;May-sur-Orne;143.6;
14409;Merville-Franceville-Plage;43.5;
14410;Méry-Bissières-en-Auge;63.8;
14411;Meslay;29.4;
14412;Le Mesnil-au-Grain;91.2;
14419;Le Mesnil-Eudes;48.5;*
14421;Le Mesnil-Guillaume;53;
14424;Le Mesnil-Robert;75.2;
14425;Le Mesnil-Simon;70.2;
14426;Le Mesnil-sur-Blangy;82;
14427;Le Mesnil-Villement;37.5;
14430;Meuvaines;93.2;
14431;Mézidon Vallée d'Auge;56.5;
14435;Les Monceaux;82.3;
14436;Monceaux-en-Bessin;65.9;
14437;Mondeville;18.4;
14438;Mondrainville;114.3;
14439;Monfréville;77.1;
14445;Montfiquet;13.5;
14446;Montigny;46.7;
14448;Montreuil-en-Auge;105.6;
14449;Monts-en-Bessin;17.8;
14452;Morteaux-Coulibœuf;121.1;
14453;Mosles;63.7;
14454;Mouen;131.3;
14455;Moulines;95.4;
14456;Moult-Chicheboville;125.7;
14457;Les Moutiers-en-Auge;152.3;
14458;Les Moutiers-en-Cinglais;191;
14460;Moyaux;65.5;
14461;Mutrécy;62.8;
14465;Nonant;51.2;
14466;Norolles;63.3;
14467;Noron-l'Abbaye;117.6;
14468;Noron-la-Poterie;49.6;
14469;Norrey-en-Auge;93.1;
14473;Notre-Dame-de-Livaye;N/A - division par 0;
14474;Notre-Dame-d'Estrées-Corbon;93.1;
14475;Val d'Arry;73;
14476;Olendon;44.3;
14478;Orbec;120.2;
14480;Osmanville;71.7;
14482;Ouézy;48.5;
14483;Ouffières;22.7;
14484;Ouilly-du-Houley;67;
14486;Ouilly-le-Tesson;125.9;
14487;Ouilly-le-Vicomte;32.1;
14488;Ouistreham;50;
14491;Parfouru-sur-Odon;N/A - division par 0;
14492;Pennedepie;31.4;
14494;Périers-en-Auge;45.2;
14495;Périers-sur-le-Dan;91.2;
14496;Périgny;94.6;
14497;Perrières;157.6;
14498;Pertheville-Ners;120.3;
14499;Petiville;49.7;
14500;Pierrefitte-en-Auge;85.3;
14501;Pierrefitte-en-Cinglais;103.7;
14502;Pierrepont;71.7;
14504;Le Pin;55.7;
14506;Planquery;51.7;
14509;Plumetot;106.6;
14510;La Pommeraye;71.9;
14511;Pont-Bellanger;66.9;
14512;Pontécoulant;105.5;
14514;Pont-l'Évêque;41;
14515;Port-en-Bessin-Huppain;62.3;
14516;Potigny;128.3;
14519;Préaux-Bocage;76.2;
14520;Le Pré-d'Auge;53.6;
14522;Prêtreville;42.5;
14524;Putot-en-Auge;50.3;
14527;Belle Vie en Auge;69.2;
14528;Quetteville;53.1;
14529;Ranchy;62.2;
14530;Ranville;101.8;
14531;Rapilly;176.1;
14533;Repentigny;37.8;
14534;Reux;36.9;
14535;Reviers;133.2;
14536;La Rivière-Saint-Sauveur;29.6;*
14538;Castine-en-Plaine;69.3;
14540;Rocques;27;
14541;La Roque-Baignard;40.5;
14542;Rosel;53.3;*
14543;Rots;88.5;
14546;Rouvres;128.7;
14547;Rubercy;54;*
14550;Rumesnil;69.7;
14552;Ryes;120.4;
14554;Le Castelet;133.9;
14555;Saint-André-d'Hébertot;60.4;
14556;Saint-André-sur-Orne;78;
14557;Saint-Arnoult;70.4;
14558;Saint-Aubin-d'Arquenay;78.4;
14559;Saint-Aubin-des-Bois;46.1;
14562;Saint-Aubin-sur-Mer;N/A - division par 0;
14563;Saint-Benoît-d'Hébertot;41.8;
14565;Saint-Côme-de-Fresné;341.6;
14566;Saint-Contest;61.8;
14569;Sainte-Croix-sur-Mer;74.5;
14570;Valorbiquet;50.9;
14571;Saint-Denis-de-Mailloc;64.8;
14572;Saint-Denis-de-Méré;45;
14574;Saint-Désir;42;
14575;Saint-Étienne-la-Thillaye;122;
14576;Val-de-Vie;55.4;
14578;Saint-Gatien-des-Bois;69.4;
14579;Seulline;65.9;
14582;Saint-Germain-de-Livet;65.4;
14586;Saint-Germain-du-Pert;32.1;
14587;Saint-Germain-la-Blanche-Herbe;130.4;
14588;Saint-Germain-Langot;30.6;
14589;Saint-Germain-le-Vasson;97.3;
14590;Sainte-Honorine-de-Ducy;103.2;
14591;Aure sur Mer;62.9;
14592;Sainte-Honorine-du-Fay;71.2;*
14593;Saint-Hymer;33;
14595;Saint-Jean-de-Livet;19.7;
14598;Saint-Jouin;29.9;
14601;Saint-Julien-sur-Calonne;85.9;
14602;Saint-Lambert;49.7;
14603;Saint-Laurent-de-Condel;92.4;*
14605;Saint-Laurent-sur-Mer;24.3;
14606;Saint-Léger-Dubosq;34.5;
14607;Saint-Louet-sur-Seulles;170.1;
14609;Saint-Loup-Hors;53.4;
14610;Saint-Manvieu-Norrey;120.7;
14613;Saint-Marcouf;63.3;
14614;Sainte-Marguerite-d'Elle;67.6;
14619;Sainte-Marie-Outre-l'Eau;70;
14620;Saint-Martin-aux-Chartrains;2.3;
14621;Saint-Martin-de-Bienfaite-la-Cressonnière;45.2;
14622;Saint-Martin-de-Blagny;67.2;*
14623;Saint-Martin-de-Fontenay;109.9;
14625;Saint-Martin-de-la-Lieue;64.5;
14626;Saint-Martin-de-Mailloc;45.9;
14627;Saint-Martin-de-Mieux;68.7;
14630;Saint-Martin-des-Entrées;115.3;
14635;Saint-Omer;96.1;
14637;Saint-Ouen-du-Mesnil-Oger;67.8;
14639;Saint-Ouen-le-Pin;67.3;
14640;Saint-Pair;19.5;
14643;Saint-Paul-du-Vernay;72.6;
14644;Saint-Philbert-des-Champs;131.4;
14645;Saint-Pierre-Azif;79.7;
14646;Saint-Pierre-Canivet;69.4;
14648;Saint-Pierre-des-Ifs;72.3;
14649;Saint-Pierre-du-Bû;49.6;
14650;Saint-Pierre-du-Fresne;87.2;
14651;Saint-Pierre-du-Jonquet;146.4;
14652;Saint-Pierre-du-Mont;87.8;
14654;Saint-Pierre-en-Auge;81.6;
14656;Saint-Rémy;139;
14657;Saint-Samson;74.2;
14658;Noues de Sienne;49.3;
14659;Saint-Sylvain;85.2;
14660;Saint-Vaast-en-Auge;28.1;
14661;Saint-Vaast-sur-Seulles;67.1;
14663;Saint-Vigor-le-Grand;43.1;*
14664;Sallen;81.5;
14665;Sallenelles;N/A - division par 0;
14666;Sannerville;7.9;
14667;Saon;137.1;
14668;Saonnet;50.8;
14669;Sassy;76.9;
14672;Val de Drôme;79.6;
14674;Soignolles;133.6;
14675;Soliers;104.5;
14676;Sommervieu;56.3;
14677;Soulangy;94.9;
14678;Soumont-Saint-Quentin;94.9;
14679;Subles;20.8;*
14680;Sully;76.8;
14681;Surrain;68.8;
14682;Surville;18.6;
14684;Tessel;39.4;
14685;Thaon;86.7;
14687;Le Theil-en-Auge;7.4;
14689;Le Hom;86.3;
14692;Tilly-sur-Seulles;63.8;
14694;Le Torquesne;56;
14698;Touffréville;48.7;
14699;Touques;29.1;
14700;Tour-en-Bessin;44.6;
14701;Tourgéville;39.2;
14705;Tournières;42.3;*
14706;Tourville-en-Auge;51.3;
14707;Tourville-sur-Odon;290.9;
14708;Tracy-Bocage;90.5;
14709;Tracy-sur-Mer;12.9;
14710;Tréprel;96.4;
14711;Trévières;56.5;
14712;Troarn;53.4;
14713;Montillières-sur-Orne;107.1;
14714;Le Tronquay;56.8;*
14715;Trouville-sur-Mer;0.2;
14716;Trungy;72.4;
14719;Urville;80.3;
14720;Ussy;91.3;
14721;Vacognes-Neuilly;188.4;*
14723;Valsemé;37.7;
14724;Varaville;79;
14726;Valdallière;75.2;
14728;Vaucelles;59.1;
14731;Vauville;37.6;
14732;Vaux-sur-Aure;85.4;
14733;Vaux-sur-Seulles;62.1;
14734;Vendes;60.4;
14735;Vendeuvre;107.3;
14737;Versainville;91.7;
14738;Verson;54;
14739;Ver-sur-Mer;98.9;
14740;La Vespière-Friardel;55.6;
14741;Le Vey;63.6;
14742;Vicques;40.4;
14743;Victot-Pontfol;47.9;
14744;Vienne-en-Bessin;66.5;
14745;Vierville-sur-Mer;2.5;
14747;Vieux;113.2;
14748;Vieux-Bourg;7.1;
14751;Vignats;83.1;
14752;Villers-Bocage;5.2;
14753;Villers-Canivet;59.7;
14754;Villers-sur-Mer;60.1;
14755;Villerville;8.8;
14756;La Villette;109.7;
14758;Villons-les-Buissons;42.8;
14759;Villy-lez-Falaise;119.4;
14760;Villy-Bocage;53.7;
14761;Vimont;79.8;
14762;Vire Normandie;69;
14764;Pont-d'Ouilly;97.4;*
15001;Allanche;109.2;
15002;Alleuze;65.9;
15003;Ally;80.6;
15004;Andelat;94.9;
15005;Anglards-de-Saint-Flour;73.2;
15006;Anglards-de-Salers;60.2;
15007;Anterrieux;101.3;
15008;Antignac;39.3;
15009;Apchon;70.2;
15010;Arches;80.7;
15011;Arnac;63.7;
15012;Arpajon-sur-Cère;67.6;
15013;Auriac-l'Église;92.6;
15014;Aurillac;97;
15015;Auzers;65.3;
15016;Ayrens;75.2;
15017;Badailhac;89.5;
15018;Barriac-les-Bosquets;81.7;
15019;Bassignac;65.1;
15020;Beaulieu;28.5;
15021;Boisset;49.4;
15022;Bonnac;56.2;
15024;Brageac;45.7;
15025;Albepierre-Bredons;49.7;
15026;Brezons;70.4;
15027;Puycapel;44.2;
15028;Carlat;73;
15029;Cassaniouze;51.5;
15030;Cayrols;27.1;
15032;Celoux;84.4;
15033;Cézens;104.1;
15034;Chaliers;71.6;
15036;Chalvignac;61.8;
15037;Champagnac;55.6;
15038;Champs-sur-Tarentaine-Marchal;67.6;
15040;Chanterelle;93.7;
15041;La Chapelle-d'Alagnon;53.7;
15042;La Chapelle-Laurent;64.6;
15043;Charmensac;72;
15045;Chaudes-Aigues;103.4;
15046;Chaussenac;78.1;
15048;Chazelles;55.4;
15049;Cheylade;86.3;
15050;Le Claux;65.4;
15051;Clavières;44.2;
15052;Collandres;64.4;
15053;Coltines;110.6;
15054;Condat;73.3;
15055;Coren;65.6;
15056;Crandelles;71.8;
15057;Cros-de-Montvert;77.7;
15058;Cros-de-Ronesque;69.9;
15059;Cussac;83.4;
15060;Deux-Verges;64.3;
15061;Dienne;120.2;
15063;Drugeac;79.3;
15064;Escorailles;106.7;
15065;Espinasse;88.3;
15066;Le Falgoux;126.6;
15067;Le Fau;61.9;
15069;Ferrières-Saint-Mary;69.6;
15070;Fontanges;96.9;
15072;Freix-Anglards;73.1;
15073;Fridefont;96.7;
15074;Giou-de-Mamou;74;
15075;Girgols;94.6;
15076;Glénat;77;
15077;Gourdièges;86.8;
15078;Jabrun;112.9;
15079;Jaleyrac;72.7;
15080;Joursac;82.8;
15081;Jou-sous-Monjou;96.2;
15082;Junhac;50.1;
15083;Jussac;95.2;
15084;Labesserette;60.4;
15085;Labrousse;49.7;
15086;Lacapelle-Barrès;103.4;
15087;Lacapelle-del-Fraisse;89.8;
15088;Lacapelle-Viescamp;66.6;
15089;Ladinhac;54.2;
15090;Lafeuillade-en-Vézie;47.8;
15091;Landeyrat;72.7;
15092;Lanobre;46;
15093;Lapeyrugue;32.1;
15094;Laroquebrou;71.8;
15095;Laroquevieille;90.8;
15096;Lascelle;72.7;
15097;Lastic;62;
15098;Laurie;91.8;
15100;Laveissenet;75.1;
15101;Laveissière;55.1;
15102;Lavigerie;107.5;
15103;Leucamp;39.5;
15104;Leynhac;50.9;
15105;Leyvaux;99.9;
15106;Lieutadès;101;
15107;Lorcières;60.3;
15108;Val d'Arcomie;63.1;
15110;Lugarde;86.3;
15111;Madic;65.3;
15112;Malbo;85;
15113;Mandailles-Saint-Julien;62.9;
15114;Marcenat;96.9;
15116;Marchastel;74.7;
15117;Marcolès;68.9;
15118;Marmanhac;105.2;
15119;Massiac;49.2;
15120;Mauriac;59.1;
15121;Maurines;91.3;
15122;Maurs;53.7;
15123;Méallet;55.8;
15124;Menet;67.6;
15125;Mentières;85;
15126;Molèdes;86.8;
15127;Molompize;35.3;
15128;La Monselie;61.4;
15129;Montboudif;64.1;
15130;Montchamp;65.3;
15131;Le Monteil;56.1;
15132;Montgreleix;118.1;
15133;Montmurat;46.2;
15134;Montsalvy;52.9;
15135;Montvert;55;
15137;Moussages;52.4;
15138;Murat;82.4;
15139;Narnhac;102.1;
15140;Naucelles;38.4;
15141;Neussargues en Pinatelle;79.8;
15142;Neuvéglise-sur-Truyère;68.3;
15143;Nieudan;84.3;
15144;Omps;63.4;
15146;Pailherols;87.2;
15147;Parlan;56;
15148;Paulhac;89.3;
15149;Paulhenc;86.5;
15151;Peyrusse;83.8;
15152;Pierrefort;104.1;
15153;Pleaux;73;
15154;Polminhac;78.5;
15155;Pradiers;67.2;
15156;Prunet;70.5;
15157;Quézac;49.8;
15158;Rageade;66.6;
15159;Raulhac;70.5;
15160;Reilhac;63.1;
15161;Rézentières;90;
15162;Riom-ès-Montagnes;73.6;
15163;Roannes-Saint-Mary;54.9;
15164;Roffiac;57.4;
15165;Rouffiac;54.5;
15166;Roumégoux;64.3;
15167;Rouziers;59.9;
15168;Ruynes-en-Margeride;52.7;
15169;Saignes;70.2;
15170;Saint-Amandin;71;
15172;Saint-Antoine;59.3;
15173;Saint-Bonnet-de-Condat;89.9;
15174;Saint-Bonnet-de-Salers;80.3;
15175;Saint-Cernin;73.1;
15176;Saint-Chamant;105.6;
15178;Saint-Cirgues-de-Jordanne;66.1;
15179;Saint-Cirgues-de-Malbert;65.1;
15180;Saint-Clément;88;
15181;Saint-Constant-Fournoulès;51.3;
15182;Saint-Étienne-Cantalès;102.5;
15183;Saint-Étienne-de-Carlat;93.3;
15184;Saint-Étienne-de-Maurs;42.1;
15185;Saint-Étienne-de-Chomeil;66.2;
15186;Sainte-Eulalie;93.8;
15187;Saint-Flour;64.2;
15188;Saint-Georges;82.8;
15189;Saint-Gérons;65.4;
15190;Saint-Hippolyte;84.4;
15191;Saint-Illide;81.3;
15192;Saint-Jacques-des-Blats;54.4;
15194;Saint-Julien-de-Toursac;34.2;
15196;Saint-Mamet-la-Salvetat;71.2;
15198;Sainte-Marie;87.4;
15199;Saint-Martial;93.8;
15200;Saint-Martin-Cantalès;124;
15201;Saint-Martin-sous-Vigouroux;87;
15202;Saint-Martin-Valmeroux;101.1;
15203;Saint-Mary-le-Plain;61.1;
15204;Saint-Paul-des-Landes;77.3;
15205;Saint-Paul-de-Salers;121.7;
15206;Saint-Pierre;65.1;
15207;Saint-Poncy;77.3;
15208;Saint-Projet-de-Salers;55.8;
15209;Saint-Rémy-de-Chaudes-Aigues;123.4;
15211;Saint-Santin-Cantalès;136.1;
15212;Saint-Santin-de-Maurs;44.3;
15213;Saint-Saturnin;75.9;
15214;Saint-Saury;91.5;
15215;Saint-Simon;99;
15216;Saint-Urcize;94.5;
15217;Saint-Victor;63.6;
15218;Saint-Vincent-de-Salers;55.1;
15219;Salers;71.3;*
15220;Salins;80.5;
15221;Sansac-de-Marmiesse;68.9;
15222;Sansac-Veinazès;65.2;
15223;Sauvat;80.4;
15224;La Ségalassière;75.5;
15225;Ségur-les-Villas;93.8;
15226;Sénezergues;61.1;
15228;Siran;61.7;
15229;Soulages;74;
15230;Sourniac;76.4;
15231;Talizat;76.3;
15232;Tanavelle;101.7;
15233;Teissières-de-Cornet;53;
15234;Teissières-lès-Bouliès;47.1;
15235;Les Ternes;82.6;
15236;Thiézac;75.4;
15237;Tiviers;109.7;
15238;Tournemire;67.6;
15240;Trémouille;51.9;
15241;La Trinitat;108.9;
15242;Le Trioulou;79.6;
15243;Trizac;66.7;
15244;Ussel;81.6;
15245;Vabres;53.1;
15246;Valette;107.5;
15247;Valjouze;N/A - division par 0;
15248;Valuéjols;86.5;
15249;Le Vaulmier;104.1;
15250;Vebret;67.9;
15251;Védrines-Saint-Loup;62.7;
15252;Velzic;72.6;
15253;Vernols;98.7;
15254;Veyrières;82.1;
15255;Vézac;72.4;
15256;Vèze;155.7;
15257;Vezels-Roussy;88.1;
15258;Vic-sur-Cère;96;
15259;Vieillespesse;77.3;
15260;Vieillevie;27.2;
15261;Le Vigean;75.8;
15262;Villedieu;73.7;
15263;Virargues;38.8;
15264;Vitrac;71.9;
15265;Ydes;44.3;
15266;Yolet;63.8;
15267;Ytrac;86.2;
15268;Le Rouget-Pers;71.6;
15269;Besse;60.5;
16001;Abzac;59.5;
16002;Les Adjots;79.1;*
16003;Agris;77;
16005;Aigre;60.6;
16007;Alloue;91.9;
16008;Ambérac;140.4;
16009;Ambernac;79.6;
16010;Ambleville;31.7;
16011;Anais;126.7;
16012;Angeac-Champagne;60.2;
16013;Angeac-Charente;33.9;
16014;Angeduc;73.2;
16015;Angoulême;33.6;
16016;Ansac-sur-Vienne;70.2;
16018;Ars;56.2;
16019;Asnières-sur-Nouère;64.9;
16020;Aubeterre-sur-Dronne;1.9;
16023;Aunac-sur-Charente;76.7;
16024;Aussac-Vadalle;212.6;
16025;Baignes-Sainte-Radegonde;48.2;
16026;Balzac;89.9;
16027;Barbezières;55.2;
16028;Barbezieux-Saint-Hilaire;49.4;
16029;Bardenac;107.8;
16030;Barret;52.1;
16031;Barro;82.9;
16032;Bassac;54.2;
16034;Bazac;68.8;
16035;Beaulieu-sur-Sonnette;70.6;
16036;Bécheresse;68.7;
16037;Bellon;76.9;
16038;Benest;124.1;
16039;Bernac;70.4;
16040;Berneuil;47.2;
16041;Bessac;57.9;
16042;Bessé;103.2;
16044;Bioussac;46.3;
16045;Birac;81.7;
16046;Coteaux-du-Blanzacais;64.6;
16047;Blanzaguet-Saint-Cybard;120.4;
16048;Boisbreteau;63.3;
16049;Bonnes;98;
16050;Bonneuil;37.6;
16052;Bors (Canton de Tude-et-Lavalette);66.1;
16053;Bors (Canton de Charente-Sud);51.4;
16054;Le Bouchage;77.3;
16055;Bouëx;87.4;
16056;Bourg-Charente;37.9;
16057;Bouteville;35.9;
16058;Boutiers-Saint-Trojan;48.3;
16059;Brettes;110.9;
16060;Bréville;43;
16061;Brie;107.4;
16062;Brie-sous-Barbezieux;45.8;
16063;Brie-sous-Chalais;142.7;
16064;Brigueuil;78.4;
16065;Brillac;94.3;
16066;Brossac;60.1;
16067;Bunzac;15.7;
16068;Cellefrouin;96.6;
16069;Cellettes;83;
16070;Chabanais;126.2;
16071;Chabrac;85.3;
16072;Chadurie;109.8;
16073;Chalais;54.4;
16074;Challignac;94.2;
16075;Champagne-Vigny;89.9;
16076;Champagne-Mouton;168.6;
16077;Champmillon;40.2;
16078;Champniers;101.6;
16079;Chantillac;43.5;
16081;La Chapelle;138.3;
16082;Boisné-La Tude;101.2;
16083;Charmé;108.2;
16084;Charras;110.3;
16085;Chasseneuil-sur-Bonnieure;96.7;
16086;Chassenon;107.8;
16087;Chassiecq;81.8;
16088;Chassors;62.8;
16089;Châteaubernard;53.7;
16090;Châteauneuf-sur-Charente;45.4;
16091;Châtignac;71.4;
16093;Chazelles;75.2;
16095;Chenon;160.8;
16096;Cherves-Châtelars;80.9;
16097;Cherves-Richemont;58.7;
16098;La Chèvrerie;25.2;*
16099;Chillac;69.8;
16100;Chirac;75.7;
16101;Claix;61.7;
16102;Cognac;39.1;
16103;Combiers;54.6;
16104;Condac;106.7;
16105;Condéon;57;
16106;Confolens;69.2;
16107;Coulgens;75.5;
16108;Coulonges;110.1;
16109;Courbillac;60.6;
16110;Courcôme;122.8;
16111;Courgeac;77;
16112;Courlac;11.7;
16113;La Couronne;90;
16114;Couture;122.4;
16116;Criteuil-la-Magdeleine;36.6;
16117;Curac;46.3;
16118;Deviat;52.1;
16119;Dignac;73.9;
16120;Dirac;55.7;
16121;Douzat;55.7;
16122;Ébréon;115.5;
16123;Échallat;57;
16124;Écuras;55.7;
16125;Édon;104.8;
16127;Empuré;146;
16128;Épenède;146.2;
16130;Les Essards;56;
16131;Esse;63.8;
16132;Étagnac;94;
16133;Étriac;68.7;
16134;Exideuil-sur-Vienne;65.4;
16135;Eymouthiers;122.6;
16136;La Faye;158.2;
16137;Feuillade;86.3;
16138;Fléac;35.5;
16139;Fleurac;39.6;
16140;Fontclaireau;139.9;
16141;Fontenille;157;
16142;La Forêt-de-Tessé;115.2;
16143;Fouquebrune;116.7;
16144;Fouqueure;102.5;
16145;Foussignac;38.7;
16146;Garat;67.8;
16147;Gardes-le-Pontaroux;40.8;
16148;Genac-Bignac;59.5;
16150;Gensac-la-Pallue;51.2;
16151;Genté;61.9;
16152;Gimeux;100;
16153;Mainxe-Gondeville;33.5;
16154;Gond-Pontouvre;161.8;
16155;Les Gours;145.2;
16157;Le Grand-Madieu;116.6;
16158;Grassac;164.6;
16160;Guimps;41;
16161;Guizengeard;44.7;
16162;Gurat;91.6;
16163;Hiersac;60.5;
16164;Hiesse;42.3;
16165;Houlette;30;
16166;L'Isle-d'Espagnac;0.3;
16167;Jarnac;55;
16168;Jauldes;67;
16169;Javrezac;42.9;
16170;Juignac;71.9;
16171;Juillac-le-Coq;50.6;
16173;Juillé;111;
16174;Julienne;50.3;
16175;Val des Vignes;56;
16176;Lachaise;37.5;
16177;Ladiville;66.5;
16178;Lagarde-sur-le-Né;42.7;
16180;Laprade;88.9;
16181;Lessac;66.1;
16182;Lesterps;93.7;
16183;Lésignac-Durand;127.9;
16184;Lichères;97.6;
16185;Ligné;83.9;
16186;Lignières-Sonneville;30.4;
16187;Linars;44.8;*
16188;Le Lindois;51;
16189;Londigny;66.3;
16190;Longré;69;
16191;Lonnes;106;
16192;Terres-de-Haute-Charente;85.5;
16193;Louzac-Saint-André;51.2;
16194;Lupsault;90;
16195;Lussac;101.6;
16196;Luxé;102.8;
16197;La Magdeleine;128.9;
16198;Magnac-Lavalette-Villars;164.8;
16199;Magnac-sur-Touvre;1.4;
16200;Maine-de-Boixe;9.3;
16203;Mainzac;91.8;
16204;Bellevigne;40.3;
16205;Manot;49.4;
16206;Mansle;59.8;
16207;Marcillac-Lanville;64.6;
16208;Mareuil;48.5;
16209;Marillac-le-Franc;89.6;
16210;Marsac;47.2;
16211;Marthon;64.9;*
16212;Massignac;109.8;
16213;Mazerolles;85.4;
16215;Médillac;78.7;
16216;Mérignac;46.2;
16217;Merpins;69.5;
16218;Mesnac;55.3;
16220;Les Métairies;59.6;
16221;Mons;96.2;
16222;Montboyer;70.6;
16223;Montbron;93.9;
16224;Montmérac;51.3;
16225;Montembœuf;67.2;
16226;Montignac-Charente;46.8;
16227;Montignac-le-Coq;65;
16229;Montjean;39.2;
16230;Montmoreau;52.4;
16231;Montrollet;121.5;
16232;Mornac;149.3;
16233;Mosnac;47.3;
16234;Moulidars;50.1;
16236;Mouthiers-sur-Boëme;110.8;
16237;Mouton;93.1;
16238;Moutonneau;41.8;
16239;Mouzon;81.1;
16240;Nabinaud;92.2;
16241;Nanclars;122.4;
16242;Nanteuil-en-Vallée;105.4;
16243;Nercillac;46.9;
16244;Nersac;38.5;
16245;Nieuil;100.6;
16246;Nonac;67.4;
16248;Oradour;114.5;
16249;Oradour-Fanais;107.1;
16250;Orgedeuil;72.6;
16251;Oriolles;115;
16252;Orival;94.5;
16253;Paizay-Naudouin-Embourie;104.7;
16254;Palluaud;23.6;
16255;Parzac;98.6;
16256;Passirac;59.8;
16258;Pérignac;46.1;
16260;Pillac;133.4;
16261;Les Pins;92.4;
16263;Plassac-Rouffiac;56.5;
16264;Pleuville;92.9;
16267;Poullignac;125.2;
16268;Poursac;127.5;
16269;Pranzac;122.8;
16270;Pressignac;82.3;
16271;Puymoyen;31.8;
16272;Puyréaux;106.9;
16273;Raix;134.7;
16275;Ranville-Breuillaud;105.8;
16276;Reignac;54.4;
16277;Réparsac;39.5;
16279;Rioux-Martin;57.3;
16280;Rivières;97.9;
16281;La Rochefoucauld-en-Angoumois;57.4;
16282;La Rochette;142.4;
16283;Ronsenac;68.5;
16284;Rouffiac;88.9;
16285;Rougnac;84.6;*
16286;Rouillac;72;
16287;Roullet-Saint-Estèphe;101.2;
16289;Roussines;74;
16290;Rouzède;52.9;
16291;Ruelle-sur-Touvre;140.8;
16292;Ruffec;56.4;
16293;Saint-Adjutory;74.7;
16295;Saint-Amant-de-Boixe;146.5;
16297;Graves-Saint-Amant;42.1;
16298;Saint-Amant-de-Nouère;61.6;
16300;Val-de-Bonnieure;105.3;
16301;Saint-Aulais-la-Chapelle;51.8;
16302;Saint-Avit;82.6;
16303;Saint-Bonnet;77.8;
16304;Saint-Brice;33.6;
16306;Saint-Christophe;99.2;
16307;Saint-Ciers-sur-Bonnieure;66.7;
16308;Saint-Claud;96.2;
16310;Saint-Coutant;88.3;
16312;Saint-Cybardeaux;95.2;
16315;Saint-Félix;69.9;
16316;Saint-Fort-sur-le-Né;49.1;
16317;Saint-Fraigne;103.4;
16318;Saint-Front;69;
16320;Saint-Genis-d'Hiersac;63.4;
16321;Saint-Georges;152.2;
16323;Saint-Germain-de-Montbron;135.1;
16325;Saint-Gourson;24.9;
16326;Saint-Groux;118.9;
16329;Saint-Laurent-de-Céris;79.9;
16330;Saint-Laurent-de-Cognac;45.6;
16331;Saint-Laurent-des-Combes;79.7;
16334;Saint-Martial;120;
16335;Saint-Martin-du-Clocher;95.4;
16336;Saint-Mary;92.7;
16337;Saint-Maurice-des-Lions;86.8;
16338;Saint-Médard;41.7;
16339;Val-d'Auge;92.6;
16340;Saint-Même-les-Carrières;53.6;
16341;Saint-Michel;N/A - division par 0;
16342;Saint-Palais-du-Né;54.2;
16343;Saint-Preuil;46;
16345;Saint-Quentin-sur-Charente;101.3;
16346;Saint-Quentin-de-Chalais;113.1;
16347;Saint-Romain;78.7;
16348;Saint-Saturnin;54.3;
16349;Sainte-Sévère;85.7;
16350;Saint-Séverin;66.4;
16351;Saint-Simeux;46.9;
16352;Saint-Simon;42.9;
16353;Saint-Sornin;49.8;
16354;Sainte-Souline;76.7;
16355;Saint-Sulpice-de-Cognac;36.6;
16356;Saint-Sulpice-de-Ruffec;35.6;
16357;Saint-Vallier;65.4;
16358;Saint-Yrieix-sur-Charente;13.4;
16359;Salles-d'Angles;43.4;
16360;Salles-de-Barbezieux;60.5;
16361;Salles-de-Villefagnan;84.3;
16362;Salles-Lavalette;77.5;
16363;Saulgond;99.3;
16364;Sauvagnac;115.1;
16365;Sauvignac;93.1;
16366;Segonzac;40;
16368;Sers;45;
16369;Sigogne;50.4;
16370;Sireuil;76.5;*
16372;Souffrignac;30.7;
16373;Souvigné;117.1;
16374;Soyaux;27.9;
16375;Suaux;80.2;
16377;La Tâche;128.1;
16378;Taizé-Aizie;153.9;
16379;Taponnat-Fleurignac;89.7;
16380;Le Tâtre;41.5;
16381;Theil-Rabier;112.5;
16382;Torsac;62.5;
16383;Tourriers;153.5;
16384;Touvérac;56.1;
16385;Touvre;N/A - division par 0;
16387;Triac-Lautrait;57;
16388;Trois-Palis;68.6;
16389;Turgon;56.6;
16390;Tusson;120.3;
16392;Valence;44.2;
16393;Vars;95.4;
16394;Vaux-Lavalette;81.6;
16395;Vaux-Rouillac;45.1;
16396;Ventouse;136.2;
16397;Verdille;54.8;
16398;Verneuil;102.8;
16399;Verrières;43.2;
16400;Verteuil-sur-Charente;102.8;
16401;Vervant;51.8;
16402;Vibrac;41.6;
16403;Le Vieux-Cérier;120.8;
16404;Vieux-Ruffec;154.9;
16405;Vignolles;56.7;
16406;Moulins-sur-Tardoire;69.7;
16408;Villebois-Lavalette;101.8;
16409;Villefagnan;89.9;
16412;Villejoubert;119.1;
16413;Villiers-le-Roux;125.1;
16414;Villognon;141.7;
16415;Vindelle;67.2;
16416;Vitrac-Saint-Vincent;94.5;
16418;Vœuil-et-Giget;86.2;*
16419;Vouharte;68;
16420;Voulgézac;89.1;
16421;Vouthon;138.9;
16422;Vouzan;80.7;
16423;Xambes;96.8;
16424;Yviers;57.1;
16425;Yvrac-et-Malleyrand;63.4;
17002;Agudelle;84.6;
17003;Aigrefeuille-d'Aunis;112.6;
17004;Île-d'Aix;28.2;
17005;Allas-Bocage;57.6;
17006;Allas-Champagne;36.2;
17007;Anais;145.6;
17008;Andilly;155.2;
17009;Angliers;83.3;
17010;Angoulins;90.4;
17011;Annepont;28.4;
17012;Annezay;99.3;
17013;Antezant-la-Chapelle;108.3;
17015;Arces;88.9;
17016;Archiac;53.4;
17017;Archingeay;122.1;
17018;Ardillières;74.3;
17019;Ars-en-Ré;17.5;*
17020;Arthenac;34.9;
17021;Arvert;95.5;
17022;Asnières-la-Giraud;67.4;
17023;Aujac;61;
17024;Aulnay;83.4;
17025;Aumagne;58.9;
17026;Authon-Ébéon;37.7;
17027;Avy;71.7;
17028;Aytré;59.8;
17029;Bagnizeau;65.4;
17030;Balanzac;104.6;
17031;Ballans;65;
17032;Ballon;136.2;
17033;La Barde;26.4;
17034;Barzan;59.1;
17035;Bazauges;75;
17036;Beaugeay;88.8;
17037;Beauvais-sur-Matha;78.9;
17038;Bedenac;48.5;
17039;Belluire;58.8;
17041;Benon;123;
17042;Bercloux;68.6;
17043;Bernay-Saint-Martin;101.5;
17044;Berneuil;91;
17045;Beurlay;66.3;
17046;Bignay;82.1;
17047;Biron;50.6;
17048;Blanzac-lès-Matha;50.6;
17049;Blanzay-sur-Boutonne;76.6;
17050;Bois;54.5;
17051;Le Bois-Plage-en-Ré;13.7;
17052;Boisredon;26.5;
17053;Bords;203;
17054;Boresse-et-Martron;25.8;
17055;Boscamnant;41.2;
17056;Bougneau;67.1;
17057;Bouhet;112.1;
17058;Bourcefranc-le-Chapus;27.6;
17059;Bourgneuf;48.6;
17060;Boutenac-Touvent;74.4;
17061;Bran;29.1;
17062;Bresdon;65.3;
17063;Breuil-la-Réorte;94.9;
17064;Breuillet;70;
17065;Breuil-Magné;124.8;
17066;Brie-sous-Archiac;63.3;
17067;Brie-sous-Matha;41.7;
17068;Brie-sous-Mortagne;46.1;
17069;Brives-sur-Charente;32.1;
17070;Brizambourg;57.8;
17071;La Brousse;74.1;
17072;Burie;33.6;
17073;Bussac-sur-Charente;83.1;
17074;Bussac-Forêt;67.8;
17075;Cabariot;87;
17076;Celles;40.1;
17077;Cercoux;36.9;
17078;Chadenac;44.3;
17079;Chaillevette;44.2;
17080;Chambon;121.8;
17081;Chamouillac;22.7;
17082;Champagnac;39.5;
17083;Champagne;87.8;
17084;Champagnolles;51.9;
17085;Champdolent;89.2;
17086;Chaniers;51.9;
17087;Chantemerle-sur-la-Soie;82.2;
17089;La Chapelle-des-Pots;90.5;
17091;Charron;139.3;
17092;Chartuzac;42.4;
17093;Le Château-d'Oléron;0.8;*
17094;Châtelaillon-Plage;20.9;
17095;Chatenet;45.8;
17096;Chaunac;89.3;
17097;Le Chay;68.4;
17098;Chenac-Saint-Seurin-d'Uzet;48.6;
17099;Chepniers;55.7;
17100;Chérac;46.7;
17101;Cherbonnières;72.4;
17102;Chermignac;83.6;
17104;Chevanceaux;90.7;
17105;Chives;76.7;
17106;Cierzac;36.9;
17107;Ciré-d'Aunis;157.7;
17108;Clam;48.4;
17109;Clavette;88.5;
17110;Clérac;31.3;
17111;Clion;75.1;
17112;La Clisse;62.9;
17113;La Clotte;135.5;
17114;Coivert;122.9;
17115;Colombiers;61.9;
17116;Consac;21;
17117;Contré;75;
17118;Corignac;0.8;
17119;Corme-Écluse;101.2;
17120;Corme-Royal;75.2;
17121;La Couarde-sur-Mer;18.4;
17122;Coulonges;39.2;
17124;Courant;181.8;
17125;Courcelles;63.3;
17126;Courcerac;75.7;
17127;Courçon;116.6;
17128;Courcoury;104.5;*
17129;Courpignac;101.9;
17130;Coux;39;
17131;Cozes;61.8;
17132;Cramchaban;117.9;
17133;Cravans;47.3;
17134;Crazannes;257.9;
17135;Cressé;56;
17136;Croix-Chapeau;88.6;
17137;La Croix-Comtesse;57.6;
17138;Dampierre-sur-Boutonne;76.7;
17139;Dœuil-sur-le-Mignon;75.1;
17140;Dolus-d'Oléron;45.1;
17141;Dompierre-sur-Charente;89.7;
17142;Dompierre-sur-Mer;100.5;
17143;Le Douhet;74.3;
17145;Échebrune;54.2;
17146;Échillais;144;
17147;Écoyeux;66;
17148;Écurat;68.7;
17149;Les Éduts;79;
17150;Les Églises-d'Argenteuil;70.9;
17151;L'Éguille;N/A - division par 0;
17152;Épargnes;38.1;
17153;Esnandes;229.5;
17154;Les Essards;63.7;
17155;Étaules;74.2;
17156;Expiremont;86.5;
17157;Fenioux;48.6;
17158;Ferrières;235.2;
17159;Fléac-sur-Seugne;68;
17160;Floirac;59.9;
17161;La Flotte;47.3;
17162;Fontaine-Chalendray;82.6;
17163;Fontaines-d'Ozillac;36.2;
17164;Fontcouverte;22.4;
17165;Fontenet;106.9;
17166;Forges;73.3;
17167;Le Fouilloux;42.8;
17168;Fouras;0;
17171;Geay;138.5;
17172;Gémozac;53.3;
17173;La Genétouze;42.2;
17174;Genouillé;150.5;
17175;Germignac;48.8;
17176;Gibourne;57;
17177;Le Gicq;71.3;
17178;Givrezac;57.9;
17179;Les Gonds;144.5;
17180;Gourvillette;31;
17181;Grandjean;32.5;
17182;La Grève-sur-Mignon;126.3;
17183;Grézac;96.2;
17184;La Gripperie-Saint-Symphorien;115.3;
17185;Le Gua;107.6;
17186;Le Gué-d'Alleré;132.4;
17187;Guitinières;58.9;*
17188;Haimps;63.7;
17190;L'Houmeau;64.3;
17191;La Jard;116.1;
17192;Jarnac-Champagne;54.8;
17193;La Jarne;88.1;
17194;La Jarrie;103.7;
17195;La Jarrie-Audouin;64.2;
17196;Jazennes;92.3;
17197;Jonzac;25.5;
17198;Juicq;112.2;
17199;Jussas;50.8;
17200;Lagord;65.3;
17201;La Laigne;106.2;
17202;Landes;110.3;
17203;Landrais;149.2;
17204;Léoville;46.9;
17205;Loire-les-Marais;126.3;
17206;Loiré-sur-Nie;77.5;
17207;Loix;10.7;
17208;Longèves;74.4;
17209;Lonzac;40.5;
17210;Lorignac;46.1;
17211;Loulay;119;
17212;Louzignac;50.8;
17213;Lozay;42.7;
17214;Luchat;105.4;
17215;Lussac;66;
17216;Lussant;119.8;
17217;Macqueville;79.8;
17218;Marans;117.6;
17219;Marennes-Hiers-Brouage;122.7;
17220;Marignac;66.2;
17221;Marsais;107.5;
17222;Marsilly;97.9;
17223;Massac;54.8;
17224;Matha;57.8;
17225;Les Mathes;54.3;
17226;Mazeray;63.2;
17227;Mazerolles;93;
17228;Médis;81.8;
17229;Mérignac;28.4;
17230;Meschers-sur-Gironde;99.4;
17231;Messac;34.9;
17232;Meursac;83.7;
17233;Meux;41.5;
17234;Migré;49.7;
17235;Migron;39.9;
17236;Mirambeau;54.5;
17237;Moëze;240.2;
17239;Mons;47.1;
17240;Montendre;40.1;
17241;Montguyon;44.4;
17242;Montils;78.1;
17243;Montlieu-la-Garde;28.7;
17244;Montpellier-de-Médillan;51.8;
17245;Montroy;103.4;
17246;Moragne;74.1;
17247;Mornac-sur-Seudre;70.7;
17248;Mortagne-sur-Gironde;39.8;
17249;Mortiers;43.1;
17250;Mosnac;56.7;
17252;Le Mung;103.2;
17253;Muron;126.2;
17254;Nachamps;0;
17255;Nancras;322.8;
17256;Nantillé;44.2;
17257;Néré;92.4;
17258;Neuillac;33.2;
17259;Neulles;112.4;
17260;Neuvicq;64.8;
17261;Neuvicq-le-Château;59.4;
17262;Nieul-lès-Saintes;60.9;
17263;Nieul-le-Virouil;49.4;
17264;Nieul-sur-Mer;120.2;
17265;Nieulle-sur-Seudre;154.1;
17266;Les Nouillers;134.9;
17267;Nuaillé-d'Aunis;139.8;
17268;Nuaillé-sur-Boutonne;118.4;
17269;Orignolles;126.6;
17270;Ozillac;54;
17271;Paillé;92;
17273;Pérignac;59.4;
17274;Périgny;89.7;*
17275;Pessines;43.2;
17276;Le Pin;56.9;
17277;Essouvert;97.4;
17278;Pisany;82.6;
17279;Plassac;76.7;
17280;Plassay;108;
17281;Polignac;60.6;
17282;Pommiers-Moulons;71.7;
17283;Pons;63.6;
17284;Pont-l'Abbé-d'Arnoult;78.3;
17285;Port-d'Envaux;66.4;
17286;Les Portes-en-Ré;N/A - division par 0;
17287;Pouillac;69.1;
17288;Poursay-Garnaud;85;
17289;Préguillac;54.6;
17290;Prignac;48.1;
17291;Puilboreau;132;
17292;Puy-du-Lac;112.4;
17293;Puyravault;110.4;
17294;Puyrolland;85.2;
17295;Réaux sur Trèfle;51.8;
17296;Rétaud;57.1;
17297;Rivedoux-Plage;1.8;
17298;Rioux;86.4;
17299;Rochefort;16.1;
17300;La Rochelle;0;
17301;Romazières;85;
17302;Romegoux;95.7;
17303;La Ronde;73.1;
17304;Rouffiac;65.4;
17305;Rouffignac;34.6;
17306;Royan;83.8;
17307;Sablonceaux;84.9;
17308;Saint-Agnant;113.3;
17309;Saint-Aigulin;36.8;
17310;Saint-André-de-Lidon;55.7;
17311;Saint-Augustin;131.4;
17312;Saint-Bonnet-sur-Gironde;41.3;
17313;Saint-Bris-des-Bois;52.9;
17314;Saint-Césaire;70;
17315;Saint-Christophe;81.8;
17316;Saint-Ciers-Champagne;41.2;
17317;Saint-Ciers-du-Taillon;64.5;
17318;Saint-Clément-des-Baleines;22.5;
17319;Sainte-Colombe;67.9;
17320;Saint-Coutant-le-Grand;106.4;
17321;Saint-Crépin;138.1;
17322;Saint-Cyr-du-Doret;130.4;
17323;Saint-Denis-d'Oléron;32.5;*
17324;Saint-Dizant-du-Bois;102.1;
17325;Saint-Dizant-du-Gua;55;
17326;Saint-Eugène;38.5;
17327;Saint-Félix;95.4;
17328;Saint-Fort-sur-Gironde;64.7;
17329;Saint-Froult;140.6;
17330;Sainte-Gemme;70.5;
17331;Saint-Genis-de-Saintonge;60.9;
17332;Saint-Georges-Antignac;42.7;
17333;Saint-Georges-de-Didonne;64.5;
17334;Saint-Georges-de-Longuepierre;79.5;*
17335;Saint-Georges-des-Agoûts;25.5;
17336;Saint-Georges-des-Coteaux;112.6;
17337;Saint-Georges-d'Oléron;17.2;
17338;Saint-Georges-du-Bois;116.6;
17339;Saint-Germain-de-Lusignan;50.3;
17340;Saint-Pierre-La-Noue;128.7;
17341;Saint-Germain-de-Vibrac;53;
17342;Saint-Germain-du-Seudre;43.8;
17343;Saint-Grégoire-d'Ardennes;88.1;*
17344;Saint-Hilaire-de-Villefranche;61.3;
17345;Saint-Hilaire-du-Bois;99.1;
17346;Saint-Hippolyte;82;
17347;Saint-Jean-d'Angély;46.4;
17348;Saint-Jean-d'Angle;65;
17349;Saint-Jean-de-Liversay;119.4;
17350;Saint-Julien-de-l'Escap;69;
17351;Saint-Just-Luzac;169.9;
17353;Saint-Laurent-de-la-Prée;111.8;
17354;Saint-Léger;49.6;
17355;Sainte-Lheurine;40.7;
17356;Saint-Loup;111.4;
17357;Saint-Maigrin;35.9;
17358;Saint-Mandé-sur-Brédoire;94.6;
17359;Saint-Mard;86.1;
17360;Sainte-Marie-de-Ré;12.8;
17361;Saint-Martial;72.6;
17362;Saint-Martial-de-Mirambeau;45.7;
17363;Saint-Martial-de-Vitaterne;87.4;
17364;Saint-Martial-sur-Né;44.5;
17365;Saint-Martin-d'Ary;43.3;
17366;Saint-Martin-de-Coux;43.9;
17367;Saint-Martin-de-Juillers;101.5;
17369;Saint-Martin-de-Ré;4.7;
17372;Saint-Médard;107.2;
17373;Saint-Médard-d'Aunis;102.6;
17374;Sainte-Même;95.7;
17375;Saint-Nazaire-sur-Charente;108.4;
17376;Saint-Ouen-d'Aunis;119;
17377;Saint-Ouen-la-Thène;47.4;
17378;Saint-Palais-de-Négrignac;48;*
17379;Saint-Palais-de-Phiolin;52.2;
17380;Saint-Palais-sur-Mer;68.8;
17381;Saint-Pardoult;106.5;
17382;Saint-Pierre-d'Amilly;97.2;
17383;Saint-Pierre-de-Juillers;70.3;
17384;Saint-Pierre-de-l'Isle;90.6;
17385;Saint-Pierre-d'Oléron;44.6;
17386;Saint-Pierre-du-Palais;19.7;
17387;Saint-Porchaire;59.1;
17388;Saint-Quantin-de-Rançanne;36.3;
17389;Sainte-Radegonde;106.4;
17390;Sainte-Ramée;59.5;
17391;Saint-Rogatien;137.1;
17393;Saint-Romain-de-Benet;106.9;
17394;Saint-Saturnin-du-Bois;111.6;
17395;Saint-Sauvant;56.2;
17396;Saint-Sauveur-d'Aunis;117.7;
17397;Saint-Savinien;72.3;
17398;Saint-Seurin-de-Palenne;81.9;
17400;Saint-Sever-de-Saintonge;94.5;
17401;Saint-Séverin-sur-Boutonne;71.1;
17402;Saint-Sigismond-de-Clermont;79.6;
17403;Saint-Simon-de-Bordes;54.8;
17404;Saint-Simon-de-Pellouaille;50.9;
17405;Saint-Sorlin-de-Conac;35.7;
17406;Saint-Sornin;78.1;
17407;Sainte-Soulle;105.7;
17408;Saint-Sulpice-d'Arnoult;69.3;
17409;Saint-Sulpice-de-Royan;83.5;
17410;Saint-Thomas-de-Conac;73.4;
17411;Saint-Trojan-les-Bains;N/A - division par 0;
17412;Saint-Vaize;199.8;
17413;Saint-Vivien;248.2;
17414;Saint-Xandre;99.9;
17415;Saintes;88.5;
17416;Saleignes;118.1;
17417;Salignac-de-Mirambeau;74.9;
17418;Salignac-sur-Charente;82.7;
17420;Salles-sur-Mer;110.1;
17421;Saujon;64.7;
17422;Seigné;73.7;
17423;Semillac;78.7;
17424;Semoussac;41.3;
17425;Semussac;102.1;
17426;Le Seure;18.8;
17427;Siecq;112.7;
17428;Sonnac;46.8;
17429;Soubise;168.2;
17430;Soubran;53.4;
17431;Soulignonne;125.8;
17432;Souméras;33.1;
17433;Sousmoulins;52.7;
17434;Surgères;134.6;
17435;Taillant;38;
17436;Taillebourg;67.3;
17437;Talmont-sur-Gironde;69.4;
17438;Tanzac;44.1;
17439;Taugon;106;
17440;Ternant;137.4;
17441;Tesson;43.1;
17442;Thaims;47.1;
17443;Thairé;104;
17444;Thénac;131.9;
17445;Thézac;60.7;
17446;Thors;52.7;
17447;Le Thou;100.1;
17448;Tonnay-Boutonne;80.1;
17449;Tonnay-Charente;107.4;
17450;Torxé;99.2;
17451;Les Touches-de-Périgny;58.3;
17452;La Tremblade;59.1;
17453;Trizay;80.7;
17454;Tugéras-Saint-Maurice;66;
17455;La Vallée;135.8;
17457;La Devise;82.7;
17458;Vanzac;65.2;
17459;Varaize;82.6;
17460;Varzay;77.7;
17461;Vaux-sur-Mer;N/A - division par 0;
17462;Vénérand;74.3;
17463;Vergeroux;N/A - division par 0;
17464;Vergné;135.3;
17465;La Vergne;89;
17466;Vérines;110.4;
17467;Vervant;58;
17468;Vibrac;103.5;
17469;Villars-en-Pons;59.4;
17470;Villars-les-Bois;30.7;
17471;La Villedieu;90.4;
17472;Villedoux;128.5;
17473;Villemorin;121;*
17474;Villeneuve-la-Comtesse;105.3;
17476;Villexavier;57.4;
17477;Villiers-Couture;122.1;
17478;Vinax;118;
17479;Virollet;75.4;
17480;Virson;126.6;*
17481;Voissay;69.8;
17482;Vouhé;76.8;
17483;Yves;88.5;
17484;Port-des-Barques;167.9;
17485;Le Grand-Village-Plage;0;
17486;La Brée-les-Bains;21.3;
18001;Achères;154.7;
18002;Ainay-le-Vieil;148;
18003;Les Aix-d'Angillon;149.8;
18004;Allogny;61.5;
18005;Allouis;99.9;
18006;Annoix;217.3;
18007;Apremont-sur-Allier;152;
18008;Arçay;160.6;
18009;Arcomps;129.6;
18010;Ardenais;127.2;
18011;Argent-sur-Sauldre;139.5;
18012;Argenvières;111;
18013;Arpheuilles;100;
18014;Assigny;96.1;
18015;Aubigny-sur-Nère;108.9;
18016;Aubinges;104.6;
18017;Augy-sur-Aubois;168.7;
18018;Avord;306.6;
18019;Azy;153;
18020;Bannay;72.5;
18021;Bannegon;176.3;
18022;Barlieu;143.7;
18023;Baugy;174.2;
18024;Beddes;225.6;
18025;Beffes;179.1;
18026;Belleville-sur-Loire;119.7;
18027;Bengy-sur-Craon;172.7;
18028;Berry-Bouy;164.3;
18029;Bessais-le-Fromental;110.2;
18030;Blancafort;161.5;
18031;Blet;200.6;
18032;Boulleret;138.4;
18033;Bourges;97.7;
18034;Bouzais;319.2;
18035;Brécy;237.5;
18036;Brinay;111.3;
18037;Brinon-sur-Sauldre;87.3;
18038;Bruère-Allichamps;183;
18039;Bué;15.6;
18040;Bussy;242;
18041;La Celette;108.2;
18042;La Celle;116.2;
18043;La Celle-Condé;141;
18044;Cerbois;120.6;
18045;Chalivoy-Milon;247.2;
18046;Chambon;135.9;
18047;La Chapelle-d'Angillon;111.8;
18048;La Chapelle-Hugon;150.2;
18049;La Chapelle-Montlinard;157.8;
18050;La Chapelle-Saint-Ursin;68.5;
18051;La Chapelotte;117.4;
18052;Charenton-du-Cher;123.4;
18053;Charentonnay;265.2;
18054;Charly;145.7;
18055;Chârost;236.3;
18056;Chassy;144.3;
18057;Châteaumeillant;77.1;
18058;Châteauneuf-sur-Cher;109.7;
18059;Le Châtelet;128.7;
18060;Chaumont;7;
18061;Chaumoux-Marcilly;169.1;
18062;Le Chautay;110.5;
18063;Chavannes;226.8;
18064;Chéry;125.6;
18065;Chezal-Benoît;116.1;
18066;Civray;184.4;
18067;Clémont;147;
18068;Cogny;209.3;
18069;Colombiers;172.6;
18070;Concressault;245;
18071;Contres;244.3;
18072;Cornusse;210.1;
18073;Corquoy;190.9;
18074;Couargues;153.1;
18075;Cours-les-Barres;177.3;
18076;Coust;142.7;
18077;Couy;181;
18078;Crézançay-sur-Cher;374.1;
18079;Crézancy-en-Sancerre;45.5;
18080;Croisy;129.1;
18081;Crosses;160;
18082;Cuffy;72.8;
18083;Culan;159.7;
18084;Dampierre-en-Crot;135;
18085;Dampierre-en-Graçay;144.3;
18086;Drevant;0.2;*
18087;Dun-sur-Auron;210.7;
18088;Ennordres;256.3;
18089;Épineuil-le-Fleuriel;148;
18090;Étréchy;223;
18091;Farges-Allichamps;49.9;
18092;Farges-en-Septaine;216.6;
18093;Faverdines;126.8;
18094;Feux;162.1;
18095;Flavigny;105.5;
18096;Foëcy;124.7;
18097;Fussy;62.3;
18098;Gardefort;109;
18099;Garigny;154.2;
18100;Genouilly;199.1;
18101;Germigny-l'Exempt;225;
18102;Givardon;134;
18103;Graçay;149.5;
18104;Groises;122;
18105;Gron;238.9;
18106;Grossouvre;229.4;
18107;La Groutte;146.2;
18108;La Guerche-sur-l'Aubois;94.1;
18109;Henrichemont;180.5;
18110;Herry;147.8;
18111;Humbligny;140.8;
18112;Ids-Saint-Roch;148.8;
18113;Ignol;219.3;
18114;Ineuil;152.5;*
18115;Ivoy-le-Pré;186.9;
18116;Jalognes;181.2;
18117;Jars;185.4;
18118;Jouet-sur-l'Aubois;115.7;
18119;Jussy-Champagne;221;
18120;Jussy-le-Chaudrier;111.9;
18121;Lantan;222;
18122;Lapan;575.4;
18124;Lazenay;200.3;
18125;Léré;46.8;
18126;Levet;148.3;
18127;Lignières;72.4;
18128;Limeux;186;
18129;Lissay-Lochy;437.3;
18130;Loye-sur-Arnon;90.5;
18131;Lugny-Bourbonnais;235;
18132;Lugny-Champagne;177.7;
18133;Lunery;202.8;
18134;Lury-sur-Arnon;148.9;*
18135;Maisonnais;100.6;
18136;Marçais;99.3;
18137;Mareuil-sur-Arnon;113.8;*
18138;Marmagne;171.5;
18139;Marseilles-lès-Aubigny;216.4;
18140;Massay;134.8;
18141;Mehun-sur-Yèvre;125.6;
18142;Meillant;138.7;
18143;Menetou-Couture;233.2;
18144;Menetou-Râtel;100.8;
18145;Menetou-Salon;71.3;
18146;Ménétréol-sous-Sancerre;12.7;
18147;Ménétréol-sur-Sauldre;74.9;
18148;Méreau;142.9;
18149;Méry-ès-Bois;194;
18150;Méry-sur-Cher;81.9;
18151;Montigny;105.3;
18152;Montlouis;227.9;
18153;Morlac;155.3;
18154;Mornay-Berry;224.1;
18155;Mornay-sur-Allier;67;
18156;Morogues;44.9;
18157;Morthomiers;254.5;
18158;Moulins-sur-Yèvre;182.3;
18159;Nançay;81.3;
18160;Nérondes;159;
18161;Neuilly-en-Dun;273.8;
18162;Neuilly-en-Sancerre;111.3;
18163;Neuvy-Deux-Clochers;159.1;
18164;Neuvy-le-Barrois;169.2;
18165;Neuvy-sur-Barangeon;61.9;
18166;Nohant-en-Goût;304.7;
18167;Nohant-en-Graçay;145.6;
18168;Le Noyer;74.5;
18169;Nozières;49.5;
18170;Oizon;245.8;
18171;Orcenais;115.2;
18172;Orval;20.3;
18173;Osmery;263.3;
18174;Osmoy;236.9;
18175;Ourouer-les-Bourdelins;105.3;
18176;Parassy;57.9;
18177;Parnay;90.9;
18178;La Perche;165;*
18179;Pigny;192.3;
18180;Plaimpied-Givaudins;163.8;
18181;Plou;142.5;
18182;Poisieux;239.4;
18183;Le Pondy;118.5;
18184;Précy;135.9;
18185;Presly;149.8;
18186;Preuilly;62.6;
18187;Préveranges;149.8;
18188;Primelles;189.8;
18189;Quantilly;95.5;
18190;Quincy;51.2;
18191;Raymond;132.4;
18192;Reigny;111;
18193;Rezay;119;
18194;Rians;183;
18195;Sagonne;124.5;
18196;Saint-Aignan-des-Noyers;208.3;
18197;Saint-Amand-Montrond;59.4;
18198;Saint-Ambroix;235.4;
18199;Saint-Baudel;187.9;
18200;Saint-Bouize;247.9;
18201;Saint-Caprais;265.8;
18202;Saint-Céols;74.2;
18203;Saint-Christophe-le-Chaudry;149;
18204;Saint-Denis-de-Palin;210.5;
18205;Saint-Doulchard;87.7;
18206;Saint-Éloy-de-Gy;54.2;*
18207;Saint-Florent-sur-Cher;81.6;*
18208;Sainte-Gemme-en-Sancerrois;57.5;
18209;Saint-Georges-de-Poisieux;113.5;
18210;Saint-Georges-sur-la-Prée;107.4;
18211;Saint-Georges-sur-Moulon;132.1;
18212;Saint-Germain-des-Bois;162.6;
18213;Saint-Germain-du-Puy;211.9;
18214;Saint-Hilaire-de-Court;219.1;
18215;Saint-Hilaire-de-Gondilly;121.6;
18216;Saint-Hilaire-en-Lignières;113.3;
18217;Saint-Jeanvrin;85.7;
18218;Saint-Just;137.3;
18219;Saint-Laurent;81.8;
18220;Saint-Léger-le-Petit;146.1;*
18221;Saint-Loup-des-Chaumes;153.5;
18223;Saint-Martin-d'Auxigny;42.3;
18224;Saint-Martin-des-Champs;176.7;
18225;Saint-Maur;120.3;
18226;Saint-Michel-de-Volangis;166.4;
18227;Sainte-Montaine;101.1;
18228;Saint-Outrille;164.3;
18229;Saint-Palais;173.8;
18230;Saint-Pierre-les-Bois;119.7;
18231;Saint-Pierre-les-Étieux;95.5;
18232;Saint-Priest-la-Marche;134.6;
18233;Saint-Satur;11.2;
18234;Saint-Saturnin;101.4;
18235;Sainte-Solange;161.7;
18236;Saint-Symphorien;110.1;
18237;Sainte-Thorette;222.5;
18238;Saint-Vitte;96.3;
18240;Sancergues;177.3;
18241;Sancerre;16;
18242;Sancoins;103.6;
18243;Santranges;162.2;
18244;Saugy;244.1;
18245;Saulzais-le-Potier;140.1;
18246;Savigny-en-Sancerre;178;
18247;Savigny-en-Septaine;192.1;
18248;Senneçay;229.4;
18249;Sens-Beaujeu;106.6;
18250;Serruelles;545.3;
18251;Sévry;227.4;
18252;Sidiailles;103.9;
18253;Soulangis;170.9;
18254;Soye-en-Septaine;141.1;
18255;Le Subdray;219.7;
18256;Subligny;130.4;
18257;Sury-près-Léré;106.6;
18258;Sury-en-Vaux;35.8;
18259;Sury-ès-Bois;151.3;
18260;Tendron;209.6;
18261;Thaumiers;102.5;
18262;Thauvenay;75.2;
18263;Thénioux;82.1;
18264;Thou;114.2;
18265;Torteron;196.3;
18266;Touchay;157.6;
18267;Trouy;199.5;*
18268;Uzay-le-Venon;191.2;
18269;Vailly-sur-Sauldre;44.9;
18270;Vallenay;220.4;
18271;Vasselay;106.5;
18272;Veaugues;121.6;
18273;Venesmes;131.8;
18274;Verdigny;30.8;
18275;Vereaux;115.8;
18276;Vernais;124.7;
18277;Verneuil;15.5;
18278;Vesdun;89.4;
18279;Vierzon;66.7;
18280;Vignoux-sous-les-Aix;131.8;
18281;Vignoux-sur-Barangeon;108.3;*
18282;Villabon;173.1;
18283;Villecelin;134.4;*
18284;Villegenon;95.3;
18285;Villeneuve-sur-Cher;289.6;
18286;Villequiers;238.3;
18287;Vinon;59.3;
18288;Vorly;191.8;
18289;Vornay;286.8;
18290;Vouzeron;130.1;
19001;Affieux;77.6;
19002;Aix;115.7;
19003;Albignac;53.8;
19004;Albussac;53.8;
19005;Allassac;36;
19006;Alleyrat;203.4;
19007;Altillac;37.3;
19008;Ambrugeat;67.3;
19009;Les Angles-sur-Corrèze;24.9;
19010;Argentat-sur-Dordogne;33.8;
19011;Arnac-Pompadour;49.3;
19012;Astaillac;53.1;
19013;Aubazines;21.5;
19014;Auriac;90.1;
19015;Ayen;50.6;
19016;Bar;92.9;
19017;Bassignac-le-Bas;43.8;
19018;Bassignac-le-Haut;120.4;
19019;Beaulieu-sur-Dordogne;21.7;
19020;Beaumont;72.4;
19021;Bellechassagne;127.3;
19022;Benayes;74.9;
19023;Beynat;55.6;
19024;Beyssac;34.5;
19025;Beyssenac;54;
19026;Bilhac;41.5;
19027;Bonnefond;173.4;
19028;Bort-les-Orgues;54.9;
19029;Branceilles;25.3;
19030;Brignac-la-Plaine;48.1;
19031;Brive-la-Gaillarde;22.1;
19033;Bugeat;140.3;
19034;Camps-Saint-Mathurin-Léobazel;53.1;
19035;Chabrignac;50;
19036;Chamberet;92.4;
19037;Chamboulive;63.4;
19038;Chameyrat;35.2;
19039;Champagnac-la-Noaille;70.7;
19040;Champagnac-la-Prune;72.5;
19041;Chanac-les-Mines;69.1;
19042;Chanteix;28.5;
19043;La Chapelle-aux-Brocs;29;
19044;La Chapelle-aux-Saints;28.5;
19045;La Chapelle-Saint-Géraud;35.9;
19046;Chapelle-Spinasse;133.4;
19047;Chartrier-Ferrière;47.9;
19048;Le Chastang;55.9;
19049;Chasteaux;16.4;
19050;Chauffour-sur-Vell;43.4;
19051;Chaumeil;53.1;
19052;Chavanac;69.4;*
19053;Chaveroche;110.9;
19054;Chenailler-Mascheix;35.5;
19055;Chirac-Bellevue;81.2;
19056;Clergoux;133.7;
19057;Collonges-la-Rouge;26.5;
19058;Combressol;103.2;*
19059;Concèze;36.7;
19060;Condat-sur-Ganaveix;52.5;
19061;Cornil;32;
19062;Corrèze;103.9;
19063;Cosnac;33;
19064;Couffy-sur-Sarsonne;91.4;
19065;Courteix;94.1;
19066;Cublac;53.9;
19067;Curemonte;36.2;
19068;Dampniat;61.2;
19069;Darazac;77.9;
19070;Darnets;80.4;
19071;Davignac;142.7;
19072;Donzenac;51.9;
19073;Égletons;31.1;
19074;L'Église-aux-Bois;125.9;
19075;Espagnac;38.2;
19076;Espartignac;39.2;
19077;Estivals;79.8;
19078;Estivaux;67.8;
19079;Eyburie;75.5;
19080;Eygurande;94.6;
19081;Eyrein;52.1;
19082;Favars;34.4;
19083;Feyt;91.7;
19084;Forgès;26.6;
19085;Gimel-les-Cascades;67.5;
19086;Goulles;95;
19087;Gourdon-Murat;120.9;
19088;Grandsaigne;95;
19089;Gros-Chastang;37.1;*
19090;Gumond;57.8;
19091;Hautefage;73.4;
19092;Le Jardin;7.6;
19093;Jugeals-Nazareth;53.6;
19094;Juillac;42.4;
19095;Lacelle;81.9;
19096;Ladignac-sur-Rondelles;46.6;
19097;Lafage-sur-Sombre;52.4;
19098;Lagarde-Marc-la-Tour;43.7;
19099;Lagleygeolle;56.9;
19100;Lagraulière;54.7;
19101;Laguenne-sur-Avalouze;20.5;
19102;Lamazière-Basse;47;
19103;Lamazière-Haute;90.5;
19104;Lamongerie;23.7;
19105;Lanteuil;32.2;
19106;Lapleau;81.4;
19107;Larche;31.5;
19108;Laroche-près-Feyt;78.9;
19109;Lascaux;41.2;
19110;Latronche;63.1;
19111;Laval-sur-Luzège;48.7;
19112;Lestards;169.5;
19113;Liginiac;76;
19114;Lignareix;N/A - division par 0;
19115;Ligneyrac;47.9;
19116;Liourdres;39.5;
19117;Lissac-sur-Couze;54.7;
19118;Le Lonzac;93.7;
19119;Lostanges;30.3;
19120;Louignac;36;
19121;Lubersac;47.9;
19122;Madranges;47.4;
19123;Malemort;28.2;
19124;Mansac;39.3;
19125;Marcillac-la-Croisille;45.4;
19126;Marcillac-la-Croze;32.8;
19128;Margerides;93.6;
19129;Masseret;101.2;
19130;Maussac;58.9;
19131;Meilhards;77.1;
19132;Ménoire;42.8;
19133;Mercœur;45.3;
19134;Merlines;52.5;
19135;Mestes;68.7;
19136;Meymac;93.6;
19137;Meyrignac-l'Église;38.9;
19138;Meyssac;33.8;
19139;Millevaches;139.3;
19140;Monceaux-sur-Dordogne;38.6;
19141;Monestier-Merlines;68.4;
19142;Monestier-Port-Dieu;62.6;
19143;Montaignac-Saint-Hippolyte;89.7;
19144;Montgibaud;57.8;
19145;Moustier-Ventadour;53.8;
19146;Naves;54.8;
19147;Nespouls;23.3;
19148;Neuvic;95.2;
19149;Neuville;61.8;
19150;Noailhac;52.2;
19151;Noailles;57.9;
19152;Nonards;29.2;
19153;Objat;14.9;
19154;Orgnac-sur-Vézère;49.7;
19155;Orliac-de-Bar;58.5;
19156;Palazinges;49.7;
19157;Palisse;66;
19158;Pandrignes;74;
19159;Péret-Bel-Air;68.3;
19160;Pérols-sur-Vézère;112.9;
19161;Perpezac-le-Blanc;58.9;
19162;Perpezac-le-Noir;46;
19163;Le Pescher;59.3;
19164;Peyrelevade;152.9;
19165;Peyrissac;89.8;
19166;Pierrefitte;33.8;
19167;Confolent-Port-Dieu;68.4;
19168;Pradines;59.5;
19169;Puy-d'Arnac;33.3;
19170;Queyssac-les-Vignes;29.4;
19171;Reygade;44.6;
19172;Rilhac-Treignac;43.2;
19173;Rilhac-Xaintrie;81.6;
19174;La Roche-Canillac;10.5;
19175;Roche-le-Peyroux;12.9;
19176;Rosiers-d'Égletons;61.3;
19177;Rosiers-de-Juillac;53.4;
19178;Sadroc;44;
19179;Saillac;13.2;
19180;Saint-Angel;73.6;
19181;Saint-Augustin;64.4;
19182;Saint-Aulaire;29.3;
19184;Saint-Bazile-de-Meyssac;46.4;
19186;Saint-Bonnet-Elvert;37;
19187;Saint-Bonnet-la-Rivière;31.8;
19188;Saint-Bonnet-l'Enfantier;43.3;
19189;Saint-Bonnet-les-Tours-de-Merle;57.9;
19190;Saint-Bonnet-près-Bort;93;
19191;Saint-Cernin-de-Larche;24.8;
19192;Saint-Chamant;55.9;
19193;Saint-Cirgues-la-Loutre;62.8;
19194;Saint-Clément;34.5;
19195;Saint-Cyprien;65.8;
19196;Saint-Cyr-la-Roche;44.1;
19198;Saint-Éloy-les-Tuileries;39;
19199;Saint-Étienne-aux-Clos;117.5;
19200;Saint-Étienne-la-Geneste;106.9;
19201;Saint-Exupéry-les-Roches;59.6;
19202;Sainte-Féréole;35.3;
19203;Sainte-Fortunade;38.3;
19204;Saint-Fréjoux;96.5;
19205;Saint-Geniez-ô-Merle;64.4;
19206;Saint-Germain-Lavolps;84.3;
19207;Saint-Germain-les-Vergnes;58.6;
19208;Saint-Hilaire-Foissac;57.9;
19209;Saint-Hilaire-les-Courbes;89.4;
19210;Saint-Hilaire-Luc;72;
19211;Saint-Hilaire-Peyroux;47.7;
19212;Saint-Hilaire-Taurieux;44.1;
19213;Saint-Jal;67;
19214;Saint-Julien-aux-Bois;66.5;
19215;Saint-Julien-le-Pèlerin;64.7;
19216;Saint-Julien-le-Vendômois;79.6;
19217;Saint-Julien-Maumont;34;
19219;Sainte-Marie-Lapanouze;27.7;
19220;Saint-Martial-de-Gimel;40;
19221;Saint-Martial-Entraygues;7;*
19222;Saint-Martin-la-Méanne;61.3;
19223;Saint-Martin-Sepert;45.8;
19225;Saint-Merd-de-Lapleau;20.8;
19226;Saint-Merd-les-Oussines;217;
19227;Saint-Mexant;33.2;
19228;Saint-Pantaléon-de-Lapleau;105.2;
19229;Saint-Pantaléon-de-Larche;26.2;
19230;Saint-Pardoux-Corbier;50.7;
19231;Saint-Pardoux-la-Croisille;63.4;
19232;Saint-Pardoux-le-Neuf;109.5;
19233;Saint-Pardoux-le-Vieux;54.8;
19234;Saint-Pardoux-l'Ortigier;61.2;
19235;Saint-Paul;39.1;
19236;Saint-Priest-de-Gimel;12.3;
19237;Saint-Privat;64.5;
19238;Saint-Rémy;75.7;
19239;Saint-Robert;23.1;
19240;Saint-Salvadour;71.9;
19241;Saint-Setiers;226.2;
19242;Saint-Solve;50.1;
19243;Saint-Sornin-Lavolps;27.6;
19244;Saint-Sulpice-les-Bois;162.5;
19245;Saint-Sylvain;59;
19246;Saint-Viance;31.8;
19247;Saint-Victour;88.7;
19248;Saint-Ybard;41.7;
19249;Saint-Yrieix-le-Déjalat;90.5;
19250;Salon-la-Tour;65.7;
19251;Sarran;67.5;
19252;Sarroux - Saint Julien;80.3;
19253;Segonzac;50.5;
19254;Ségur-le-Château;50.2;
19255;Seilhac;41.4;
19256;Sérandon;49;
19257;Sérilhac;44.5;
19258;Servières-le-Château;83.4;
19259;Sexcles;56.8;
19260;Sioniac;49;
19261;Sornac;107.4;
19262;Soudaine-Lavinadière;61.7;
19263;Soudeilles;30.2;
19264;Soursac;64.3;
19265;Tarnac;107.9;
19266;Thalamy;61.8;
19268;Toy-Viam;177.2;
19269;Treignac;98;
19270;Troche;35.9;
19271;Tudeils;33.4;
19272;Tulle;13;
19273;Turenne;36.6;
19274;Ussac;37.8;
19275;Ussel;63.9;
19276;Uzerche;61;
19277;Valiergues;119.2;
19278;Varetz;36.7;
19279;Vars-sur-Roseix;95.9;
19280;Végennes;35.8;
19281;Veix;54.4;
19283;Veyrières;101.7;
19284;Viam;109.5;
19285;Vigeois;57.1;
19286;Vignols;26.6;
19287;Vitrac-sur-Montane;104;
19288;Voutezac;44.4;
19289;Yssandon;41.5;
21001;Agencourt;165.3;
21002;Agey;277.3;
21003;Ahuy;63.5;
21004;Aignay-le-Duc;281;
21005;Aiserey;95;
21006;Aisey-sur-Seine;318.8;
21007;Aisy-sous-Thil;104;
21008;Alise-Sainte-Reine;N/A - division par 0;
21009;Allerey;144.4;
21010;Aloxe-Corton;8.5;
21011;Ampilly-les-Bordes;312.1;
21012;Ampilly-le-Sec;128.8;
21013;Ancey;373.8;
21014;Antheuil;322.8;
21015;Antigny-la-Ville;166.6;
21016;Arceau;127.7;
21017;Arcenant;14.6;
21018;Arcey;181;
21020;Arconcey;180.3;
21021;Arc-sur-Tille;97.7;
21022;Argilly;219.6;
21023;Arnay-le-Duc;206.3;
21024;Arnay-sous-Vitteaux;181.3;
21025;Arrans;N/A - division par 0;
21026;Asnières-en-Montagne;383.6;
21027;Asnières-lès-Dijon;115.6;
21028;Athée;0.9;
21029;Athie;167.3;
21030;Aubaine;28.4;
21031;Aubigny-en-Plaine;13.7;
21032;Aubigny-la-Ronce;147.5;
21033;Aubigny-lès-Sombernon;99.1;*
21034;Autricourt;55.2;
21035;Auvillars-sur-Saône;162.9;
21036;Auxant;286.4;
21037;Auxey-Duresses;11.2;
21038;Auxonne;66.8;
21039;Avelanges;196.7;
21040;Avosnes;139.1;
21041;Avot;327.7;
21042;Bagnot;354.5;
21043;Baigneux-les-Juifs;214.2;
21044;Balot;113.3;
21045;Barbirey-sur-Ouche;48.2;
21046;Bard-le-Régulier;101.2;
21047;Bard-lès-Époisses;80.2;
21048;Barges;54;*
21049;Barjon;1.5;
21050;Baubigny;23.9;
21051;Baulme-la-Roche;95.1;
21052;Beaulieu;203.4;
21053;Beaumont-sur-Vingeanne;105;
21054;Beaune;15.9;
21055;Beaunotte;294.5;
21056;Beire-le-Châtel;128.7;
21057;Beire-le-Fort;113.1;
21058;Belan-sur-Ource;176;
21059;Bellefond;60.7;
21060;Belleneuve;198.2;
21061;Bellenod-sur-Seine;350.9;
21062;Bellenot-sous-Pouilly;136.9;
21063;Beneuvre;146.6;
21064;Benoisey;205.7;
21065;Bessey-en-Chaume;248.7;
21066;Bessey-la-Cour;114.4;
21067;Bessey-lès-Cîteaux;213.9;
21068;Beurey-Bauguay;174.8;
21069;Beurizot;203.6;
21070;Bévy;18.6;
21071;Bèze;133;
21072;Bézouotte;102.5;
21074;Billey;165;
21075;Billy-lès-Chanceaux;237.7;
21076;Binges;130.5;
21077;Bissey-la-Côte;121.6;
21078;Bissey-la-Pierre;307.7;*
21079;Blagny-sur-Vingeanne;136.1;
21080;Blaisy-Bas;N/A - division par 0;
21081;Blaisy-Haut;99.1;
21082;Blancey;119.7;
21083;Blanot;87.7;
21084;Source-Seine;158.7;
21085;Bligny-le-Sec;207.3;
21086;Bligny-lès-Beaune;5.8;
21087;Bligny-sur-Ouche;26.3;
21088;Boncourt-le-Bois;2.9;
21089;Bonnencontre;210;
21090;Boudreville;187.8;
21091;Bouhey;130.1;
21092;Bouilland;323.4;
21093;Bouix;125.7;
21094;Bourberain;138.2;
21095;Bousselange;152.1;
21096;Boussenois;164.2;
21097;Boussey;173;
21098;Boux-sous-Salmaise;217.5;
21099;Bouze-lès-Beaune;9.5;
21100;Brain;N/A - division par 0;
21101;Braux;165.8;
21102;Brazey-en-Morvan;116.2;
21103;Brazey-en-Plaine;139.2;
21104;Brémur-et-Vaurois;84;
21105;Bressey-sur-Tille;221.8;
21106;Bretenière;130.5;
21107;Bretigny;120.5;*
21108;Brianny;210.6;
21109;Brion-sur-Ource;170.5;
21110;Brochon;18.4;
21111;Brognon;144.2;
21112;Broin;176.1;
21113;Broindon;N/A - division par 0;
21114;Buffon;328.8;
21115;Buncey;166.5;
21116;Bure-les-Templiers;149.1;
21117;Busseaut;108.6;
21118;Busserotte-et-Montenaille;306;
21119;Bussières;158;
21120;La Bussière-sur-Ouche;191.8;
21121;Bussy-la-Pesle;119.2;
21122;Bussy-le-Grand;229.8;*
21123;Buxerolles;53;
21124;Censerey;157.6;
21125;Cérilly;214.1;
21126;Cessey-sur-Tille;260.8;
21127;Chaignay;270.3;
21128;Chailly-sur-Armançon;122.6;
21129;Chambain;131.9;
21130;Chambeire;98;
21131;Chamblanc;179.5;
21132;Chambœuf;89.7;
21133;Chambolle-Musigny;5.7;
21134;Chamesson;158.2;
21135;Champagne-sur-Vingeanne;91.1;
21136;Champagny;86.2;*
21137;Champ-d'Oiseau;168.7;
21138;Champdôtre;95;
21139;Champeau-en-Morvan;65.8;
21140;Champignolles;183.6;
21141;Champrenault;N/A - division par 0;
21142;Chanceaux;167.6;
21143;Channay;287.5;
21144;Charencey;283.5;
21145;Charigny;207.7;
21146;Charmes;157.5;
21147;Charny;133.7;
21148;Charrey-sur-Saône;64.6;*
21149;Charrey-sur-Seine;31.9;
21150;Chassagne-Montrachet;7.8;
21151;Chassey;7.8;
21152;Châteauneuf;164.7;
21153;Châtellenot;87.9;
21154;Châtillon-sur-Seine;325.8;
21155;Chaudenay-la-Ville;70.8;
21156;Chaudenay-le-Château;196.7;*
21157;Chaugey;198.7;
21158;Chaume-et-Courchamp;202.3;
21159;La Chaume;83.7;
21160;Chaume-lès-Baigneux;210.5;
21161;Chaumont-le-Bois;51.1;
21162;Chaux;30.1;
21163;Chazeuil;263.1;
21164;Chazilly;272.8;
21165;Chemin-d'Aisey;92;
21166;Chenôve;32.6;
21167;Cheuge;246;
21168;Chevannay;260.5;
21169;Chevannes;10.4;
21170;Chevigny-en-Valière;40.8;
21171;Chevigny-Saint-Sauveur;227;
21172;Chivres;183.6;
21173;Chorey-les-Beaune;10.3;
21175;Cirey-lès-Pontailler;87.9;
21176;Civry-en-Montagne;175.1;
21177;Clamerey;116.4;
21178;Valforêt;151.9;
21179;Clénay;110.2;
21180;Cléry;345.9;
21181;Clomot;74.3;
21182;Collonges-lès-Bévy;62.9;
21183;Collonges-et-Premières;N/A - division par 0;
21184;Colombier;96.7;
21185;Combertault;81.3;
21186;Comblanchien;42.6;
21187;Commarin;190.9;
21189;Corberon;105;
21190;Corcelles-les-Arts;53.8;
21191;Corcelles-lès-Cîteaux;108.6;
21192;Corcelles-les-Monts;129.4;*
21193;Corgengoux;105.7;
21194;Corgoloin;42;
21195;Cormot-Vauchignon;103.7;
21196;Corpeau;4.9;
21197;Corpoyer-la-Chapelle;8.3;
21198;Corrombles;55.3;
21199;Corsaint;221.7;
21200;Couchey;49.6;
21201;Coulmier-le-Sec;162.6;
21202;Courban;236.8;
21203;Courcelles-Frémoy;222.7;
21204;Courcelles-lès-Montbard;249.2;
21205;Courcelles-lès-Semur;114.1;
21207;Courlon;N/A - division par 0;
21208;Courtivron;208.6;
21209;Couternon;222.2;
21210;Créancey;142.7;
21211;Crécey-sur-Tille;166.4;
21212;Crépand;175.5;
21214;Crugey;15.5;
21215;Cuiserey;259;
21216;Culètre;12.9;
21217;Curley;N/A - division par 0;
21218;Curtil-Saint-Seine;N/A - division par 0;
21219;Curtil-Vergy;20.6;
21220;Cussey-les-Forges;234.4;
21221;Cussy-la-Colonne;383.9;
21222;Cussy-le-Châtel;142.5;
21223;Daix;86.4;
21224;Dampierre-en-Montagne;161.6;
21225;Dampierre-et-Flée;199.6;
21226;Darcey;142.2;
21227;Darois;139.2;
21228;Détain-et-Bruant;67.4;
21229;Diancey;109.3;
21230;Diénay;178.3;
21231;Dijon;74.1;
21232;Dompierre-en-Morvan;124.8;
21233;Drambon;162.2;
21234;Drée;N/A - division par 0;
21235;Duesme;141.8;
21236;Ébaty;N/A - division par 0;
21237;Échalot;303.5;
21238;Échannay;188.7;*
21239;Échenon;87.6;
21240;Échevannes;178.8;
21241;Échevronne;19.6;
21242;Échigey;118.2;*
21243;Écutigny;153.4;
21244;Éguilly;195.2;
21245;Épagny;142.8;
21246;Épernay-sous-Gevrey;70;
21247;Époisses;184.3;
21248;Éringes;457.7;
21249;Esbarres;141.6;
21250;Essarois;155.3;
21251;Essey;106.9;
21252;Étais;219.8;
21253;Étalante;161.8;
21254;L'Étang-Vergy;176.1;
21255;Étaules;494.3;
21256;Étevaux;134.3;
21257;Étormay;221.5;
21258;Étrochey;182.4;
21259;Fain-lès-Montbard;142.5;
21260;Fain-lès-Moutiers;110.4;
21261;Fauverney;128.4;
21262;Faverolles-lès-Lucey;210.5;
21263;Fénay;104.5;
21264;Le Fête;118.4;
21265;Fixin;28.9;
21266;Flacey;157;
21267;Flagey-Echézeaux;74.8;
21268;Flagey-lès-Auxonne;153.4;*
21269;Flammerans;177.4;
21270;Flavignerot;N/A - division par 0;
21271;Flavigny-sur-Ozerain;156.8;
21272;Le Val-Larrey;110;
21273;Fleurey-sur-Ouche;153.9;
21274;Foissy;129.5;
21275;Foncegrive;60.9;
21276;Fontaines-en-Duesmois;259.4;
21277;Fontaine-Française;154.9;
21278;Fontaine-lès-Dijon;5.9;*
21279;Fontaines-les-Sèches;104.4;
21280;Fontangy;111.1;
21281;Fontenelle;113.9;
21282;Forléans;352;
21283;Fraignot-et-Vesvrotte;211.3;
21284;Francheville;167.2;
21285;Franxault;126.3;
21286;Frénois;225.1;
21287;Fresnes;99.1;
21288;Frôlois;185.8;
21289;Fussey;45.8;
21290;Gemeaux;140.1;
21291;Genay;145.3;
21292;Genlis;160.9;
21293;Gergueil;224;
21294;Gerland;149.9;
21295;Gevrey-Chambertin;20.5;
21296;Gevrolles;219.7;
21297;Gilly-lès-Cîteaux;94.6;
21298;Gissey-le-Vieil;141.8;
21299;Gissey-sous-Flavigny;265;
21300;Gissey-sur-Ouche;267.6;
21301;Glanon;N/A - division par 0;
21302;Gomméville;118.1;
21303;Les Goulles;228.1;
21304;Grancey-le-Château-Neuvelle;304.1;
21305;Grancey-sur-Ource;220.3;
21306;Grenant-lès-Sombernon;196.6;
21307;Grésigny-Sainte-Reine;219.7;
21308;Grignon;183.4;
21309;Griselles;107.4;
21310;Grosbois-en-Montagne;140.4;
21311;Grosbois-lès-Tichey;N/A - division par 0;
21312;Gurgy-la-Ville;258.5;
21313;Gurgy-le-Château;454.5;
21314;Hauteroche;102.6;
21315;Hauteville-lès-Dijon;408.1;
21316;Heuilley-sur-Saône;95.8;
21317;Is-sur-Tille;171.2;
21319;Izeure;72.8;
21320;Izier;52;
21321;Jailly-les-Moulins;89.6;
21322;Jallanges;128.2;
21323;Jancigny;218;
21324;Jeux-lès-Bard;268;
21325;Jouey;100.5;
21326;Jours-lès-Baigneux;362.3;
21327;Val-Mont;197.2;
21328;Juillenay;17;
21329;Juilly;120.6;
21330;Labergement-Foigney;150.1;
21331;Labergement-lès-Auxonne;18.7;
21332;Labergement-lès-Seurre;149.9;
21333;Labruyère;144.6;
21334;Lacanche;112.4;
21335;Lacour-d'Arcenay;119;
21336;Laignes;261.7;
21337;Lamarche-sur-Saône;112.1;
21338;Lamargelle;203.9;
21339;Lantenay;100.6;
21340;Lanthes;178.4;
21341;Lantilly;259;
21342;Laperrière-sur-Saône;105.8;
21343;Larrey;104.6;
21344;Lechâtelet;150.8;
21345;Léry;113.4;
21346;Leuglay;38.1;
21347;Levernois;38.7;
21348;Licey-sur-Vingeanne;130.5;
21349;Liernais;150.3;
21350;Lignerolles;158;
21351;Longchamp;69.4;
21352;Longeault-Pluvault;185;
21353;Longecourt-en-Plaine;224.2;
21354;Longecourt-lès-Culêtre;131.9;
21355;Longvic;0.5;
21356;Losne;125.6;
21357;Louesme;164.9;
21358;Lucenay-le-Duc;179.5;
21359;Lucey;234;
21360;Lusigny-sur-Ouche;104.2;
21361;Lux;141.7;
21362;Maconge;22.2;
21363;Magnien;88.7;
21364;Magny-Lambert;122.1;
21365;Magny-la-Ville;50.7;
21366;Magny-lès-Aubigny;129.2;
21367;Magny-Montarlot;190.1;
21368;Magny-lès-Villers;43.5;
21369;Magny-Saint-Médard;193.5;
21370;Magny-sur-Tille;83.3;
21371;Les Maillys;124.1;
21372;Maisey-le-Duc;74.3;
21373;Mâlain;66.8;
21374;Maligny;97;
21375;Manlay;187.8;*
21376;Marandeuil;197.8;
21377;Marcellois;237.6;
21378;Marcenay;101.8;
21379;Marcheseuil;202.1;
21380;Marcigny-sous-Thil;88;
21381;Marcilly-et-Dracy;184.3;
21382;Marcilly-Ogny;164.2;
21383;Marcilly-sur-Tille;185.2;
21384;Marey-lès-Fussey;46.3;*
21385;Marey-sur-Tille;240.4;
21386;Marigny-le-Cahouët;254.7;
21387;Marigny-lès-Reullée;93;
21388;Marliens;35.2;
21389;Marmagne;0;
21390;Marsannay-la-Côte;13.5;
21391;Marsannay-le-Bois;394;
21392;Martrois;212;
21393;Massingy;94.5;
21394;Massingy-lès-Semur;127.5;
21395;Massingy-lès-Vitteaux;304.7;
21396;Mauvilly;320.5;
21397;Mavilly-Mandelot;107.5;
21398;Maxilly-sur-Saône;106.9;
21399;Meilly-sur-Rouvres;220.5;
21400;Le Meix;220.4;
21401;Meloisey;7.2;
21402;Menesble;60.1;
21403;Ménessaire;61.3;
21404;Ménétreux-le-Pitois;138.9;
21405;Merceuil;89.7;
21406;Mesmont;87.2;
21407;Messanges;87.2;
21408;Messigny-et-Vantoux;138.8;
21409;Meuilley;15;
21410;Meulson;460.8;
21411;Meursanges;105.6;
21412;Meursault;6.5;
21413;Millery;188.9;
21414;Mimeure;152.6;
21415;Minot;201.5;
21416;Mirebeau-sur-Bèze;113.3;
21417;Missery;36.1;
21418;Moitron;122.3;
21419;Molesme;41.6;
21420;Molinot;201.5;
21421;Moloy;N/A - division par 0;
21422;Molphey;175.3;
21423;Montagny-lès-Beaune;103.6;
21424;Montagny-lès-Seurre;111.6;
21425;Montbard;302.3;
21426;Montberthault;154;
21427;Montceau-et-Écharnant;104.7;
21428;Monthelie;6.4;
21429;Montigny-Montfort;139.2;
21430;Montigny-Saint-Barthélemy;90.3;*
21431;Montigny-sur-Armançon;303.7;
21432;Montigny-sur-Aube;178.6;
21433;Montigny-Mornay-Villeneuve-sur-Vingeanne;166.2;
21434;Montlay-en-Auxois;177.9;
21435;Montliot-et-Courcelles;242.5;
21436;Montmain;57.5;
21437;Montmançon;102.1;
21438;Montmoyen;151.9;
21439;Montoillot;192;
21440;Montot;57;
21441;Mont-Saint-Jean;116;
21442;Morey-Saint-Denis;9.6;
21444;Mosson;100.2;
21445;La Motte-Ternant;154.9;
21446;Moutiers-Saint-Jean;149.1;
21447;Musigny;123.9;
21448;Mussy-la-Fosse;N/A - division par 0;
21449;Nan-sous-Thil;116.5;
21450;Nantoux;36.4;
21451;Nesle-et-Massoult;223.5;
21452;Neuilly-Crimolois;101.9;
21454;Nicey;127.9;
21455;Nod-sur-Seine;156.3;
21456;Nogent-lès-Montbard;291.2;
21457;Noidan;195;
21458;Noiron-sous-Gevrey;215.9;
21459;Noiron-sur-Bèze;179.7;
21460;Noiron-sur-Seine;0.6;
21461;Nolay;22.9;
21462;Norges-la-Ville;132.9;
21463;Normier;283.6;
21464;Nuits-Saint-Georges;9.5;
21465;Obtrée;345;
21466;Oigny;111.7;
21467;Oisilly;130.2;
21468;Orain;194.2;
21469;Orgeux;191.8;
21470;Origny;253.7;
21471;Orret;N/A - division par 0;
21472;Orville;116.3;
21473;Ouges;186.7;
21474;Pagny-la-Ville;N/A - division par 0;
21475;Pagny-le-Château;188.1;
21476;Painblanc;111.2;
21477;Panges;N/A - division par 0;
21478;Pasques;234;
21479;Pellerey;111.6;
21480;Pernand-Vergelesses;8.3;
21481;Perrigny-lès-Dijon;91.9;
21482;Perrigny-sur-l'Ognon;162.2;
21483;Pichanges;214.6;
21484;Planay;189.7;
21485;Plombières-lès-Dijon;92.1;
21487;Pluvet;110.7;
21488;Poinçon-lès-Larrey;203.7;
21489;Poiseul-la-Grange;216.4;
21490;Poiseul-la-Ville-et-Laperrière;186.7;
21491;Poiseul-lès-Saulx;N/A - division par 0;
21492;Pommard;6.6;
21493;Poncey-lès-Athée;369.8;
21494;Poncey-sur-l'Ignon;202.7;
21495;Pont;188.8;
21496;Pontailler-sur-Saône;146.4;
21497;Pont-et-Massène;254.8;
21498;Posanges;234.2;
21499;Pothières;208.8;
21500;Pouillenay;115.8;
21501;Pouilly-en-Auxois;163.5;
21502;Pouilly-sur-Saône;103.4;
21503;Pouilly-sur-Vingeanne;218.3;
21504;Prâlon;214.5;
21505;Précy-sous-Thil;112.7;
21506;Premeaux-Prissey;35.7;
21508;Prenois;238;
21510;Prusly-sur-Ource;264.8;
21511;Puits;131.4;
21512;Puligny-Montrachet;5.9;
21514;Quemigny-sur-Seine;249.2;
21515;Quetigny;82.8;
21516;Quincerot;3.3;
21517;Quincey;141.4;
21518;Quincy-le-Vicomte;90.9;
21519;Recey-sur-Ource;324.6;
21520;Remilly-en-Montagne;139.8;
21521;Remilly-sur-Tille;67.2;
21522;Renève;215.5;
21523;Reulle-Vergy;49.5;
21524;Riel-les-Eaux;134.9;
21525;La Roche-en-Brenil;83.1;
21526;Rochefort-sur-Brévon;N/A - division par 0;
21527;La Rochepot;70.6;
21528;La Roche-Vanneau;252.2;
21529;Roilly;192.8;
21530;Rougemont;142.8;
21531;Rouvray;63.3;
21532;Rouvres-en-Plaine;139;
21533;Rouvres-sous-Meilly;213.2;*
21534;Ruffey-lès-Beaune;104.5;
21535;Ruffey-lès-Echirey;69.7;
21536;Sacquenay;248.4;
21537;Saffres;26.8;
21538;Saint-Andeux;194.8;
21539;Saint-Anthot;409.1;
21540;Saint-Apollinaire;86.5;
21541;Saint-Aubin;10.2;
21542;Saint-Bernard;107.6;
21543;Saint-Broing-les-Moines;143.1;
21544;Sainte-Colombe-en-Auxois;99.8;
21545;Sainte-Colombe-sur-Seine;83.1;
21546;Saint-Didier;182.4;
21547;Saint-Euphrône;158.2;
21548;Saint-Germain-de-Modéon;91.5;
21549;Saint-Germain-le-Rocheux;58.7;
21550;Saint-Germain-lès-Senailly;156.4;
21552;Saint-Hélier;N/A - division par 0;
21553;Saint-Jean-de-Bœuf;126.9;
21554;Saint-Jean-de-Losne;N/A - division par 0;
21555;Saint-Julien;93;
21556;Saint-Léger-Triey;258.6;
21557;Saint-Marc-sur-Seine;N/A - division par 0;
21558;Sainte-Marie-la-Blanche;33.3;
21559;Sainte-Marie-sur-Ouche;N/A - division par 0;
21560;Saint-Martin-de-la-Mer;93.4;
21561;Saint-Martin-du-Mont;137.1;
21562;Saint-Maurice-sur-Vingeanne;300.1;
21563;Saint-Mesmin;159.1;
21564;Saint-Nicolas-lès-Cîteaux;134.1;
21565;Saint-Philibert;104.9;
21566;Saint-Pierre-en-Vaux;91.3;
21567;Saint-Prix-lès-Arnay;111.9;
21568;Saint-Rémy;147.8;
21569;Saint-Romain;35.2;
21570;Sainte-Sabine;156.2;
21571;Saint-Sauveur;146.8;
21572;Saint-Seine-en-Bâche;226.6;
21573;Saint-Seine-l'Abbaye;250.7;
21574;Saint-Seine-sur-Vingeanne;141.4;
21575;Saint-Symphorien-sur-Saône;172.4;
21576;Saint-Thibault;172.7;
21577;Saint-Usage;86.1;
21578;Saint-Victor-sur-Ouche;78.1;
21579;Salives;264.1;
21580;Salmaise;265.7;
21581;Samerey;N/A - division par 0;
21582;Santenay;12.7;
21583;Santosse;104.8;
21584;Saulieu;104.2;
21585;Saulon-la-Chapelle;123.6;
21586;Saulon-la-Rue;132.4;
21587;Saulx-le-Duc;191.1;
21588;Saussey;159.9;
21589;Saussy;191.4;
21590;Savigny-lès-Beaune;18.8;
21591;Savigny-le-Sec;64.4;
21592;Savigny-sous-Mâlain;78.2;
21593;Savilly;200.1;
21594;Savoisy;158.7;
21595;Savolles;166.8;
21596;Savouges;53.9;
21597;Segrois;N/A - division par 0;
21598;Seigny;157.3;
21599;Selongey;144.3;
21600;Semarey;68.5;
21601;Semezanges;206.1;
21602;Semond;222.6;
21603;Semur-en-Auxois;97.8;
21604;Senailly;246.9;
21605;Sennecey-lès-Dijon;119.2;*
21606;Ladoix-Serrigny;40.9;
21607;Seurre;105.7;
21608;Sincey-lès-Rouvray;213.6;
21609;Soirans;N/A - division par 0;
21610;Soissons-sur-Nacey;N/A - division par 0;
21611;Sombernon;167.6;
21612;Souhey;174.2;
21613;Soussey-sur-Brionne;94.7;
21614;Spoy;159.3;
21615;Sussey;106.4;
21616;Tailly;18.9;
21617;Talant;10.4;
21618;Talmay;77.3;
21619;Tanay;278.4;
21620;Tarsul;183.8;
21622;Tart-le-Bas;164.3;
21623;Tart;114;
21624;Tellecey;189.4;
21625;Ternant;97.4;
21626;Terrefondrée;186.8;
21627;Thenissey;151.8;
21628;Thoires;74.6;
21629;Thoisy-la-Berchère;156.5;
21630;Thoisy-le-Désert;181.3;
21631;Thomirey;127.8;
21632;Thorey-en-Plaine;208.9;
21633;Thorey-sous-Charny;71.3;
21634;Thorey-sur-Ouche;157;
21635;Thoste;190.5;
21636;Thury;120.5;
21637;Tichey;164.7;
21638;Til-Châtel;202.3;
21639;Tillenay;17.5;
21640;Torcy-et-Pouligny;164.7;
21641;Touillon;270.3;
21642;Toutry;3.8;
21643;Tréclun;97.3;
21644;Trochères;1.4;
21645;Trouhans;128.7;
21646;Trouhaut;163.7;
21647;Trugny;153.1;
21648;Turcey;185.5;
21649;Uncey-le-Franc;281;
21650;Urcy;133.1;
21651;Val-Suzon;N/A - division par 0;
21652;Vandenesse-en-Auxois;130.3;
21653;Vannaire;115.4;
21655;Vanvey;N/A - division par 0;
21656;Varanges;140.1;
21657;Varois-et-Chaignot;161.2;
21659;Vaux-Saules;212.5;
21660;Veilly;155.9;
21661;Velars-sur-Ouche;114.7;
21662;Velogny;68.9;
21663;Venarey-les-Laumes;127.5;
21664;Verdonnet;147.9;
21665;Vernois-lès-Vesvres;199.9;
21666;Vernot;251.9;
21667;Véronnes;176.4;
21669;Verrey-sous-Drée;167.1;
21670;Verrey-sous-Salmaise;516.5;
21671;Vertault;183.4;
21672;Vesvres;310;
21673;Veuvey-sur-Ouche;8.2;
21674;Veuxhaulles-sur-Aube;185.4;
21675;Vianges;144.8;
21676;Vic-de-Chassenay;137;
21677;Vic-des-Prés;373.2;
21678;Vic-sous-Thil;106.2;
21679;Vieilmoulin;114.4;
21680;Vielverge;143.7;
21681;Vieux-Château;164.8;
21682;Viévigne;229.2;
21683;Viévy;177.1;
21684;Vignoles;148.5;*
21685;Villaines-en-Duesmois;213.1;
21686;Villaines-les-Prévôtes;48;
21687;Villargoix;158.6;
21688;Villars-Fontaine;9.4;
21689;Villars-et-Villenotte;154.9;
21690;Villeberny;147.9;
21691;Villebichot;217.1;
21692;Villecomte;150.9;
21693;Villedieu;68.8;
21694;Villeferry;210.5;
21695;La Villeneuve-les-Convers;199.2;
21696;Villeneuve-sous-Charigny;N/A - division par 0;
21698;Villers-la-Faye;28.2;
21699;Villers-les-Pots;92;
21700;Villers-Patras;170.3;
21701;Villers-Rotin;143.9;
21702;Villey-sur-Tille;44.5;
21703;Villiers-en-Morvan;169.1;
21704;Villiers-le-Duc;N/A - division par 0;
21705;Villotte-Saint-Seine;140.8;
21706;Villotte-sur-Ource;219;
21707;Villy-en-Auxois;66.9;
21708;Villy-le-Moutier;151.8;
21709;Viserny;209.3;
21710;Vitteaux;189.4;
21711;Vix;131.7;
21712;Volnay;7.3;
21713;Vonges;0.9;
21714;Vosne-Romanée;9;
21715;Voudenay;88.3;
21716;Vougeot;4.4;
21717;Voulaines-les-Templiers;154.6;
22001;Allineuc;54.7;
22002;Andel;42.2;
22003;Aucaleuc;58.5;
22004;Bégard;45.9;
22005;Belle-Isle-en-Terre;64.7;
22006;Berhet;37.9;
22008;Bobital;45.6;
22009;Le Bodéo;91.6;
22011;Boqueho;43;
22012;La Bouillie;49.4;
22013;Bourbriac;64.7;
22014;Bourseul;70.2;
22015;Bréhand;48.8;
22016;Île-de-Bréhat;7.7;
22018;Brélidy;30.3;
22019;Bringolo;53.7;
22020;Broons;75.8;
22021;Brusvily;87.9;
22023;Bulat-Pestivien;79.9;
22024;Calanhel;82.1;
22025;Callac;54.6;
22026;Calorguen;85.8;*
22027;Le Cambout;58.1;
22028;Camlez;41.2;
22029;Canihuel;100.1;
22030;Caouënnec-Lanvézéac;53.8;
22031;Carnoët;80.2;
22032;Caulnes;62.7;
22033;Caurel;80.6;*
22034;Cavan;44.9;
22035;Les Champs-Géraux;58.1;
22036;La Chapelle-Blanche;68.9;
22037;La Chapelle-Neuve;79.5;
22039;La Chèze;20.8;
22040;Coadout;37.1;
22041;Coatascorn;63.5;
22042;Coatréven;57.9;
22043;Coëtlogon;65;
22044;Coëtmieux;85.1;
22045;Cohiniac;50;
22046;Le Mené;58.2;
22047;Corlay;76;
22048;Corseul;65.9;
22049;Créhen;94.8;
22050;Dinan;49.2;
22052;Duault;96.9;
22053;Éréac;79.8;
22054;Erquy;61;
22055;Binic-Étables-sur-Mer;46.2;
22056;Évran;53.5;
22057;Le Faouët;48.7;*
22059;Le Fœil;63.7;
22060;Gausson;61.6;
22061;Glomel;59.1;
22062;Gomené;70.9;
22063;Gommenec'h;69.6;
22064;Gouarec;74.6;
22065;Goudelin;57.2;
22067;Grâces;41.6;
22068;Grâce-Uzel;51.2;
22069;Guenroc;101.9;
22070;Guingamp;2;
22071;Guitté;57.7;
22072;Gurunhuel;90.8;
22073;La Harmoye;56.2;
22074;Le Haut-Corlay;71.9;
22075;Hémonstoir;75;
22076;Hénanbihen;71.5;
22077;Hénansal;46.6;
22079;Hénon;60.6;
22081;Hillion;62.4;
22082;Le Hinglé;N/A - division par 0;
22083;Illifaut;75.3;
22084;Jugon-les-Lacs - Commune nouvelle;54.6;
22085;Kerbors;30.2;
22086;Kerfot;55.8;
22087;Kergrist-Moëlou;61.9;
22088;Kerien;62.1;
22090;Kermaria-Sulard;52.7;
22091;Kermoroc'h;38.5;
22092;Kerpert;52.8;
22093;Lamballe-Armor;50.3;
22094;Lancieux;25.3;
22095;Landebaëron;26.1;
22096;Landébia;30.5;
22097;La Landec;74.1;
22098;Landéhen;50.5;
22099;Lanfains;58.2;
22101;Langoat;41.8;
22103;Langrolay-sur-Rance;78.9;
22104;Languédias;44.6;
22105;Languenan;81.6;
22106;Langueux;13;
22107;Bon Repos sur Blavet;80;
22108;Lanleff;106.8;*
22109;Lanloup;74.5;
22110;Lanmérin;31.6;
22111;Lanmodez;37.4;
22112;Lannebert;55.2;
22113;Lannion;44.5;
22114;Lanrelas;63.8;
22115;Lanrivain;68.8;
22116;Lanrodec;39.2;
22117;Lantic;66.5;
22118;Lanvallay;58.8;
22119;Lanvellec;61.7;
22121;Lanvollon;27.3;*
22122;Laurenan;64.5;
22124;Lescouët-Gouarec;48.7;
22126;Le Leslay;60.4;
22127;Lézardrieux;28.6;
22128;Locarn;64.9;
22129;Loc-Envel;34;
22131;Loguivy-Plougras;59.4;
22132;Lohuec;95.9;
22133;Loscouët-sur-Meu;70.9;
22134;Louannec;69.1;
22135;Louargat;60.7;
22136;Loudéac;67.3;
22137;Maël-Carhaix;68.3;
22138;Maël-Pestivien;73.1;
22139;Magoar;81.2;*
22140;La Malhoure;55.1;
22141;Mantallot;94.7;
22143;Matignon;87.9;
22144;La Méaugon;24.5;
22145;Mégrit;78.4;
22146;Mellionnec;55.9;
22147;Merdrignac;62.5;
22148;Mérillac;93.1;
22149;Merléac;64.3;
22150;Le Merzer;53.7;
22152;Minihy-Tréguier;54.1;
22153;Moncontour;N/A - division par 0;
22155;La Motte;63;
22156;Moustéru;54;
22157;Le Moustoir;76.7;
22158;Guerlédan;57.9;
22160;Noyal;42.5;
22161;Pabu;78.3;*
22162;Paimpol;41.7;
22163;Paule;90.6;
22164;Pédernec;51.2;
22165;Penguily;49.8;
22166;Penvénan;27.1;
22168;Perros-Guirec;16.9;
22169;Peumerit-Quintin;97.5;
22170;Plaine-Haute;56;
22171;Plaintel;44;
22172;Plancoët;62;
22174;Pléboulle;61.7;
22175;Plédéliac;48;
22176;Plédran;64.2;
22177;Pléguien;48.9;
22178;Pléhédel;38.9;
22179;Fréhel;94.4;
22180;Plélan-le-Petit;74.3;
22181;Plélauff;53.7;
22182;Plélo;48.7;
22183;Plémet;67.3;
22184;Plémy;51.6;
22185;Plénée-Jugon;63.6;
22186;Pléneuf-Val-André;40.9;
22187;Plérin;61.3;*
22188;Plerneuf;62.3;
22189;Plésidy;53;
22190;Pleslin-Trigavou;76.1;
22193;Plestan;60.1;
22194;Plestin-les-Grèves;53;
22195;Pleubian;30.7;
22196;Pleudaniel;45;
22197;Pleudihen-sur-Rance;66.6;
22198;Pleumeur-Bodou;67.7;
22199;Pleumeur-Gautier;39.9;
22200;Pléven;71.7;
22201;Plévenon;80.3;
22202;Plévin;80.3;
22203;Plœuc-L'Hermitage;57.2;
22204;Ploëzal;51.2;
22205;Plorec-sur-Arguenon;98.9;
22206;Châtelaudren-Plouagat;54.9;
22207;Plouaret;71.8;
22208;Plouasne;74.5;
22209;Beaussais-sur-Mer;72.3;
22210;Ploubazlanec;35.2;
22211;Ploubezre;54.1;
22212;Plouëc-du-Trieux;57.4;
22213;Plouër-sur-Rance;57.9;
22214;Plouézec;46.9;
22215;Ploufragan;49.8;
22216;Plougonver;51.4;
22217;Plougras;72.4;
22218;Plougrescant;26.8;
22219;Plouguenast-Langast;57.9;
22220;Plouguernével;71.8;
22221;Plouguiel;32.6;
22222;Plouha;59.8;
22223;Plouisy;47.2;
22224;Ploulec'h;39.8;
22225;Ploumagoar;51.2;
22226;Ploumilliau;64.1;
22227;Plounérin;63.8;
22228;Plounévez-Moëdec;50.9;
22229;Plounévez-Quintin;75.9;
22231;Plourac'h;67.3;
22232;Plourhan;49.9;
22233;Plourivo;29.4;
22234;Plouvara;67.9;
22235;Plouzélambre;65.4;
22236;Pludual;58.5;
22237;Pluduno;65.3;
22238;Plufur;52.8;
22239;Plumaudan;104.2;
22240;Plumaugat;66.8;
22241;Plumieux;64.7;
22242;Plurien;61;
22243;Plusquellec;80.2;
22244;Plussulien;77.5;
22245;Pluzunet;54.2;
22246;Pommeret;45.9;
22248;Pommerit-le-Vicomte;63.5;
22249;Pont-Melvez;59.9;
22250;Pontrieux;8.2;
22251;Pordic;47.7;
22254;Prat;50.5;
22255;La Prénessaye;53.1;
22256;Quemper-Guézennec;59.3;
22257;Quemperven;69.1;
22258;Quessoy;81.4;
22259;Quévert;49.9;
22260;Le Quillio;46.5;
22261;Quintenic;63.7;
22262;Quintin;89.1;
22263;Le Quiou;48.2;
22264;La Roche-Jaudy;52.3;
22265;Rospez;46.3;
22266;Rostrenen;61.9;
22267;Rouillac;73.7;
22268;Ruca;62.9;
22269;Runan;52.4;
22271;Saint-Adrien;51.5;
22272;Saint-Agathon;51.4;
22273;Saint-Alban;58.8;
22274;Saint-André-des-Eaux;85.3;
22275;Saint-Barnabé;76.5;
22276;Saint-Bihy;37.2;
22277;Saint-Brandan;73.7;
22278;Saint-Brieuc;98.6;
22279;Saint-Caradec;58.3;
22280;Saint-Carné;107.5;
22281;Saint-Carreuc;45.6;
22282;Saint-Cast-le-Guildo;69.3;
22283;Saint-Clet;39.9;
22284;Saint-Connan;48.1;
22285;Saint-Connec;64.6;
22286;Saint-Denoual;66.2;
22287;Saint-Donan;49;
22288;Saint-Étienne-du-Gué-de-l'Isle;53.1;
22289;Saint-Fiacre;33.7;
22291;Saint-Gildas;58.1;
22293;Saint-Gilles-les-Bois;58.5;
22294;Saint-Gilles-Pligeaux;44.2;
22295;Saint-Gilles-Vieux-Marché;82.3;
22296;Saint-Glen;56.7;
22299;Saint-Hélen;73.7;
22300;Saint-Hervé;39.1;
22302;Saint-Jacut-de-la-Mer;N/A - division par 0;
22304;Saint-Jean-Kerdaniel;62.3;
22305;Saint-Jouan-de-l'Isle;62.8;
22306;Saint-Judoce;65.9;
22307;Saint-Julien;62.5;
22308;Saint-Juvat;69;
22309;Saint-Launeuc;76.2;
22310;Saint-Laurent;55.2;
22311;Saint-Lormel;76.2;
22312;Saint-Maden;71.5;
22313;Saint-Martin-des-Prés;63.8;
22314;Saint-Maudan;57;
22315;Saint-Maudez;93;
22316;Saint-Mayeux;80.2;
22317;Saint-Méloir-des-Bois;79;
22318;Saint-Michel-de-Plélan;45.9;
22319;Saint-Michel-en-Grève;59.2;
22320;Saint-Nicodème;50.2;
22321;Saint-Nicolas-du-Pélem;58.9;
22322;Saint-Péver;36.8;
22323;Saint-Pôtan;58.2;
22324;Saint-Quay-Perros;67.9;
22325;Saint-Quay-Portrieux;N/A - division par 0;
22326;Saint-Rieul;78.8;
22327;Saint-Samson-sur-Rance;43.9;
22328;Saint-Servais;57.8;
22330;Saint-Thélo;52.9;
22331;Sainte-Tréphine;81;
22332;Saint-Trimoël;37.7;
22333;Saint-Vran;66.8;
22334;Saint-Igeaux;74.4;
22335;Senven-Léhart;45.2;
22337;Sévignac;93.6;
22338;Squiffiec;60.7;
22339;Taden;77.4;
22340;Tonquédec;41.9;
22341;Tramain;112.9;
22342;Trébédan;87.7;
22343;Trébeurden;28.7;
22344;Trébrivan;51.5;
22345;Trébry;46.3;
22346;Trédaniel;59.8;
22347;Trédarzec;40;
22348;Trédias;110.1;
22349;Trédrez-Locquémeau;14;
22350;Tréduder;9.5;
22351;Treffrin;38.7;
22352;Tréfumel;68.6;
22353;Trégastel;27;
22354;Tréglamus;51.7;
22356;Trégomeur;44.8;
22358;Trégonneau;70.3;
22359;Trégrom;57.9;
22360;Trégueux;29.6;
22361;Tréguidel;25.5;*
22362;Tréguier;N/A - division par 0;
22363;Trélévern;57.8;
22364;Trélivan;56.7;
22365;Trémargat;45.1;
22366;Trémel;85.8;
22368;Tréméreuc;6.1;
22369;Trémeur;69.3;
22370;Tréméven;61.9;
22371;Trémorel;59.1;
22372;Trémuson;35.9;
22373;Tréogan;94.6;
22375;Tressignaux;74.4;
22376;Trévé;50;
22377;Tréveneuc;78.7;
22378;Trévérec;69.6;
22379;Trévou-Tréguignec;61.2;
22380;Trévron;98.6;
22381;Trézény;50.2;
22383;Troguéry;83.2;
22384;Uzel;65.4;
22385;La Vicomté-sur-Rance;42.8;
22386;Le Vieux-Bourg;51.9;
22387;Le Vieux-Marché;55.9;
22388;Vildé-Guingalan;58.6;
22389;Yffiniac;63.9;
22390;Yvias;46.5;
22391;Yvignac-la-Tour;84.9;
23001;Ahun;87.6;
23002;Ajain;74.9;
23003;Alleyrat;58.6;
23004;Anzême;129.4;
23005;Arfeuille-Châtain;96.2;
23006;Arrènes;139.7;
23007;Ars;75.9;
23008;Aubusson;93.6;
23009;Auge;81;
23010;Augères;135.5;
23011;Aulon;180.2;
23012;Auriat;69.7;
23013;Auzances;54.4;
23014;Azat-Châtenet;88.7;
23015;Azerables;80;
23016;Banize;101.9;
23017;Basville;102.8;
23018;Bazelat;74;
23019;Beissat;46.1;
23020;Bellegarde-en-Marche;62.6;
23021;Bénévent-l'Abbaye;96.9;
23022;Bétête;85.2;
23023;Blaudeix;86.1;
23024;Blessac;84.3;
23025;Bonnat;117.8;
23026;Bord-Saint-Georges;67.5;
23027;Bosmoreau-les-Mines;129.3;
23028;Bosroger;62;
23029;Le Bourg-d'Hem;52.7;
23030;Bourganeuf;35;
23031;Boussac;83.5;
23032;Boussac-Bourg;74.4;
23033;La Brionne;44.4;
23034;Brousse;77.4;
23035;Budelière;119.6;
23036;Bussière-Dunoise;100.8;
23037;Bussière-Nouvelle;59.5;
23038;Bussière-Saint-Georges;81.7;
23039;La Celle-Dunoise;127.3;
23040;La Celle-sous-Gouzon;74.9;
23041;La Cellette;79.8;
23042;Ceyroux;130.8;
23043;Chamberaud;130.3;
23044;Chambon-Sainte-Croix;5;
23045;Chambon-sur-Voueize;70.1;
23046;Chambonchard;162.9;
23047;Chamborand;75.2;
23048;Champagnat;76.5;
23049;Champsanglard;96.7;
23050;La Chapelle-Baloue;44.5;
23051;La Chapelle-Saint-Martial;116.8;*
23052;La Chapelle-Taillefert;36;
23053;Chard;62.6;
23054;Charron;80.6;
23055;Châtelard;33;
23056;Châtelus-le-Marcheix;93.2;
23057;Châtelus-Malvaleix;106.7;
23058;Le Chauchet;162.1;
23059;La Chaussade;95.5;
23060;Chavanat;50;
23061;Chénérailles;89.9;
23062;Chéniers;84.8;
23063;Clairavaux;133.1;
23064;Clugnat;103.9;
23065;Colondannes;117.3;
23066;Le Compas;74.9;
23067;La Courtine;148.9;
23068;Cressat;62.5;
23069;Crocq;109.5;
23070;Crozant;67.3;
23071;Croze;125.1;
23072;Domeyrot;56.9;
23073;Dontreix;80.7;
23074;Le Donzeil;82.8;
23075;Dun-le-Palestel;104.2;
23076;Évaux-les-Bains;108;
23077;Faux-la-Montagne;96.2;
23078;Faux-Mazuras;117.5;
23079;Felletin;53.2;
23080;Féniers;205.1;
23081;Flayat;99.7;
23082;Fleurat;59.8;
23083;Fontanières;83.2;
23084;La Forêt-du-Temple;85.7;
23086;Fransèches;93.7;
23087;Fresselines;58.8;
23088;Gartempe;110.7;
23089;Genouillac;86.9;
23090;Gentioux-Pigerolles;112.5;
23091;Gioux;164.2;
23092;Glénic;51.7;
23093;Gouzon;117.5;
23095;Le Grand-Bourg;106.2;
23096;Guéret;75.4;
23097;Issoudun-Létrieix;97.1;
23098;Jalesches;159.9;
23099;Janaillat;73.7;
23100;Jarnages;67.5;
23101;Jouillat;167.7;
23102;Ladapeyre;93;
23103;Lafat;109.1;*
23104;Lavaufranche;84.9;
23105;Lavaveix-les-Mines;34.8;
23106;Lépaud;67.5;
23107;Lépinas;50.4;
23108;Leyrat;95.7;
23109;Linard-Malval;77.5;
23110;Lioux-les-Monges;135.7;
23111;Lizières;95.3;
23112;Lourdoueix-Saint-Pierre;82.6;
23113;Lupersat;110.1;
23114;Lussat;117.2;
23115;Magnat-l'Étrange;91.1;
23116;Mainsat;75.8;
23117;Maison-Feyne;120.8;
23118;Maisonnisses;82.8;
23119;Malleret;101.4;
23120;Malleret-Boussac;93.2;
23122;Mansat-la-Courrière;103.5;
23123;Les Mars;60.5;
23124;Marsac;111;
23125;Le Mas-d'Artige;151.4;
23127;Mautes;86.6;
23128;Mazeirat;172;
23129;La Mazière-aux-Bons-Hommes;100.6;
23130;Méasnes;81.6;
23131;Mérinchal;79.5;
23132;Montaigut-le-Blanc;103.8;
23133;Montboucher;96.4;
23134;Le Monteil-au-Vicomte;85.1;
23136;Mortroux;109;
23137;Mourioux-Vieilleville;89.7;
23138;Moutier-d'Ahun;90.8;
23139;Moutier-Malcard;67.3;
23140;Moutier-Rozeille;85;
23141;Naillat;82.3;
23142;Néoux;120.4;
23143;Noth;75;
23144;La Nouaille;84.7;
23145;Nouhant;140;
23146;Nouzerines;74.7;
23147;Nouzerolles;80.8;
23148;Nouziers;80.7;
23149;Parsac-Rimondeix;83.6;
23150;Peyrabout;80;
23151;Peyrat-la-Nonière;77.6;
23152;Pierrefitte;142.5;
23154;Pionnat;100.6;
23155;Pontarion;20;
23156;Pontcharraud;71.4;
23157;La Pouge;131.2;
23158;Poussanges;133.1;
23159;Puy-Malsignat;113.1;
23160;Reterre;71.7;
23162;Roches;130.5;
23164;Rougnat;93.5;
23165;Royère-de-Vassivière;67.3;
23166;Sagnat;95.6;
23167;Sannat;110.4;
23168;Sardent;64.3;
23169;La Saunière;84.1;
23170;Savennes;39.5;
23171;Sermur;75;
23172;La Serre-Bussière-Vieille;106.9;
23173;Soubrebost;92.7;
23174;Soumans;114.8;
23175;Sous-Parsat;112.4;
23176;La Souterraine;100.1;
23177;Saint-Agnant-de-Versillat;82.6;
23178;Saint-Agnant-près-Crocq;88.2;
23179;Saint-Alpinien;76.6;
23180;Saint-Amand;81.5;
23181;Saint-Amand-Jartoudeix;68.5;
23182;Saint-Avit-de-Tardes;83.6;
23183;Saint-Avit-le-Pauvre;141.9;
23184;Saint-Bard;96.1;
23185;Saint-Chabrais;73.9;
23186;Saint-Christophe;118.6;
23187;Saint-Dizier-la-Tour;112.8;
23188;Saint-Dizier-les-Domaines;65.1;
23189;Saint-Dizier-Masbaraud;119.1;
23190;Saint-Domet;40;
23191;Saint-Éloi;72.5;
23192;Fursac;100;
23193;Sainte-Feyre;51.2;
23194;Sainte-Feyre-la-Montagne;162.1;
23195;Saint-Fiel;95.3;
23196;Saint-Frion;122.1;
23197;Saint-Georges-la-Pouge;68.7;
23198;Saint-Georges-Nigremont;104.2;
23199;Saint-Germain-Beaupré;130.2;
23200;Saint-Goussaud;38;
23201;Saint-Hilaire-la-Plaine;41.3;
23202;Saint-Hilaire-le-Château;90.6;
23203;Saint-Julien-la-Genête;79.4;
23204;Saint-Julien-le-Châtel;118.6;
23205;Saint-Junien-la-Bregère;95.1;
23206;Saint-Laurent;79.1;
23207;Saint-Léger-Bridereix;69.4;
23208;Saint-Léger-le-Guérétois;106.8;
23209;Saint-Loup;100.1;
23210;Saint-Maixant;58.6;
23211;Saint-Marc-à-Frongier;64;
23212;Saint-Marc-à-Loubaud;96.1;
23213;Saint-Marien;75.5;
23214;Saint-Martial-le-Mont;73.9;
23215;Saint-Martial-le-Vieux;86.1;
23216;Saint-Martin-Château;85.9;
23217;Saint-Martin-Sainte-Catherine;127.2;
23218;Saint-Maurice-près-Crocq;79.3;
23219;Saint-Maurice-la-Souterraine;109.9;
23220;Saint-Médard-la-Rochette;97.8;
23221;Saint-Merd-la-Breuille;114.5;
23222;Saint-Michel-de-Veisse;113.6;
23223;Saint-Moreil;13.4;
23224;Saint-Oradoux-de-Chirouze;8.6;
23225;Saint-Oradoux-près-Crocq;52.4;
23226;Saint-Pardoux-d'Arnet;108.1;
23227;Saint-Pardoux-Morterolles;55.4;
23228;Saint-Pardoux-le-Neuf;85.4;
23229;Saint-Pardoux-les-Cards;83.7;
23230;Saint-Pierre-Chérignat;114.5;
23232;Saint-Pierre-Bellevue;144.1;
23233;Saint-Pierre-le-Bost;113.1;
23234;Saint-Priest;120.2;
23235;Saint-Priest-la-Feuille;94.2;
23236;Saint-Priest-la-Plaine;77.5;
23237;Saint-Priest-Palus;186.3;
23238;Saint-Quentin-la-Chabanne;117.9;
23239;Saint-Sébastien;103;
23240;Saint-Silvain-Bas-le-Roc;80.3;
23241;Saint-Silvain-Bellegarde;81.4;
23242;Saint-Silvain-Montaigut;84.2;
23243;Saint-Silvain-sous-Toulx;116;
23244;Saint-Sulpice-le-Dunois;96.3;
23245;Saint-Sulpice-le-Guérétois;123.4;
23246;Saint-Sulpice-les-Champs;140.9;
23247;Saint-Vaury;97;
23248;Saint-Victor-en-Marche;112.1;
23249;Saint-Yrieix-la-Montagne;54.7;
23250;Saint-Yrieix-les-Bois;78.9;
23251;Tardes;95.3;*
23252;Tercillat;85.3;
23253;Thauron;100.3;
23254;Toulx-Sainte-Croix;58.5;
23255;Trois-Fonds;128;
23257;Vallière;89.1;
23258;Vareilles;109;
23259;Verneiges;174.8;
23260;Vidaillat;71.7;
23261;Viersat;127.9;
23262;Vigeville;72.6;
23263;Villard;127.5;
23264;La Villedieu;113.4;
23265;La Villeneuve;N/A - division par 0;
23266;La Villetelle;92.8;
24001;Abjat-sur-Bandiat;26.9;
24002;Agonac;80.8;
24004;Ajat;50.2;
24005;Alles-sur-Dordogne;37;
24006;Allas-les-Mines;34.6;
24007;Allemans;70.1;
24008;Angoisse;44.7;
24009;Anlhiac;42.8;
24010;Annesse-et-Beaulieu;28.6;*
24011;Antonne-et-Trigonant;18.9;
24012;Archignac;36.6;
24014;Aubas;39.4;
24015;Audrix;24.4;
24016;Augignac;43.9;
24018;Auriac-du-Périgord;33.2;
24019;Azerat;58.4;
24020;La Bachellerie;20.9;
24021;Badefols-d'Ans;39.2;
24022;Badefols-sur-Dordogne;95;
24023;Baneuil;62.2;
24024;Bardou;10.1;
24025;Bars;27.4;
24026;Bassillac et Auberoche;44.5;
24027;Bayac;59.8;*
24028;Beaumontois en Périgord;58.1;
24029;Beaupouyet;52.3;
24030;Beauregard-de-Terrasson;22.7;
24031;Beauregard-et-Bassac;33.2;
24032;Beauronne;49.8;
24034;Beleymas;37.8;
24035;Pays de Belvès;45.7;
24036;Berbiguières;57.7;
24037;Bergerac;27.1;
24038;Bertric-Burée;67.6;
24039;Besse;20.1;
24040;Beynac-et-Cazenac;36.4;
24042;Biras;64.4;
24043;Biron;24;
24045;Boisse;74;
24046;Boisseuilh;72.4;
24048;Bonneville-et-Saint-Avit-de-Fumadières;36.1;
24050;Borrèze;26.8;
24051;Bosset;18.4;
24052;Bouillac;50.3;
24053;Boulazac Isle Manoire;36.3;
24054;Bouniagues;58.7;
24055;Bourdeilles;71.2;
24056;Le Bourdeix;37.7;
24057;Bourg-des-Maisons;31.4;
24058;Bourg-du-Bost;66.6;
24059;Bourgnac;33;*
24060;Bourniquel;29.3;
24061;Bourrou;26.8;
24062;Bouteilles-Saint-Sébastien;98.3;
24063;Bouzic;19;
24064;Brantôme en Périgord;72.5;
24066;Brouchaud;8.2;
24067;Le Bugue;50.8;
24068;Le Buisson-de-Cadouin;21.9;
24069;Bussac;32.3;
24070;Busserolles;38.4;
24071;Bussière-Badil;55.4;
24073;Calès;42.6;
24074;Calviac-en-Périgord;20.6;
24075;Campagnac-lès-Quercy;31.4;
24076;Campagne;30.4;
24077;Campsegret;38.5;
24080;Capdrot;40.6;
24081;Carlux;24.3;
24082;Carsac-Aillac;11;
24083;Carsac-de-Gurson;19.3;
24084;Carves;37.7;
24085;La Cassagne;33.2;
24086;Castelnaud-la-Chapelle;29.2;
24087;Castels et Bézenac;17.9;
24088;Cause-de-Clérans;30.2;
24089;Cazoulès;29.1;
24090;Celles;95;
24091;Cénac-et-Saint-Julien;22.3;
24094;Chalagnac;21.6;
24095;Chalais;59.7;
24096;Champagnac-de-Belair;107.4;
24097;Champagne-et-Fontaine;101.4;
24098;Champcevinel;25.2;
24100;Champniers-et-Reilhac;29.5;
24101;Champs-Romain;113.3;
24102;Chancelade;9;
24104;Chantérac;14.1;
24105;Chapdeuil;78.4;
24106;La Chapelle-Aubareil;36.7;
24107;La Chapelle-Faucher;93.2;
24108;La Chapelle-Gonaguet;51.8;
24109;La Chapelle-Grésignac;53.3;
24110;La Chapelle-Montabourlet;109;
24111;La Chapelle-Montmoreau;76.6;
24113;La Chapelle-Saint-Jean;25.1;
24114;Chassaignes;56;
24115;Château-l'Évêque;33.5;
24116;Châtres;39.1;
24117;Les Coteaux Périgourdins;44.3;
24119;Cherval;85.8;
24120;Cherveix-Cubas;64.7;
24121;Chourgnac;35.6;
24122;Cladech;49;
24123;Clermont-de-Beauregard;54.4;*
24124;Clermont-d'Excideuil;44.4;
24126;Colombier;56.7;
24128;Comberanche-et-Épeluche;54.8;
24129;Condat-sur-Trincou;29.9;
24130;Condat-sur-Vézère;16.1;*
24131;Connezac;26;
24132;Conne-de-Labarde;43.8;
24133;La Coquille;24.1;
24134;Corgnac-sur-l'Isle;39;
24135;Cornille;32.4;
24136;Coubjours;69.9;
24137;Coulaures;53;
24138;Coulounieix-Chamiers;53.4;*
24139;Coursac;51.8;
24140;Cours-de-Pile;51.1;
24141;Coutures;64.1;
24142;Coux et Bigaroque-Mouzens;43.6;
24143;Couze-et-Saint-Front;26.3;
24144;Creyssac;258.6;
24145;Creysse;32.5;
24146;Creyssensac-et-Pissot;25.9;
24147;Cubjac-Auvézère-Val d'Ans;49.7;
24148;Cunèges;37.8;
24150;Daglan;25.7;
24151;Doissat;30.7;
24152;Domme;34.4;*
24153;La Dornac;23.5;
24154;Douchapt;60.6;
24155;Douville;49.4;
24156;La Douze;8.1;
24157;Douzillac;32.8;
24158;Dussac;55.1;
24159;Échourgnac;20.1;
24160;Église-Neuve-de-Vergt;34.7;
24161;Église-Neuve-d'Issac;45;
24162;Escoire;66.9;
24163;Étouars;30.5;
24164;Excideuil;40.2;
24165;Eygurande-et-Gardedeuil;44.4;
24167;Eymet;65.8;
24168;Plaisance;64;
24171;Eyzerac;44.5;
24172;Les Eyzies;40.1;
24174;Fanlac;59.7;
24175;Les Farges;16.9;
24176;Faurilles;106.3;
24177;Faux;107.5;
24179;La Feuillade;42.7;
24180;Firbeix;136.3;
24182;Le Fleix;33.7;
24183;Fleurac;65.9;
24184;Florimont-Gaumier;16.2;
24186;Fonroque;55.3;
24188;Fossemagne;40.8;
24189;Fougueyrolles;22.8;
24190;Fouleix;61.6;
24191;Fraisse;30.3;
24192;Gabillou;35.1;
24193;Gageac-et-Rouillac;34.5;
24194;Gardonne;70.1;
24195;Gaugeac;38.8;
24196;Génis;45.2;
24197;Ginestet;33.9;
24199;Gout-Rossignol;79.1;
24200;Grand-Brassac;69.9;
24202;Granges-d'Ans;35.9;
24205;Grignols;39.6;
24206;Grives;33;
24207;Groléjac;80.9;
24208;Grun-Bordas;70.8;
24209;Hautefaye;32.7;
24210;Hautefort;60.6;
24211;Issac;44.6;
24212;Issigeac;55.1;
24213;Jaure;N/A - division par 0;
24214;Javerlhac-et-la-Chapelle-Saint-Robert;101.1;
24215;Jayac;33.1;
24216;La Jemaye-Ponteyraud;95.2;
24217;Journiac;52.5;
24218;Jumilhac-le-Grand;60.8;
24220;Lacropte;29.9;
24221;Rudeau-Ladosse;134.8;
24222;La Force;26.5;*
24223;Lalinde;21.1;
24224;Lamonzie-Montastruc;15.7;
24225;Lamonzie-Saint-Martin;37.8;
24226;Lamothe-Montravel;14.1;
24227;Lanouaille;39.9;
24228;Lanquais;51;
24229;Le Lardin-Saint-Lazare;75.1;
24230;Larzac;23.5;
24231;Lavalade;22.4;
24232;Lavaur;31.6;
24234;Les Lèches;41.7;
24236;Léguillac-de-l'Auche;64;
24237;Lembras;18.4;
24238;Lempzours;52.2;
24240;Limeuil;28.7;
24241;Limeyrat;45.5;
24242;Liorac-sur-Louyre;44.4;
24243;Lisle;84.8;
24244;Lolme;100.4;
24245;Loubejac;22.7;
24246;Lunas;37.4;
24247;Lusignac;63.8;
24248;Lussas-et-Nontronneau;75.4;
24251;Manzac-sur-Vern;53.2;
24252;Marcillac-Saint-Quentin;44.5;
24253;Mareuil en Périgord;88.9;
24254;Marnac;80.1;
24255;Marquay;61.3;
24256;Marsac-sur-l'Isle;20.9;
24257;Marsalès;40.1;
24259;Eyraud-Crempse-Maurens;21.8;
24260;Mauzac-et-Grand-Castang;48.8;
24261;Mauzens-et-Miremont;33.1;
24262;Mayac;2.9;
24263;Mazeyrolles;43;
24264;Ménesplet;46.8;
24266;Mensignac;52.4;
24267;Mescoules;73.3;
24268;Meyrals;10.8;
24269;Mialet;56;
24271;Milhac-de-Nontron;45.1;
24272;Minzac;37.7;
24273;Molières;32.2;
24274;Monbazillac;31.6;
24276;Monestier;38.7;*
24277;Monfaucon;34.8;
24278;Monmadalès;54.6;
24279;Monmarvès;64.7;
24280;Monpazier;N/A - division par 0;
24281;Monsac;47.7;
24282;Monsaguel;67.2;
24284;Montagnac-d'Auberoche;55.5;
24285;Montagnac-la-Crempse;60.8;
24286;Montagrier;69.7;
24287;Montaut;120.5;
24288;Montazeau;24.3;
24289;Montcaret;30.9;
24290;Montferrand-du-Périgord;18.8;
24291;Montignac;40.5;
24292;Montpeyroux;42.8;
24293;Monplaisant;39.9;
24294;Montpon-Ménestérol;57.9;
24295;Montrem;42.6;
24296;Mouleydier;50.7;
24297;Moulin-Neuf;11;
24299;Mussidan;3.5;
24300;Nabirat;33.8;
24301;Nadaillac;55.2;
24302;Nailhac;56.1;
24303;Nanteuil-Auriac-de-Bourzac;96.2;
24304;Nantheuil;46.3;
24305;Nanthiat;76.3;
24306;Nastringues;31.6;
24307;Naussannes;89.4;
24308;Négrondes;149.2;
24309;Neuvic;24.4;
24311;Nontron;69.3;
24312;Sanilhac;39.1;
24313;Orliac;29.6;
24314;Orliaguet;N/A - division par 0;
24316;Parcoul-Chenaud;101.1;
24317;Paulin;31.3;
24318;Paunat;86.5;
24319;Paussac-et-Saint-Vivien;64.7;
24320;Payzac;52.6;
24321;Pazayac;33.4;
24322;Périgueux;60.3;
24323;Petit-Bersac;44.4;
24324;Peyrignac;52.8;
24325;Peyrillac-et-Millac;20.9;
24326;Peyzac-le-Moustier;4;
24327;Pezuls;70.9;
24328;Piégut-Pluviers;16.3;
24329;Le Pizou;34.8;
24330;Plazac;50.9;
24331;Pomport;38.1;
24334;Pontours;58.2;
24335;Port-Sainte-Foy-et-Ponchapt;27.4;
24336;Prats-de-Carlux;19.8;
24337;Prats-du-Périgord;7.1;
24338;Pressignac-Vicq;64.5;
24339;Preyssac-d'Excideuil;61.3;
24340;Prigonrieux;42.8;
24341;Proissans;24.7;
24345;Queyssac;27.9;
24346;Quinsac;39.9;
24347;Rampieux;83.9;
24348;Razac-d'Eymet;58.8;
24349;Razac-de-Saussignac;31.4;
24350;Razac-sur-l'Isle;63.9;
24351;Ribagnac;136.2;
24352;Ribérac;80.6;
24353;La Rochebeaucourt-et-Argentine;53.2;
24354;La Roche-Chalais;41.4;
24355;La Roque-Gageac;17.4;
24356;Rouffignac-Saint-Cernin-de-Reilhac;45.6;
24357;Rouffignac-de-Sigoulès;23.1;
24359;Sadillac;29.2;
24360;Sagelat;38.3;
24361;Saint-Agne;31.8;
24362;Val de Louyre et Caudeau;32.9;
24364;Coly-Saint-Amand;25.2;
24365;Saint-Amand-de-Vergt;36.5;
24366;Saint-André-d'Allas;13.8;
24367;Saint-André-de-Double;48.5;
24370;Saint-Antoine-de-Breuilh;19.2;
24371;Saint-Aquilin;67.3;
24372;Saint-Astier;38.2;
24373;Saint-Aubin-de-Cadelech;59.2;
24374;Saint-Aubin-de-Lanquais;42;
24375;Saint-Aubin-de-Nabirat;16.9;
24376;Saint Aulaye-Puymangou;52.2;
24377;Saint-Avit-de-Vialard;22.6;
24378;Saint-Avit-Rivière;59.7;
24379;Saint-Avit-Sénieur;36.7;
24380;Saint-Barthélemy-de-Bellegarde;41.6;
24381;Saint-Barthélemy-de-Bussière;45.2;
24382;Saint-Capraise-de-Lalinde;18.8;
24383;Saint-Capraise-d'Eymet;51;
24384;Saint-Cassien;14.9;
24385;Saint-Cernin-de-Labarde;144.2;
24386;Saint-Cernin-de-l'Herm;21.6;
24388;Saint-Chamassy;19;
24390;Saint-Crépin-d'Auberoche;40.8;
24392;Saint-Crépin-et-Carlucet;26.2;
24393;Sainte-Croix;62.2;
24394;Sainte-Croix-de-Mareuil;24.9;
24395;Saint-Cybranet;14.6;
24396;Saint-Cyprien;36.3;
24397;Saint-Cyr-les-Champagnes;54.7;
24398;Saint-Estèphe;89.3;
24399;Saint-Étienne-de-Puycorbier;87.6;
24401;Sainte-Eulalie-d'Ans;33.9;
24403;Saint-Félix-de-Bourdeilles;43.9;
24404;Saint-Félix-de-Reillac-et-Mortemart;49.9;
24405;Saint-Félix-de-Villadeix;47.1;
24406;Sainte-Foy-de-Belvès;25.1;
24407;Sainte-Foy-de-Longas;60.9;
24408;Saint-Front-d'Alemps;60.3;
24409;Saint-Front-de-Pradoux;0.4;
24410;Saint-Front-la-Rivière;64.7;
24411;Saint-Front-sur-Nizonne;38.6;
24412;Saint-Geniès;29.3;
24413;Saint-Georges-Blancaneix;27.3;
24414;Saint-Georges-de-Montclard;13.8;
24415;Saint-Géraud-de-Corps;31;
24416;Saint-Germain-de-Belvès;24;
24417;Saint-Germain-des-Prés;53.3;
24418;Saint-Germain-du-Salembre;23.2;
24419;Saint-Germain-et-Mons;47.3;
24420;Saint-Géry;31;
24421;Saint-Geyrac;33.1;
24422;Saint-Hilaire-d'Estissac;13.5;
24423;Saint-Julien-Innocence-Eulalie;57.8;
24424;Saint-Jean-d'Ataux;20.5;
24425;Saint-Jean-de-Côle;N/A - division par 0;
24426;Saint-Jean-d'Estissac;15.1;
24428;Saint-Jory-de-Chalais;62.3;
24429;Saint-Jory-las-Bloux;35.7;
24432;Saint-Julien-de-Lampon;13.3;
24434;Saint-Just;98.5;
24436;Saint-Laurent-des-Hommes;26.4;
24437;Saint-Laurent-des-Vignes;28.8;
24438;Saint-Laurent-la-Vallée;24.8;
24441;Saint-Léon-d'Issigeac;61.9;
24442;Saint-Léon-sur-l'Isle;40.3;
24443;Saint-Léon-sur-Vézère;36;
24444;Saint-Louis-en-l'Isle;82.2;
24445;Saint-Marcel-du-Périgord;19;
24446;Saint-Marcory;24.8;
24448;Saint-Martial-d'Albarède;77.5;
24449;Saint-Martial-d'Artenset;75.8;
24450;Saint-Martial-de-Nabirat;57.8;
24451;Saint-Martial-de-Valette;126.8;
24452;Saint-Martial-Viveyrol;70.1;
24453;Saint-Martin-de-Fressengeas;46.1;
24454;Saint-Martin-de-Gurson;64.8;
24455;Saint-Martin-de-Ribérac;64.8;
24456;Saint-Martin-des-Combes;69.1;
24457;Saint-Martin-l'Astier;89;
24458;Saint-Martin-le-Pin;99.7;
24459;Saint-Maime-de-Péreyrol;46.7;
24460;Saint-Méard-de-Drône;82.5;
24461;Saint-Méard-de-Gurçon;43;
24462;Saint-Médard-de-Mussidan;66.2;
24463;Saint-Médard-d'Excideuil;50.3;
24464;Saint-Mesmin;52.4;
24465;Saint-Michel-de-Double;27.3;
24466;Saint-Michel-de-Montaigne;27;
24468;Saint-Michel-de-Villadeix;47.4;
24470;Sainte-Mondane;23.8;
24471;Sainte-Nathalène;34.8;
24472;Saint-Nexans;47.2;
24473;Sainte-Orse;43.5;
24474;Saint-Pancrace;172.7;
24476;Saint-Pantaly-d'Excideuil;41.7;
24477;Saint-Pardoux-de-Drône;8;
24478;Saint-Pardoux-et-Vielvic;24.9;
24479;Saint-Pardoux-la-Rivière;40;
24480;Saint-Paul-de-Serre;67.4;*
24481;Saint-Paul-la-Roche;66.9;
24482;Saint-Paul-Lizonne;47.9;
24483;Saint-Perdoux;65.2;
24484;Saint-Pierre-de-Chignac;59.4;
24485;Saint-Pierre-de-Côle;20.6;
24486;Saint-Pierre-de-Frugie;31.8;
24487;Saint-Pierre-d'Eyraud;38.7;
24488;Saint-Pompont;32.9;
24489;Saint-Priest-les-Fougères;76.8;
24490;Saint Privat en Périgord;79.5;
24491;Saint-Rabier;51.8;
24492;Sainte-Radegonde;28.6;
24493;Saint-Raphaël;3.1;
24494;Saint-Rémy;31;
24495;Saint-Romain-de-Monpazier;43.9;
24496;Saint-Romain-et-Saint-Clément;73.9;
24498;Saint-Saud-Lacoussière;94.2;
24499;Saint-Sauveur;27.7;*
24500;Saint-Sauveur-Lalande;58.4;
24501;Saint-Seurin-de-Prats;53.5;
24502;Saint-Séverin-d'Estissac;6.6;
24504;Saint-Sulpice-de-Roumagnac;75.3;
24505;Saint-Sulpice-d'Excideuil;60.3;
24507;Sainte-Trie;84.3;
24508;Saint-Victor;74.5;
24509;Saint-Vincent-de-Connezac;12;
24510;Saint-Vincent-de-Cosse;11.8;
24511;Saint-Vincent-Jalmoutiers;41.7;
24512;Saint-Vincent-le-Paluel;6.2;
24513;Saint-Vincent-sur-l'Isle;72.4;
24514;Saint-Vivien;60.2;
24515;Salagnac;6.3;
24516;Salignac-Eyvigues;29.3;
24517;Salles-de-Belvès;8.1;
24518;Salon;19.4;
24519;Sarlande;31.1;
24520;Sarlat-la-Canéda;21.2;
24521;Sarliac-sur-l'Isle;45.6;
24522;Sarrazac;62.7;
24523;Saussignac;22.3;
24524;Savignac-de-Miremont;15.1;
24525;Savignac-de-Nontron;41.3;
24526;Savignac-Lédrier;51.9;
24527;Savignac-les-Églises;16.4;*
24528;Sceau-Saint-Angel;71.3;
24529;Segonzac;5.4;
24531;Sergeac;26.4;
24532;Serres-et-Montguyard;46.9;
24533;Servanches;54.2;
24534;Sigoulès-et-Flaugeac;39.9;
24535;Simeyrols;5.2;
24536;Singleyrac;50;
24537;Siorac-de-Ribérac;33.7;
24538;Siorac-en-Périgord;24.6;
24540;Sorges et Ligueux en Périgord;60.3;
24541;Soudat;97;
24542;Soulaures;81.5;
24543;Sourzac;20.8;
24544;Tamniès;39.3;
24545;Teillots;81.4;
24546;Temple-Laguyon;38;*
24547;Terrasson-Lavilledieu;25;
24548;Teyjat;75.2;
24549;Thénac;39.5;
24550;Thenon;57.3;
24551;Thiviers;76.8;
24552;Thonac;44.3;*
24553;Tocane-Saint-Apre;40;
24554;La Tour-Blanche-Cercles;113.6;
24555;Tourtoirac;20.6;
24557;Trélissac;64.4;
24558;Trémolat;31.1;
24559;Tursac;16.8;
24560;Urval;56.7;
24562;Vallereuil;125.3;
24563;Valojoulx;21.3;
24564;Vanxains;108.6;
24565;Varaignes;79.9;
24566;Varennes;8;
24567;Vaunac;48.6;
24568;Vélines;16.3;
24569;Vendoire;111;*
24570;Verdon;18.3;
24571;Vergt;57.7;
24572;Vergt-de-Biron;81.7;
24573;Verteillac;106.8;
24574;Veyrignac;15;
24575;Veyrines-de-Domme;58.7;
24576;Veyrines-de-Vergt;43.2;
24577;Vézac;23.5;
24580;Villac;47.3;
24581;Villamblard;66.4;
24582;Villars;64.6;
24584;Villefranche-de-Lonchat;18.7;
24585;Villefranche-du-Périgord;11.6;
24586;Villetoureix;75.2;
24587;Vitrac;21.1;
25001;Abbans-Dessous;131.6;
25002;Abbans-Dessus;124.2;
25003;Abbenans;103.6;
25004;Abbévillers;N/A - division par 0;
25005;Accolans;67.3;
25006;Adam-lès-Passavant;73.9;
25007;Adam-lès-Vercel;59.7;
25008;Aibre;106.8;
25009;Aïssey;95.3;
25011;Allenjoie;76.8;
25012;Les Alliés;42.7;
25013;Allondans;101.2;
25014;Amagney;1;
25015;Amancey;87.7;
25016;Amathay-Vésigneux;83.3;
25017;Amondans;112.7;
25018;Anteuil;118.6;
25019;Appenans;55.3;
25020;Arbouans;N/A - division par 0;
25021;Arc-et-Senans;102.5;
25022;Arcey;165.4;
25024;Arçon;82.2;
25025;Arc-sous-Cicon;87.4;
25026;Arc-sous-Montenot;60;
25029;Aubonne;70.1;
25030;Audeux;182.2;
25031;Audincourt;N/A - division par 0;
25032;Autechaux;112.5;
25033;Autechaux-Roide;48.3;*
25035;Les Auxons;48.2;
25036;Avanne-Aveney;3;
25038;Avilley;152.3;
25039;Avoudrey;59.2;
25040;Badevel;56.5;
25041;Bannans;115.7;
25042;Le Barboux;108.7;
25043;Bart;11.7;
25044;Bartherans;49.9;
25045;Battenans-les-Mines;N/A - division par 0;
25046;Battenans-Varin;53.7;
25047;Baume-les-Dames;65.3;
25048;Bavans;23.6;
25049;Belfays;N/A - division par 0;
25050;Le Bélieu;85.1;
25051;Belleherbe;69.5;
25052;Belmont;93.9;
25053;Belvoir;117;
25054;Berche;0;
25055;Berthelange;91.2;
25056;Besançon;22;
25057;Bethoncourt;1;
25058;Beure;3.4;
25059;Beutal;124.9;*
25060;Bians-les-Usiers;91.6;
25061;Bief;98;
25062;Le Bizot;103.4;
25063;Blamont;0;
25065;Blarians;48.6;
25066;Blussangeaux;10.7;
25067;Blussans;39.3;
25070;Bolandoz;81;
25071;Bondeval;3;
25072;Bonnal;118.9;
25073;Bonnay;194.2;
25074;Bonnétage;74.2;
25075;Bonnevaux;77.7;*
25077;La Bosse;74.6;
25078;Bouclans;69.7;
25079;Boujailles;92.5;
25082;Bourguignon;66.9;
25083;Bournois;240.1;
25084;Boussières;2.2;
25085;Bouverans;153.2;
25086;Braillans;5;
25087;Branne;34.9;
25088;Breconchaux;113.4;
25089;Bremondans;57.4;
25090;Brères;156.4;
25091;Les Bréseux;56.7;
25092;La Bretenière;277.2;
25093;Bretigney;60.8;
25094;Bretigney-Notre-Dame;6;
25095;Bretonvillers;80;
25096;Brey-et-Maison-du-Bois;111.4;
25097;Brognard;0;
25098;Buffard;105.3;
25099;Bugny;115.6;
25100;Bulle;104.5;
25101;Burgille;95.5;
25102;Burnevillers;97;
25103;Busy;73.5;
25104;By;88.1;
25105;Byans-sur-Doubs;138.3;
25106;Cademène;147.1;
25107;Cendrey;113.3;
25108;Cernay-l'Église;55.6;
25109;Cessey;153.7;
25110;Chaffois;85.5;
25111;Chalèze;245.6;
25112;Chalezeule;49.6;
25113;Chamesey;70.7;
25114;Chamesol;93.2;
25115;Champagney;301.4;*
25116;Champlive;112.6;
25117;Champoux;123.4;
25119;Champvans-les-Moulins;28.3;
25120;Chantrans;126.7;
25121;Chapelle-des-Bois;112.9;
25122;Chapelle-d'Huin;124.5;
25124;Charmauvillers;59.8;
25125;Charmoille;119.6;
25126;Charnay;121.7;
25127;Charquemont;88.4;
25129;Chassagne-Saint-Denis;66.7;
25130;Châteauvieux-les-Fossés;N/A - division par 0;
25131;Châtelblanc;95.4;
25132;Châtillon-Guyotte;80.4;
25133;Châtillon-le-Duc;159.1;
25134;Châtillon-sur-Lison;73.4;
25136;Chaucenne;122.1;
25138;Les Terres-de-Chaux;78.5;
25139;La Chaux;97.7;
25141;Chaux-lès-Passavant;72.9;
25142;Chaux-Neuve;88.9;
25143;Chay;161.5;
25145;Chazot;110.4;*
25147;Chemaudin et Vaux;88.2;
25148;La Chenalotte;107.9;
25149;Chenecey-Buillon;82.4;
25150;Chevigney-sur-l'Ognon;14.3;
25151;Chevigney-lès-Vercel;75.6;
25152;La Chevillotte;8.2;
25153;Chevroz;23.6;
25154;Chouzelot;88.2;
25155;Cléron;122.9;
25156;Pays-de-Clerval;93;
25157;La Cluse-et-Mijoux;108.9;
25159;Colombier-Fontaine;0.6;
25160;Les Combes;68.6;
25161;Consolation-Maisonnettes;74.1;
25162;Corcelles-Ferrières;69.6;
25163;Corcelle-Mieslot;46.4;
25164;Corcondray;67.7;
25166;Côtebrune;86.1;
25170;Courcelles-lès-Montbéliard;N/A - division par 0;
25171;Courcelles;183.1;
25172;Courchapon;85.3;*
25173;Cour-Saint-Maurice;86;
25174;Courtefontaine;95;
25175;Courtetain-et-Salans;103.1;
25176;Courvières;140.1;
25177;Crosey-le-Grand;157.9;
25178;Crosey-le-Petit;106.4;
25179;Le Crouzet;56.3;*
25180;Crouzet-Migette;38.1;
25181;Cubrial;50.8;
25182;Cubry;189.6;
25183;Cusance;112.3;*
25184;Cuse-et-Adrisans;63.4;
25185;Cussey-sur-Lison;120.2;
25186;Cussey-sur-l'Ognon;153.4;
25187;Dambelin;107.9;
25188;Dambenois;N/A - division par 0;
25189;Dammartin-les-Templiers;83.3;
25190;Dampierre-les-Bois;N/A - division par 0;
25191;Dampierre-sur-le-Doubs;141.2;
25192;Dampjoux;N/A - division par 0;
25193;Damprichard;59.3;
25194;Dannemarie;N/A - division par 0;
25195;Dannemarie-sur-Crète;109.1;
25196;Dasle;125.1;*
25197;Deluz;N/A - division par 0;
25198;Désandans;122.3;
25199;Déservillers;145.1;
25200;Devecey;6.2;
25201;Dommartin;87.5;
25202;Dompierre-les-Tilleuls;90.5;
25203;Domprel;108.7;
25204;Doubs;69.4;
25207;Dung;20;
25208;Durnes;71.6;
25209;Échay;53.3;
25210;Échenans;77.1;
25211;Échevannes;101.1;
25212;École-Valentin;N/A - division par 0;
25213;Les Écorces;64.8;
25214;Écot;20.4;
25215;L'Écouvotte;40;
25216;Écurcey;91.6;
25217;Émagny;82.1;
25218;Épenouse;80;
25219;Épenoy;70.3;
25220;Épeugney;178.6;
25221;Esnans;135;
25222;Étalans;84.9;
25223;Éternoz;70.8;
25224;Étouvans;144.6;
25225;Étrabonne;275.8;
25226;Étrappe;166.5;
25227;Étray;80.5;
25228;Étupes;N/A - division par 0;
25229;Évillers;77.2;
25230;Exincourt;N/A - division par 0;
25231;Eysson;157.3;
25232;Faimbe;N/A - division par 0;
25233;Fallerans;79.7;
25234;Ferrières-le-Lac;87.6;
25235;Ferrières-les-Bois;73.6;
25236;Fertans;86.8;
25237;Fesches-le-Châtel;10;
25238;Fessevillers;102.3;
25239;Feule;71.2;*
25240;Les Fins;84.1;
25241;Flagey;61.6;
25242;Flagey-Rigney;0;
25243;Flangebouche;95.2;
25244;Fleurey;104.5;
25245;Fontain;91.9;
25246;Fontaine-lès-Clerval;15.3;
25247;Fontenelle-Montby;190.1;
25248;Les Fontenelles;63.8;
25249;Fontenotte;117.8;
25251;Fourbanne;115.5;
25252;Fourcatier-et-Maison-Neuve;81.9;
25253;Fourg;130.6;
25254;Les Fourgs;82.7;
25255;Fournet-Blancheroche;65.8;
25256;Frambouhans;61.9;
25257;Franey;48.4;
25258;Franois;47.2;
25259;Frasne;138.2;
25261;Froidevaux;54.1;
25262;Fuans;53.9;
25263;Gellin;98.4;
25264;Gémonval;N/A - division par 0;
25265;Geneuille;29.6;
25266;Geney;133.4;
25267;Gennes;115.9;
25268;Germéfontaine;75.5;
25269;Germondans;N/A - division par 0;
25270;Gevresin;107.5;
25271;Gilley;72.4;
25273;Glamondans;97;
25274;Glay;N/A - division par 0;
25275;Glère;84.9;
25276;Gondenans-Montby;109.1;
25277;Gondenans-les-Moulins;103.9;
25278;Gonsans;96.8;
25279;Gouhelans;199.3;
25280;Goumois;57.6;
25281;Goux-lès-Dambelin;117.8;
25282;Goux-les-Usiers;98;
25283;Goux-sous-Landet;130.1;
25284;Grand-Charmont;N/A - division par 0;
25285;Grand'Combe-Châteleu;77.5;
25286;Grand'Combe-des-Bois;74;
25287;Grandfontaine;114.9;
25288;Fournets-Luisans;66.2;
25289;Grandfontaine-sur-Creuse;52.3;*
25290;La Grange;32.2;
25293;Granges-Narboz;112.1;
25295;Les Grangettes;111.3;
25296;Les Gras;66.1;
25297;Le Gratteris;138.5;
25298;Grosbois;80.6;
25299;Guillon-les-Bains;50.2;
25300;Guyans-Durnes;72.2;
25301;Guyans-Vennes;73.4;
25303;Hauterive-la-Fresse;89.5;
25304;Hérimoncourt;28.4;*
25305;L'Hôpital-du-Grosbois;57.3;*
25306;L'Hôpital-Saint-Lieffroy;78.1;
25307;Les Hôpitaux-Neufs;128.6;
25308;Les Hôpitaux-Vieux;122.1;
25309;Houtaud;82.1;
25310;Huanne-Montmartin;28.3;
25311;Hyémondans;176.5;
25312;Hyèvre-Magny;N/A - division par 0;
25313;Hyèvre-Paroisse;84.3;
25314;Indevillers;54.3;
25315;L'Isle-sur-le-Doubs;136.6;
25316;Issans;65.7;
25317;Jallerange;95;
25318;Jougne;132;
25320;Labergement-Sainte-Marie;98.8;
25321;Villers-le-Lac;68.3;
25322;Laire;85.4;
25323;Laissey;N/A - division par 0;
25324;Lanans;80;
25325;Landresse;120.4;
25326;Lantenne-Vertière;154.2;
25327;Lanthenans;41.6;
25328;Larnod;58.7;
25329;Laval-le-Prieuré;73.5;
25330;Lavans-Quingey;256;
25331;Lavans-Vuillafans;106.9;
25332;Lavernay;141.6;
25333;Laviron;79.5;
25334;Levier;106.3;
25335;Liebvillers;N/A - division par 0;
25336;Liesle;98.6;
25338;Lizine;52.9;
25339;Lods;9.7;
25340;Lombard;171.3;
25341;Lomont-sur-Crête;78.4;
25342;Longechaux;69;
25343;Longemaison;94.2;
25344;Longevelle-lès-Russey;109.1;
25345;Longevelle-sur-Doubs;196.3;
25346;Longeville;70.1;
25347;La Longeville;66.7;
25348;Longevilles-Mont-d'Or;67.5;
25349;Loray;72.5;
25350;Lougres;65.1;
25351;Le Luhier;80.8;
25354;Luxiol;150.6;
25355;Magny-Châtelard;128.7;
25356;Maîche;73.9;
25357;Maisons-du-Bois-Lièvremont;88.7;
25359;Malans;184.3;
25360;Malbrans;169.2;
25361;Malbuisson;26;
25362;Malpas;70.6;
25364;Mamirolle;130.1;
25365;Mancenans;470.2;
25366;Mancenans-Lizerne;80.8;
25367;Mandeure;28.6;
25368;Marchaux-Chaudefontaine;127.3;
25369;Marvelise;4.8;
25370;Mathay;103.4;
25371;Mazerolles-le-Salin;86.2;
25372;Médière;N/A - division par 0;
25373;Le Mémont;138.6;
25374;Mercey-le-Grand;125.7;
25375;Mérey-sous-Montrond;117;
25376;Mérey-Vieilley;N/A - division par 0;
25377;Mésandans;N/A - division par 0;
25378;Meslières;120.6;
25379;Mesmay;79.8;
25380;Métabief;81;
25381;Miserey-Salines;N/A - division par 0;
25382;Moncey;27.1;
25383;Moncley;137.8;
25384;Mondon;112.5;
25385;Montagney-Servigney;128.3;
25386;Montancy;106.7;
25387;Montandon;66.7;
25388;Montbéliard;45.2;
25389;Montbéliardot;62.2;
25390;Montbenoît;N/A - division par 0;
25391;Mont-de-Laval;65.3;
25392;Mont-de-Vougney;105.1;
25393;Montécheroux;87.9;
25394;Montenois;123.4;
25395;Montfaucon;44.1;
25397;Montferrand-le-Château;135;
25398;Montflovin;75.6;
25400;Montgesoye;86.1;
25401;Montivernage;N/A - division par 0;
25402;Montjoie-le-Château;60.4;
25403;Montlebon;86.3;
25404;Montmahoux;58;
25405;Montperreux;104.2;
25406;Montrond-le-Château;25.9;
25408;Montussaint;92.3;
25410;Morre;N/A - division par 0;
25411;Morteau;66.4;
25413;Mouthe;151.3;
25414;Le Moutherot;23.5;
25415;Mouthier-Haute-Pierre;14.3;
25416;Myon;87.3;
25417;Naisey-les-Granges;100.2;
25418;Nancray;76.5;
25419;Nans;8;
25420;Nans-sous-Sainte-Anne;40.2;
25421;Narbief;82;
25422;Neuchâtel-Urtière;70.7;
25424;Les Premiers Sapins;92.2;
25425;Noël-Cerneux;63.2;
25426;Noirefontaine;38;
25427;Noironte;209.9;
25428;Nommay;2.9;
25429;Novillars;N/A - division par 0;
25430;Ollans;74.9;
25431;Onans;113.8;
25432;Orchamps-Vennes;79.9;
25433;Orgeans-Blanchefontaine;50.4;*
25434;Ornans;58.6;
25435;Orsans;44.5;
25436;Orve;249.5;
25437;Osse;69.9;
25438;Osselle-Routelle;N/A - division par 0;
25439;Ougney-Douvot;135.9;
25440;Ouhans;91.6;
25441;Ouvans;130.4;
25442;Oye-et-Pallet;107;
25443;Palantine;82.1;
25444;Palise;98.3;
25445;Paroy;82.6;
25446;Passavant;84.3;
25447;Passonfontaine;92.2;
25448;Pelousey;86.2;
25449;Péseux;67.8;
25450;Pessans;189.8;
25451;Petite-Chaux;160;
25452;Pierrefontaine-lès-Blamont;113.9;
25453;Pierrefontaine-les-Varans;74.6;
25454;Pirey;76;
25455;Placey;174.2;
25456;Plaimbois-du-Miroir;83.8;
25457;Plaimbois-Vennes;72;
25458;Les Plains-et-Grands-Essarts;64.4;
25459;La Planée;77;
25460;Le Val;89.9;
25461;Pompierre-sur-Doubs;122.9;*
25462;Pontarlier;75.6;
25463;Pont-de-Roide-Vermondans;N/A - division par 0;
25464;Les Pontets;98.7;
25465;Pont-les-Moulins;N/A - division par 0;
25466;Pouilley-Français;170.6;
25467;Pouilley-les-Vignes;188.9;
25468;Pouligney-Lusans;219.9;
25469;Présentevillers;214.4;
25470;La Prétière;84.3;
25471;Provenchère;121.9;
25472;Puessans;88.2;
25473;Pugey;195.8;
25474;Le Puy;45.6;
25475;Quingey;82;
25476;Rahon;67.1;
25477;Rancenay;58.9;
25478;Randevillers;132;
25479;Rang;102.2;
25481;Raynans;72.6;
25482;Recologne;88.4;
25483;Reculfoz;94.9;
25485;Rémondans-Vaivre;43.3;
25486;Remoray-Boujeons;116.7;
25487;Renédale;74.2;
25488;Rennes-sur-Loue;72.4;
25489;Reugney;131.7;
25490;Rigney;149.3;
25491;Rignosot;126.6;
25492;Rillans;203.7;
25493;La Rivière-Drugeon;122.5;
25494;Rochejean;88.2;
25495;Roche-lez-Beaupré;0.5;
25496;Roche-lès-Clerval;257.5;
25497;Roches-lès-Blamont;83.7;
25498;Rognon;153.8;
25499;Romain;N/A - division par 0;
25500;Ronchaux;161.8;
25501;Rondefontaine;88.7;
25502;Roset-Fluans;110.4;
25503;Rosières-sur-Barbèche;80.2;
25504;Rosureux;27.5;
25505;Rougemont;119.1;
25506;Rougemontot;139.2;
25507;Rouhe;86.5;
25508;Roulans;89;
25510;Ruffey-le-Château;116.7;
25511;Rurey;64.6;
25512;Le Russey;92.2;*
25513;Sainte-Anne;61.6;
25514;Saint-Antoine;82.1;*
25515;Sainte-Colombe;93.7;
25516;Saint-Georges-Armont;206;
25517;Saint-Gorgon-Main;70.5;
25518;Saint-Hilaire;77.8;
25519;Saint-Hippolyte;67.3;
25520;Saint-Juan;98.1;
25521;Saint-Julien-lès-Montbéliard;101;
25522;Saint-Julien-lès-Russey;42.9;
25523;Sainte-Marie;40.9;
25524;Saint-Maurice-Colombier;95.8;
25525;Saint-Point-Lac;99.3;
25526;Sainte-Suzanne;18;
25527;Saint-Vit;64.2;
25528;Samson;N/A - division par 0;
25529;Sancey;78.5;
25532;Saône;163.6;
25533;Saraz;N/A - division par 0;
25534;Sarrageois;126.8;
25535;Saules;105.8;
25536;Sauvagney;137.7;
25537;Scey-Maisières;59.6;
25538;Séchin;78.6;
25539;Seloncourt;46.7;
25540;Semondans;121.8;
25541;Septfontaines;111.9;
25542;Serre-les-Sapins;245.3;
25544;Servin;148.9;
25545;Silley-Amancey;75;
25546;Silley-Bléfond;105.5;
25547;Sochaux;N/A - division par 0;
25548;Solemont;64.1;
25549;Sombacour;101.2;
25550;La Sommette;71.4;
25551;Soulce-Cernay;46.9;
25552;Sourans;112.3;
25553;Soye;102.2;
25554;Surmont;77.5;
25555;Taillecourt;35.7;
25556;Tallans;133.6;
25557;Tallenay;26.4;
25558;Tarcenay-Foucherans;83.3;
25559;Thiébouhans;43.6;
25560;Thise;7.8;
25561;Thoraise;5.4;
25562;Thulay;110.5;
25563;Thurey-le-Mont;105.2;
25564;Torpes;385.7;
25565;Touillon-et-Loutelet;85;
25566;La Tour-de-Sçay;45.7;
25567;Tournans;342.3;
25569;Trépot;98.9;
25570;Tressandans;134;
25571;Trévillers;69.1;
25572;Trouvans;N/A - division par 0;
25573;Urtière;59.4;
25574;Uzelle;26.5;
25575;Vaire;101.5;
25578;Valdahon;59.3;
25579;Val-de-Roulans;98.7;
25580;Valentigney;15;
25582;Valleroy;117.5;
25583;Valonne;84.2;
25584;Valoreille;60.9;
25586;Vandoncourt;112.6;
25588;Vaucluse;47.3;
25589;Vauclusotte;70.9;
25590;Vaudrivillers;67.7;
25591;Vaufrey;77.5;
25592;Vaux-et-Chantegrue;71.9;
25594;Velesmes-Essarts;48.7;*
25595;Vellerot-lès-Belvoir;77.3;
25596;Vellerot-lès-Vercel;133.4;
25597;Vellevans;92.2;
25598;Venise;209.1;
25599;Vennans;40;
25600;Vennes;72.3;*
25601;Vercel-Villedieu-le-Camp;86.1;
25602;Vergranne;378.4;
25604;Verne;N/A - division par 0;
25605;Vernierfontaine;100.8;
25607;Vernois-lès-Belvoir;49.2;
25608;Le Vernoy;270.2;
25609;Verrières-de-Joux;126.3;
25611;La Vèze;67.7;
25612;Vieilley;44.7;
25613;Viéthorey;95;
25614;Vieux-Charmont;167.9;
25615;Villars-lès-Blamont;56.6;
25616;Villars-Saint-Georges;152.4;
25617;Villars-sous-Dampjoux;50.9;
25618;Villars-sous-Écot;1.3;
25619;Les Villedieu;100.5;
25620;Ville-du-Pont;61.6;
25621;Villeneuve-d'Amont;57.5;
25622;Villers-Buzon;N/A - division par 0;
25623;Villers-Chief;128.5;
25624;Villers-Grélot;120.4;
25625;Villers-la-Combe;82;
25626;Villers-Saint-Martin;185.5;
25627;Villers-sous-Chalamont;82.4;
25628;Villers-sous-Montrond;74.4;
25629;Voillans;50.6;
25630;Voires;95.6;
25631;Vorges-les-Pins;101.1;
25632;Voujeaucourt;N/A - division par 0;
25633;Vuillafans;3.6;
25634;Vuillecin;93.9;
25635;Vyt-lès-Belvoir;74.4;
26001;Solaure en Diois;41.5;
26002;Albon;45.3;
26003;Aleyrac;67.7;
26004;Alixan;51.3;
26005;Allan;27.1;
26006;Allex;51.9;
26007;Ambonil;38.2;
26008;Ancône;2.1;
26009;Andancette;3.3;
26010;Anneyron;42.8;
26011;Aouste-sur-Sye;29.8;
26012;Arnayon;104.1;
26013;Arpavon;51;
26014;Arthémonay;62.2;
26015;Aubenasson;22.5;
26016;Aubres;24.5;
26017;Aucelon;67.8;*
26018;Aulan;43.1;
26019;Aurel;16.4;
26020;La Répara-Auriples;33.1;
26021;Autichamp;50;
26022;Ballons;64.6;
26023;Barbières;67.8;
26024;Barcelonne;33.8;
26025;Barnave;23.6;
26026;Barret-de-Lioure;81.1;
26027;Barsac;10.1;
26028;Bathernay;39.8;
26030;La Bâtie-des-Fonds;106.8;
26031;La Bâtie-Rolland;39.7;
26032;La Baume-Cornillane;71.4;
26033;La Baume-de-Transit;19.5;
26034;La Baume-d'Hostun;36.3;
26035;Beaufort-sur-Gervanne;23.3;
26036;Beaumont-en-Diois;58.7;
26037;Beaumont-lès-Valence;33.2;
26038;Beaumont-Monteux;24.2;
26039;Beauregard-Baret;36.9;
26040;Beaurières;98.3;
26041;Beausemblant;62.1;
26042;Beauvallon;29.1;*
26043;Beauvoisin;32.3;
26045;La Bégude-de-Mazenc;34.4;
26046;Bellecombe-Tarendol;29.4;
26047;Bellegarde-en-Diois;144.8;
26048;Bénivay-Ollon;20.8;
26049;Bésayes;23;
26050;Bésignan;37.2;
26051;Bézaudun-sur-Bîne;55.6;
26052;Bonlieu-sur-Roubion;33.4;
26054;Bouchet;18.2;
26055;Boulc;68.8;
26056;Bourdeaux;53.8;
26057;Bourg-de-Péage;39.4;
26058;Bourg-lès-Valence;23.8;
26059;Bouvante;107.7;
26060;Bouvières;59.6;
26061;Bren;29.6;
26062;Brette;166.1;
26063;Buis-les-Baronnies;9.9;
26064;Chabeuil;44.8;
26065;Chabrillan;42.3;
26066;Le Chaffal;162.2;
26067;Chalancon;65.2;
26068;Le Chalon;23.5;
26069;Chamaloc;99.8;
26070;Chamaret;27.2;
26071;Chanos-Curson;32.4;
26072;Chantemerle-les-Blés;22;
26073;Chantemerle-lès-Grignan;29.2;
26074;La Chapelle-en-Vercors;56.3;
26075;La Charce;59.4;
26076;Charens;52.2;
26077;Charmes-sur-l'Herbasse;39.1;
26078;Charols;57.2;
26079;Charpey;32.8;
26080;Chastel-Arnaud;51.2;
26081;Châteaudouble;43.6;
26082;Châteauneuf-de-Bordette;47;
26083;Châteauneuf-de-Galaure;27.4;
26084;Châteauneuf-sur-Isère;42;
26085;Châteauneuf-du-Rhône;44.2;
26086;Châtillon-en-Diois;22.5;
26087;Châtillon-Saint-Jean;34.8;
26088;Chatuzange-le-Goubet;44.4;
26089;Chaudebonne;180.1;
26090;La Chaudière;N/A - division par 0;
26091;Chauvac-Laux-Montaux;33.5;
26092;Chavannes;8.5;
26093;Clansayes;20.5;
26094;Claveyson;29;
26095;Cléon-d'Andran;64.7;
26096;Clérieux;27.5;
26097;Cliousclat;74.5;
26098;Cobonne;23.2;
26099;Colonzelle;17.5;
26100;Combovin;131.6;
26101;Comps;31;
26102;Condillac;29.2;
26103;Condorcet;20.6;
26104;Cornillac;49.4;
26105;Cornillon-sur-l'Oule;12.6;
26106;La Coucourde;18.1;
26107;Crépol;42.3;
26108;Crest;45.2;
26110;Crozes-Hermitage;9.3;
26111;Crupies;55.4;
26112;Curnier;15;
26113;Die;23.1;
26114;Dieulefit;19.7;
26115;Divajeu;28.7;
26116;Donzère;68.5;
26117;Échevis;39.5;
26118;Épinouze;38.3;
26119;Érôme;12.8;
26121;Espeluche;38.4;
26122;Espenel;8.9;
26123;Establet;25.1;
26124;Étoile-sur-Rhône;38.8;
26125;Eurre;27.2;
26126;Eygalayes;90.2;
26127;Eygaliers;13;
26128;Eygluy-Escoulin;62.8;
26129;Eymeux;38;
26130;Eyroles;25.6;
26131;Eyzahut;12.2;
26133;Fay-le-Clos;60.2;
26134;Félines-sur-Rimandoule;93.4;
26135;Ferrassières;64.2;
26136;Val-Maravel;126.8;
26137;Francillon-sur-Roubion;44.9;
26138;La Garde-Adhémar;24.7;
26139;Génissieux;26.4;
26140;Geyssans;49.1;
26141;Gigors-et-Lozeron;92;
26142;Glandage;58.6;
26143;Le Grand-Serre;57.8;
26144;Grane;47.2;
26145;Les Granges-Gontardes;66;
26146;Grignan;23;
26147;Gumiane;65.9;
26148;Hauterives;69.9;
26149;Hostun;37.3;
26150;Izon-la-Bruisse;35.7;
26152;Jonchères;146.6;
26153;Laborel;84.4;
26154;Lachau;159.1;
26155;Lapeyrouse-Mornay;50.4;
26156;Larnage;14.6;
26157;La Laupie;41.2;
26159;Laval-d'Aix;17.1;
26160;Laveyron;91.5;
26161;Lemps;66;
26162;Lens-Lestang;42.6;
26163;Léoncel;104.1;
26164;Lesches-en-Diois;87.1;
26165;Livron-sur-Drôme;31.9;
26166;Loriol-sur-Drôme;23.1;
26167;Luc-en-Diois;20.9;
26168;Lus-la-Croix-Haute;50.4;
26169;Malataverne;24.5;
26170;Malissard;31.7;
26171;Manas;1;
26172;Manthes;45.8;
26173;Marches;58.1;
26174;Margès;33.7;
26175;Marignac-en-Diois;22.1;
26176;Marsanne;56.5;
26177;Marsaz;23.3;
26178;Menglon;27.5;
26179;Mercurol-Veaunes;23.5;
26180;Mérindol-les-Oliviers;9;
26181;Mévouillon;36.9;
26182;Mirabel-aux-Baronnies;14;
26183;Mirabel-et-Blacons;54.2;
26185;Mirmande;23.9;
26186;Miscon;53.9;
26188;Mollans-sur-Ouvèze;11.9;
26189;Montauban-sur-l'Ouvèze;45.7;
26190;Montaulieu;11;
26191;Montboucher-sur-Jabron;47.2;
26192;Montbrison-sur-Lez;29.7;
26193;Montbrun-les-Bains;46;
26194;Montchenu;43.5;
26195;Montclar-sur-Gervanne;29.5;
26196;Montéléger;50.3;
26197;Montélier;54.8;
26198;Montélimar;20.1;
26199;Montferrand-la-Fare;33.3;
26200;Montfroc;47.4;
26201;Montguers;59;
26202;Montjoux;46.4;
26203;Montjoyer;38;*
26204;Montlaur-en-Diois;26.3;
26205;Montmaur-en-Diois;51.5;
26206;Montmeyran;54;
26207;Montmiral;30.7;
26208;Montoison;33.9;
26209;Montréal-les-Sources;2.3;
26210;Valherbasse;41.9;
26211;Montségur-sur-Lauzon;43.3;
26212;Montvendre;54;
26213;Moras-en-Valloire;43.6;
26214;Mornans;54.3;
26215;La Motte-Chalancon;57.6;
26216;La Motte-de-Galaure;73.7;
26217;La Motte-Fanjas;44.9;
26218;Mours-Saint-Eusèbe;21.6;
26219;Mureils;43.1;
26220;Nyons;12.9;
26221;Omblèze;121.4;
26222;Orcinas;31.6;
26223;Oriol-en-Royans;56.1;
26224;Ourches;37.8;
26225;Parnans;28.8;
26226;Le Pègue;21.3;
26227;Pelonne;55.9;
26228;Pennes-le-Sec;55.2;
26229;La Penne-sur-l'Ouvèze;14.6;
26231;Peyrins;32.5;
26232;Peyrus;28;
26233;Piégon;13.5;
26234;Piégros-la-Clastre;37.3;
26235;Pierrelatte;43.1;
26236;Pierrelongue;9;
26238;Les Pilles;5.7;
26239;Plaisians;20.4;
26240;Plan-de-Baix;98.4;
26241;Le Poët-Célard;41.7;
26242;Le Poët-en-Percip;36.4;
26243;Le Poët-Laval;27.5;
26244;Le Poët-Sigillat;27.9;
26245;Pommerol;72.5;
26246;Ponet-et-Saint-Auban;9.9;
26247;Ponsas;N/A - division par 0;
26248;Pontaix;17;
26249;Pont-de-Barret;43.8;
26250;Pont-de-l'Isère;19.1;
26251;Portes-en-Valdaine;37.2;
26252;Portes-lès-Valence;48.5;
26253;Poyols;15.7;
26254;Pradelle;64.6;
26255;Les Prés;299.6;
26256;Propiac;5.5;
26257;Puygiron;34;
26258;Puy-Saint-Martin;68.7;
26259;Ratières;19.2;
26261;Réauville;20.4;
26262;Recoubeau-Jansac;48.8;
26263;Reilhanette;40;
26264;Rémuzat;57.1;
26266;Rimon-et-Savel;196.8;
26267;Rioms;154.9;
26268;Rochebaudin;9.9;
26269;Rochebrune;79.4;
26270;Rochechinard;50.4;
26271;La Roche-de-Glun;25;
26272;Rochefort-en-Valdaine;23.9;
26273;Rochefort-Samson;55.7;
26274;Rochefourchat;N/A - division par 0;
26275;Rochegude;19.1;
26276;Roche-Saint-Secret-Béconne;28;
26277;La Roche-sur-Grane;40.2;
26278;La Roche-sur-le-Buis;41.7;
26279;La Rochette-du-Buis;14.1;
26281;Romans-sur-Isère;51.2;
26282;Romeyer;73.9;
26283;Rottier;46.6;
26284;Roussas;58.3;
26285;Rousset-les-Vignes;19;
26286;Roussieux;96.5;
26287;Roynac;60.3;
26288;Sahune;11;
26289;Saillans;14.1;
26290;Saint-Agnan-en-Vercors;48.3;
26291;Saint-Andéol;28;*
26292;Saint-Auban-sur-l'Ouvèze;58.6;
26293;Saint-Avit;33.4;
26294;Saint-Bardoux;32.7;
26295;Saint-Barthélemy-de-Vals;49.1;
26296;Saint-Benoit-en-Diois;9.9;
26298;Saint-Christophe-et-le-Laris;51.4;
26299;Sainte-Croix;21.1;
26300;Saint-Dizier-en-Diois;55.1;
26301;Saint-Donat-sur-l'Herbasse;33.1;
26302;Sainte-Eulalie-en-Royans;72.4;
26303;Sainte-Euphémie-sur-Ouvèze;42;
26304;Saint-Ferréol-Trente-Pas;18.3;
26305;Saint-Gervais-sur-Roubion;45.2;
26306;Sainte-Jalle;28.2;
26307;Saint-Jean-en-Royans;36.7;
26308;Saint-Julien-en-Quint;66.3;
26309;Saint-Julien-en-Vercors;56;
26310;Saint-Laurent-d'Onay;52.2;
26311;Saint-Laurent-en-Royans;26.5;
26312;Saint-Marcel-lès-Sauzet;19.7;
26313;Saint-Marcel-lès-Valence;34.9;
26314;Saint-Martin-d'Août;47;
26315;Saint-Martin-en-Vercors;40.9;
26316;Saint-Martin-le-Colonel;10.6;
26317;Saint-Maurice-sur-Eygues;12.8;
26318;Saint-May;27.1;
26319;Saint-Michel-sur-Savasse;51.3;
26320;Saint-Nazaire-en-Royans;10.6;
26321;Saint-Nazaire-le-Désert;77.2;
26322;Saint-Pantaléon-les-Vignes;18;
26323;Saint-Paul-lès-Romans;38.8;
26324;Saint-Paul-Trois-Châteaux;29;
26325;Saint-Rambert-d'Albon;53.1;
26326;Saint-Restitut;36.5;
26327;Saint-Roman;15.9;
26328;Saint-Sauveur-en-Diois;16.2;
26329;Saint-Sauveur-Gouvernet;32.3;
26330;Saint-Sorlin-en-Valloire;49.9;
26331;Saint-Thomas-en-Royans;28.8;
26332;Saint-Uze;63.9;
26333;Saint-Vallier;16.6;
26334;Salettes;104.3;
26335;Salles-sous-Bois;12.6;*
26336;Saou;31.2;
26337;Saulce-sur-Rhône;25.5;
26338;Sauzet;45.7;
26339;Savasse;34.3;
26340;Séderon;123.1;
26341;Serves-sur-Rhône;16;
26342;Solérieux;23.1;
26343;Souspierre;39.2;
26344;Soyans;34.2;
26345;Suze-la-Rousse;21.7;
26346;Suze;35.9;
26347;Tain-l'Hermitage;40.2;
26348;Taulignan;23.3;
26349;Tersanne;78.5;
26350;Teyssières;29.3;
26351;Les Tonils;104.9;
26352;La Touche;32;
26353;Les Tourrettes;35.8;
26355;Triors;37.1;
26356;Truinas;59.3;
26357;Tulette;19.1;
26358;Upie;24.8;
26359;Vachères-en-Quint;71.4;
26360;Valaurie;39.7;
26361;Valdrôme;57.2;
26362;Valence;48.7;
26363;Valouse;51.4;
26364;Vassieux-en-Vercors;83.9;
26365;Vaunaveys-la-Rochette;54.1;
26367;Venterol;15.8;
26368;Vercheny;24.1;
26369;Verclause;50.8;
26370;Vercoiran;27.6;
26371;Véronne;0.1;
26372;Vers-sur-Méouge;61.3;
26373;Vesc;74.4;
26374;Villebois-les-Pins;71.4;
26375;Villefranche-le-Château;66.8;
26376;Villeperdrix;42.2;*
26377;Vinsobres;20.9;
26378;Volvent;64.6;
26379;Granges-les-Beaumont;33.5;
26380;Gervans;9.9;
26381;Jaillans;42.9;
26382;Saint-Vincent-la-Commanderie;29.7;
27001;Aclou;35.7;
27002;Acon;196.6;
27003;Acquigny;112;
27004;Aigleville;122.4;
27005;Ailly;128.3;
27006;Aizier;N/A - division par 0;
27008;Alizay;75;
27009;Ambenay;91.9;
27010;Amécourt;153.1;
27011;Amfreville-Saint-Amand;156.3;
27012;Amfreville-les-Champs;39.3;
27013;Amfreville-sous-les-Monts;192.8;
27014;Amfreville-sur-Iton;113.8;
27015;Andé;187.8;
27016;Les Andelys;121.2;
27017;Angerville-la-Campagne;106.7;
27018;Appeville-Annebault;54.4;
27019;Armentières-sur-Avre;85.2;
27020;Arnières-sur-Iton;87.9;
27021;Asnières;59.6;
27022;Le Val d'Hazey;115.5;
27023;Aulnay-sur-Iton;108.9;
27025;Autheuil-Authouillet;76.4;
27026;Authevernes;116.4;
27027;Les Authieux;131.3;
27028;Authou;N/A - division par 0;
27031;Aviron;53.2;
27032;Chambois;148.1;
27033;Bacquepuis;162;
27034;Bacqueville;116.2;
27035;Bailleul-la-Vallée;78.3;
27036;Bâlines;158.8;
27037;Barc;148.2;
27038;Les Barils;77.1;
27039;Barneville-sur-Seine;128.3;
27040;Barquet;78.6;
27042;Barville;100.6;
27043;Les Baux-de-Breteuil;77.9;
27044;Les Baux-Sainte-Croix;78.3;
27045;Bazincourt-sur-Epte;185.7;
27046;Bazoques;112.1;
27047;Beaubray;96.8;
27048;Beauficel-en-Lyons;106.2;
27049;Mesnil-en-Ouche;97.9;
27050;Beaumontel;133.6;
27051;Beaumont-le-Roger;44.1;
27052;Le Bec-Hellouin;49.5;
27053;Le Bec-Thomas;165.4;
27054;Bémécourt;48.9;*
27055;Bérengeville-la-Campagne;160.9;
27056;Bernay;84.8;
27057;Bernienville;107.8;
27059;Bernouville;127.6;
27061;Berthouville;135.9;
27062;Les Monts du Roumois;68.4;
27063;Berville-la-Campagne;126.9;
27064;Berville-sur-Mer;N/A - division par 0;
27065;Beuzeville;63.4;
27066;Bézu-la-Forêt;122.1;
27067;Bézu-Saint-Éloi;134.3;
27068;Bois-Anzeray;190.3;
27069;Bois-Arnault;121.3;
27070;Frenelles-en-Vexin;166.9;
27071;Le Bois-Hellain;73.5;
27072;Bois-Jérôme-Saint-Ouen;103.5;
27073;Bois-le-Roi;108.5;
27074;Boisney;76.3;
27075;Bois-Normand-près-Lyre;70.9;
27076;Boisset-les-Prévanches;144.7;
27077;Boissey-le-Châtel;181.6;
27078;La Boissière;N/A - division par 0;
27079;Boissy-Lamberville;97.1;
27081;Boncourt;132.7;
27082;La Bonneville-sur-Iton;N/A - division par 0;
27083;Bonneville-Aptot;72.2;
27085;Flancourt-Crescy-en-Roumois;89.5;
27089;Thénouville;114.2;
27090;Bosroumois;113.6;
27091;Bosgouet;76;
27094;Bosquentin;121.6;
27095;Bosrobert;56.2;
27096;Les Bottereaux;71.8;
27097;Bouafles;66.4;
27098;Bouchevilliers;148.7;
27099;Le Boulay-Morin;105.7;
27100;Boulleville;50.7;
27101;Bouquelon;48.2;
27102;Bouquetot;106.6;
27103;Bourg-Achard;80.7;
27104;Bourg-Beaudouin;66.2;
27105;Grand Bourgtheroulde;93.2;
27106;Bournainville-Faverolles;55.8;
27107;Bourneville-Sainte-Croix;78.6;
27108;Bourth;80.5;
27109;Bray;61.9;
27110;Brestot;44.2;
27111;Bretagnolles;43.7;
27112;Breteuil;109.6;
27113;Brétigny;169.6;
27114;Breuilpont;97.9;*
27115;Breux-sur-Avre;119;
27116;Brionne;66.5;
27117;Broglie;51.5;
27118;Brosville;72.3;
27119;Bueil;0;
27120;Burey;115.5;
27123;Caillouet-Orgeville;129.1;
27124;Cailly-sur-Eure;189;
27125;Calleville;155.6;
27126;Campigny;127.9;
27127;Canappeville;101.5;
27129;Caorches-Saint-Nicolas;49.8;
27130;Capelle-les-Grands;99.7;
27132;Caugé;114.3;
27133;Caumont;51.5;
27134;Cauverville-en-Roumois;104.1;
27135;Cesseville;167.7;
27136;Chaignes;90.5;
27137;Chaise-Dieu-du-Theil;152.4;
27138;Chamblac;124.7;
27139;Chambord;161.8;
27140;Chambray;141.3;
27141;Champ-Dolent;189.8;
27142;Champenard;68.5;
27144;Champigny-la-Futelaye;77.6;
27146;La Chapelle-Bayvel;102.4;
27147;La Chapelle-du-Bois-des-Faulx;N/A - division par 0;
27148;La Chapelle-Gauthier;74.8;
27149;La Chapelle-Hareng;116.3;*
27151;Charleval;141;
27152;Château-sur-Epte;103.4;
27153;Chauvincourt-Provemont;114.6;
27154;Chavigny-Bailleul;135.6;
27155;Chennebrun;N/A - division par 0;
27156;Chéronvilliers;104.6;
27157;Marbois;100.2;
27158;Cierrey;N/A - division par 0;
27161;Claville;122;
27162;Collandres-Quincarnon;113.7;
27163;Colletot;96.2;
27164;Combon;96.6;
27165;Conches-en-Ouche;114.8;
27167;Condé-sur-Risle;44.6;
27168;Connelles;38.3;
27169;Conteville;79.6;
27170;Cormeilles;141.6;
27171;Le Cormier;93.7;
27173;Corneville-la-Fouquetière;113.5;
27174;Corneville-sur-Risle;100.5;
27176;Coudray;151.1;
27177;Coudres;94.4;
27179;Courbépine;88;
27180;Courcelles-sur-Seine;41.8;
27181;Courdemanche;83;
27182;Courteilles;156;
27183;La Couture-Boussey;108.8;
27184;Crasville;111;
27185;Crestot;3.4;
27187;Criquebeuf-la-Campagne;112.6;
27188;Criquebeuf-sur-Seine;26.6;
27189;La Croisille;54.4;
27190;Croisy-sur-Eure;155.8;
27191;Clef Vallée d'Eure;108;
27192;Crosville-la-Vieille;183.4;
27193;Croth;7.3;*
27194;Cuverville;166.9;
27196;Les Damps;167.1;
27198;Mesnils-sur-Iton;119.5;
27199;Dangu;218.1;
27200;Dardez;168;
27201;Daubeuf-la-Campagne;116.5;
27202;Daubeuf-près-Vatteville;183.6;
27203;Douains;136.4;
27204;Doudeauville-en-Vexin;181.9;
27205;Douville-sur-Andelle;32.7;
27206;Droisy;130.2;
27207;Drucourt;56.7;
27208;Duranville;88.5;
27209;Écaquelon;92;
27210;Écardenville-la-Campagne;128;
27212;Écauville;75.1;
27213;Vexin-sur-Epte;161.5;
27214;Écouis;128.5;
27215;Ecquetot;45.7;
27216;Émalleville;54.7;
27217;Émanville;107.4;
27218;Épaignes;76.3;
27219;Épégard;25.6;
27220;Épieds;207.7;
27222;Épreville-en-Lieuvin;98.4;
27224;Épreville-près-le-Neubourg;66.3;
27226;Étrépagny;179.2;
27227;Étréville;41.2;
27228;Éturqueraye;157.2;
27229;Évreux;0.6;
27230;Ézy-sur-Eure;73.3;
27231;Fains;111.9;
27232;Farceaux;171.8;
27233;Fatouville-Grestain;111.4;
27234;Fauville;5.3;
27235;Faverolles-la-Campagne;127;
27237;Le Favril;66.6;
27238;Ferrières-Haut-Clocher;86.8;
27239;Ferrières-Saint-Hilaire;143.8;
27240;La Ferrière-sur-Risle;N/A - division par 0;
27241;Feuguerolles;235.5;
27242;Le Fidelaire;73.6;
27243;Fiquefleur-Équainville;59;
27245;Fleury-la-Forêt;81.4;
27246;Fleury-sur-Andelle;98.4;
27247;Flipou;109.8;
27248;Folleville;45.2;
27249;Fontaine-Bellenger;113.3;*
27251;Fontaine-l'Abbé;71.6;
27252;Fontaine-la-Louvet;74.4;
27254;Fontaine-sous-Jouy;124.7;
27256;La Forêt-du-Parc;115.8;
27258;Fort-Moville;54.6;
27259;Foucrainville;150.7;
27260;Foulbec;92.3;
27261;Fouqueville;143.1;
27263;Le Perrey;72.7;
27266;Franqueville;159;
27267;Freneuse-sur-Risle;63.2;
27269;Fresne-Cauverville;70.5;
27271;Fresney;146.7;
27273;Gadencourt;6;
27275;Gaillon;162.4;
27276;Gamaches-en-Vexin;183.6;
27277;La Baronnie;113.3;
27278;Garennes-sur-Eure;88.8;
27279;Gasny;84.4;
27280;Gauciel;131.9;
27281;Gaudreville-la-Rivière;99.9;
27282;Gauville-la-Campagne;75;
27284;Gisors;86.2;
27285;Giverny;131.2;
27286;Giverville;63.4;
27287;Glisolles;100.7;
27288;Glos-sur-Risle;N/A - division par 0;
27289;La Goulafrière;124.3;
27290;Goupil-Othon;80.8;
27291;Gournay-le-Guérin;137.8;
27294;Val d'Orger;177.2;
27295;Grand-Camp;72.1;
27298;Graveron-Sémerville;142.2;
27299;Gravigny;159.2;
27300;Grosley-sur-Risle;114.7;
27301;Grossœuvre;80.5;
27302;Le Bosc du Theil;78.5;
27304;Guerny;161.7;
27306;Guichainville;131;
27307;Guiseniers;135.8;
27309;L'Habit;3.1;
27310;Hacqueville;132.9;
27311;Harcourt;108.5;
27312;Hardencourt-Cocherel;N/A - division par 0;
27313;La Harengère;73.9;
27315;Harquency;204.5;
27316;Hauville;43.7;
27317;La Haye-Aubrée;88.2;
27318;La Haye-de-Calleville;148.1;
27319;La Haye-de-Routot;42.5;
27320;La Haye-du-Theil;162.9;
27321;La Haye-le-Comte;166.4;
27322;La Haye-Malherbe;89.4;
27323;La Haye-Saint-Sylvestre;122.7;
27324;Hébécourt;121.6;
27325;Hecmanville;N/A - division par 0;
27326;Hécourt;199.6;
27327;Hectomare;90.4;
27329;Hennezis;133.5;
27330;Herqueville;N/A - division par 0;
27331;Heubécourt-Haricourt;188.6;
27332;Heudebouville;9.8;
27333;Heudicourt;134.7;
27334;Heudreville-en-Lieuvin;68.7;
27335;Heudreville-sur-Eure;85.5;
27336;La Heunière;51;
27337;Heuqueville;154.9;
27338;Les Hogues;6.9;
27339;Hondouville;N/A - division par 0;
27340;Honguemare-Guenouville;113.3;
27341;L'Hosmes;201.9;
27342;Houetteville;8.4;
27343;Houlbec-Cocherel;121.1;
27345;La Houssaye;67.7;
27346;Houville-en-Vexin;188.3;
27347;Huest;58.7;
27348;Igoville;145.9;
27349;Illeville-sur-Montfort;34.2;
27350;Illiers-l'Évêque;120.5;
27351;Incarville;3.7;
27353;Irreville;157.5;
27354;Iville;64.6;
27355;Ivry-la-Bataille;142.6;
27358;Jouy-sur-Eure;60.1;
27359;Juignettes;93.4;
27360;Jumelles;148.8;
27361;La Lande-Saint-Léger;91.1;
27363;Le Landin;71.5;
27364;Launay;N/A - division par 0;
27365;Léry;18.6;
27366;Letteguives;125.2;
27367;Lieurey;80;
27368;Lignerolles;120;
27369;Lilly;235;
27370;Lisors;148.3;
27371;Livet-sur-Authou;126.8;
27372;Longchamps;118.7;
27373;Lorleau;75.9;
27374;Louversey;82.2;
27375;Louviers;132.8;
27376;Louye;166.3;
27377;Lyons-la-Forêt;142.1;
27378;La Madeleine-de-Nonancourt;113;
27379;Mainneville;212.1;
27380;Malleville-sur-le-Bec;90.9;
27381;Malouy;118.8;
27382;Mandeville;34.1;
27383;Mandres;57.6;
27384;Manneville-la-Raoult;107.2;
27385;Manneville-sur-Risle;139;
27386;Le Manoir;N/A - division par 0;
27388;Marais-Vernier;99.1;
27389;Marbeuf;110.4;
27390;Marcilly-la-Campagne;107.7;
27391;Marcilly-sur-Eure;196.1;
27392;Martagny;180.6;
27393;Martainville;66.2;
27394;Martot;51.1;
27395;Mélicourt;13.5;*
27396;Ménesqueville;N/A - division par 0;
27397;Ménilles;37.4;
27398;Menneval;71.6;
27399;Mercey;100.3;
27400;Merey;50.9;
27401;Le Mesnil-Fuguet;58.9;
27403;Le Mesnil-Jourdain;22.8;
27404;Mesnil-Rousset;98.4;
27405;Mesnil-sous-Vienne;135.3;
27406;Mesnil-sur-l'Estrée;N/A - division par 0;
27407;Mesnil-Verclives;149.1;
27408;Mézières-en-Vexin;141.3;
27410;Miserey;147.3;
27411;Moisville;157.4;
27412;Terres de Bord;62.7;
27413;Montfort-sur-Risle;N/A - division par 0;
27414;Montreuil-l'Argillé;129.6;
27415;Morainville-Jouveaux;90.7;
27417;Morgny;88.8;
27418;Morsan;105;
27419;Mouettes;148.2;
27420;Mouflaines;123.9;
27421;Mousseaux-Neuville;158.6;
27422;Muids;107.7;
27423;Muzy;74.6;
27424;Nagel-Séez-Mesnil;117.2;
27425;Nassandres sur Risle;72.2;
27426;Neaufles-Saint-Martin;45.7;
27427;Neaufles-Auvergny;161.7;
27428;Le Neubourg;94.1;
27429;Neuilly;286.3;
27430;La Neuve-Grange;73.6;
27431;La Neuve-Lyre;31.9;
27432;La Neuville-du-Bosc;61.4;
27433;Neuville-sur-Authou;39.8;
27434;Noards;99.7;
27435;La Noë-Poulain;6.3;
27436;Nogent-le-Sec;87.2;
27437;Nojeon-en-Vexin;153.3;
27438;Nonancourt;89.5;
27439;Normanville;105.6;
27440;Notre-Dame-de-l'Isle;135.7;
27441;Notre-Dame-d'Épine;54.9;
27442;Notre-Dame-du-Hamel;124.8;
27444;Le Noyer-en-Ouche;96.9;
27445;Noyers;90.2;
27446;Ormes;75;
27447;Le Val-Doré;98.8;
27448;Pacy-sur-Eure;102.9;
27451;Parville;129;*
27453;Perriers-sur-Andelle;100.9;
27454;Perruel;111.8;
27455;Piencourt;120.1;
27456;Pinterville;51.6;
27457;Piseux;113.9;
27458;Pîtres;N/A - division par 0;
27459;Les Places;89.2;
27460;Plainville;119.5;
27462;Le Planquay;46.4;*
27463;Plasnes;81.2;
27464;Le Plessis-Grohan;118.3;
27465;Le Plessis-Hébert;220.8;
27466;Le Plessis-Sainte-Opportune;124.2;
27467;Pont-Audemer;51.6;
27468;Pont-Authou;N/A - division par 0;
27469;Pont-de-l'Arche;118.7;*
27470;Pont-Saint-Pierre;125.5;
27471;Porte-de-Seine;211.1;
27472;Portes;146.7;
27473;Port-Mort;97.3;
27474;Poses;N/A - division par 0;
27475;La Poterie-Mathieu;28.7;
27476;Les Préaux;92.6;
27477;Pressagny-l'Orgueilleux;100.9;*
27478;Prey;117.4;
27480;Puchay;128.3;
27481;Pullay;51.7;
27482;La Pyle;150.4;
27483;Quatremare;84.7;
27485;Quillebeuf-sur-Seine;41.4;
27486;Quittebeuf;79.6;
27487;Radepont;172.8;
27488;Renneville;123.3;
27489;Reuilly;98.5;
27490;Richeville;172.2;
27492;Romilly-la-Puthenaye;129.8;
27493;Romilly-sur-Andelle;60;
27495;La Roquette;51.4;
27496;Rosay-sur-Lieure;13.9;
27497;Rougemontiers;133.7;
27498;Rouge-Perriers;168.2;
27500;Routot;66;
27501;Rouvray;112.4;
27502;Rugles;132.7;
27504;Sacquenville;138.9;
27505;Saint-Agnan-de-Cernières;34.6;
27507;Saint-André-de-l'Eure;168.7;
27508;Saint-Antonin-de-Sommaire;63.3;
27511;Saint-Aubin-d'Écrosville;147.7;
27512;Saint-Aubin-de-Scellon;45.4;
27514;Saint-Aubin-du-Thenney;90.3;
27516;Treis-Sants-en-Ouche;85.3;
27517;Saint-Aubin-sur-Gaillon;96.5;
27518;Saint-Aubin-sur-Quillebeuf;104.3;
27520;Saint-Benoît-des-Ombres;85.2;
27521;Saint-Christophe-sur-Avre;85.3;
27522;Saint-Christophe-sur-Condé;137.8;
27524;Sainte-Colombe-la-Commanderie;88.5;
27525;Sainte-Colombe-près-Vernon;268;
27527;Saint-Cyr-de-Salerne;82.8;
27528;Le Vaudreuil;4.6;
27529;Saint-Cyr-la-Campagne;N/A - division par 0;
27530;Saint-Denis-d'Augerons;97.9;
27531;Saint-Denis-des-Monts;41;
27533;Saint-Denis-le-Ferment;84;
27534;Saint-Didier-des-Bois;13.6;
27535;Saint-Élier;N/A - division par 0;
27536;Saint-Éloi-de-Fourques;136;
27537;Saint-Étienne-du-Vauvray;N/A - division par 0;
27538;Saint-Étienne-l'Allier;90.8;
27539;Saint-Étienne-sous-Bailleul;54.2;
27540;Sainte-Geneviève-lès-Gasny;N/A - division par 0;
27541;Le Mesnil-Saint-Jean;107.5;
27542;Saint-Georges-du-Vièvre;85.8;
27543;Saint-Georges-Motel;154.1;
27544;Saint-Germain-de-Fresney;164.6;
27545;Saint-Germain-de-Pasquier;14;*
27546;Saint-Germain-des-Angles;73.8;
27547;Saint-Germain-la-Campagne;73.4;
27548;Saint-Germain-sur-Avre;132.9;
27550;Saint-Grégoire-du-Vièvre;94.3;
27552;Saint-Jean-du-Thenney;129.7;
27553;Saint-Julien-de-la-Liègue;75.8;
27554;La Chapelle-Longueville;43.4;
27555;Saint-Laurent-des-Bois;219.3;
27556;Saint-Laurent-du-Tencement;0;
27557;Saint-Léger-de-Rôtes;64.2;
27558;Saint-Léger-du-Gennetey;107.8;
27560;Saint-Luc;77.2;
27561;Saint-Maclou;29.8;
27562;Saint-Marcel;175.3;
27563;Saint-Mards-de-Blacarville;82.3;*
27564;Saint-Mards-de-Fresne;137.9;
27565;Le Lesme;102.2;
27567;Sainte-Marie-de-Vatimesnil;243.4;
27568;Sainte-Marthe;87;
27569;Saint-Martin-du-Tilleul;126;
27570;Saint-Martin-la-Campagne;86.7;
27571;Saint-Martin-Saint-Firmin;67.1;
27572;Saint-Meslin-du-Bosc;N/A - division par 0;
27576;Sainte-Opportune-du-Bosc;81.8;*
27577;Sainte-Opportune-la-Mare;90.9;
27578;Sainte-Marie-d'Attez;108;
27579;Saint-Ouen-de-Pontcheuil;120.1;*
27580;Saint-Ouen-de-Thouberville;56.8;
27582;Saint-Ouen-du-Tilleul;21.5;
27584;Saint-Paul-de-Fourques;105.1;
27586;Saint-Philbert-sur-Boissey;107.3;
27587;Saint-Philbert-sur-Risle;63;
27589;Saint-Pierre-de-Bailleul;103;
27590;Saint-Pierre-de-Cernières;95.5;
27591;Saint-Pierre-de-Cormeilles;55.1;
27592;Saint-Pierre-de-Salerne;63.6;
27593;Saint-Pierre-des-Fleurs;2.6;
27594;Saint-Pierre-des-Ifs;68;
27595;Saint-Pierre-du-Bosguérard;89.1;
27597;Saint-Pierre-du-Val;65;
27598;Saint-Pierre-du-Vauvray;215.1;
27599;Saint-Pierre-la-Garenne;71;
27601;Saint-Samson-de-la-Roque;83.9;
27602;Saint-Sébastien-de-Morsent;66.2;
27603;Saint-Siméon;53.8;
27604;Saint-Sulpice-de-Grimbouville;23;
27605;Saint-Sylvestre-de-Cormeilles;73.1;
27606;Saint-Symphorien;126.3;
27608;Saint-Victor-de-Chrétienville;40.3;
27609;Saint-Victor-d'Épine;52.6;
27610;Saint-Victor-sur-Avre;155.1;
27611;Saint-Vigor;139.3;
27612;Saint-Vincent-des-Bois;152.3;
27613;Saint-Vincent-du-Boulay;95.8;
27614;Sancourt;121.4;
27615;Sassey;347.7;
27616;La Saussaye;99.4;*
27617;Saussay-la-Campagne;130.5;
27618;Sébécourt;82.9;
27620;Selles;140.2;
27621;Serez;173.6;
27622;Serquigny;62.1;
27623;Surtauville;83.8;
27624;Surville;81.9;
27625;Suzay;90;
27627;Le Theil-Nolent;68.6;
27629;Thiberville;42;
27630;Thibouville;91.1;
27631;Thierville;141.9;
27632;Le Thil;172.9;
27633;Les Thilliers-en-Vexin;139.7;
27635;Le Thuit;262.2;
27638;Le Thuit de l'Oison;83;
27640;Tilleul-Dame-Agnès;88.6;
27641;Le Tilleul-Lambert;150.3;
27643;Tillières-sur-Avre;127;
27644;Tilly;168.1;
27645;Tocqueville;74.4;
27646;Le Torpt;30.5;
27649;Touffreville;303.5;
27650;Tournedos-Bois-Hubert;111.4;
27652;Tourneville;N/A - division par 0;
27654;Tourville-la-Campagne;65.4;
27655;Tourville-sur-Pont-Audemer;107.7;
27656;Toutainville;42.4;
27658;Le Tremblay-Omonville;103.2;
27659;La Trinité;N/A - division par 0;
27660;La Trinité-de-Réville;58;
27661;La Trinité-de-Thouberville;46.8;
27662;Triqueville;62.4;
27663;Le Troncq;106.3;
27664;Le Tronquay;155.8;
27665;Trouville-la-Haule;67.9;
27666;La Vacherie;95.3;
27667;Valailles;86.6;
27668;Le Val-David;201.5;
27669;Valletot;84;
27670;Vandrimare;160.9;
27671;Vannecrocq;2.7;
27672;Vascœuil;N/A - division par 0;
27673;Vatteville;29.9;
27674;Vaux-sur-Eure;42.6;
27676;Les Trois Lacs;92.5;
27677;Venon;143.2;
27678;Les Ventes;100.3;
27679;Verneuil d'Avre et d'Iton;89.3;
27680;Verneusses;98.1;
27681;Vernon;130.9;
27682;Vesly;67.9;
27683;Vézillon;N/A - division par 0;
27684;Le Vieil-Évreux;149.9;
27685;La Vieille-Lyre;81.4;
27686;Vieux-Port;N/A - division par 0;
27689;Villegats;63.9;
27690;Villers-en-Vexin;171.2;
27691;Villers-sur-le-Roule;N/A - division par 0;
27692;Villettes;75.4;
27693;Sylvains-Lès-Moulins;85.3;
27694;Villez-sous-Bailleul;100.3;
27695;Villez-sur-le-Neubourg;85;
27696;Villiers-en-Désœuvre;130.9;
27697;Vironvay;64.8;
27698;Vitot;71.8;
27699;Voiscreville;95.7;
27700;Vraiville;67.8;
27701;Val-de-Reuil;35.5;
28001;Abondant;155.6;
28003;Allainville;167.2;
28004;Allonnes;75.3;
28005;Alluyes;220.5;
28006;Amilly;140.8;
28007;Anet;9.4;
28008;Ardelles;172.3;
28009;Ardelu;115.6;
28010;Argenvilliers;63.9;
28012;Commune nouvelle d'Arrou;96.9;
28013;Aunay-sous-Auneau;186.1;
28014;Aunay-sous-Crécy;93.9;
28015;Auneau-Bleury-Saint-Symphorien;131.3;
28016;Les Autels-Villevillon;96.1;
28018;Authon-du-Perche;107.6;
28019;Baigneaux;111.4;
28021;Bailleau-le-Pin;110.6;
28022;Bailleau-l'Évêque;138.4;
28023;Bailleau-Armenonville;71.9;
28024;Barjouville;128.3;
28025;Barmainville;114.4;
28026;Baudreville;191.8;
28027;La Bazoche-Gouet;86.1;
28028;Bazoches-en-Dunois;174.2;
28029;Bazoches-les-Hautes;145;
28030;Beauche;117.7;
28031;Beaumont-les-Autels;85.4;
28032;Beauvilliers;169;
28033;Belhomert-Guéhouville;164.3;
28034;Berchères-Saint-Germain;184.9;
28035;Berchères-les-Pierres;150.1;
28036;Berchères-sur-Vesgre;50.4;
28037;Bérou-la-Mulotière;108.6;
28038;Béthonvilliers;89.7;
28039;Béville-le-Comte;162.8;
28040;Billancelles;136.4;
28041;Blandainville;141.6;
28045;Boissy-en-Drouais;112.8;
28046;Boissy-lès-Perche;104.2;
28047;Boisville-la-Saint-Père;163.8;
28048;La Bourdinière-Saint-Loup;100.3;
28049;Boncé;118.8;
28050;Boncourt;186.3;
28051;Bonneval;102.1;
28052;Bouglainval;175.3;
28053;Le Boullay-les-Deux-Églises;207.3;
28054;Le Boullay-Mivoye;114.4;
28055;Le Boullay-Thierry;147.8;
28056;Boutigny-Prouais;127.3;
28057;Bouville;110.9;
28058;Bréchamps;N/A - division par 0;
28059;Brezolles;116.6;
28060;Briconville;212.5;
28061;Brou;72.3;
28062;Broué;113.5;
28064;Bû;109.5;
28065;Bullainville;90.9;
28067;Cernay;144;
28068;Challet;167.8;
28070;Champhol;71.4;
28071;Champrond-en-Gâtine;134.7;
28072;Champrond-en-Perchet;147;
28073;Champseru;124;
28074;La Chapelle-d'Aunainville;76.5;
28075;La Chapelle-du-Noyer;107.3;
28076;La Chapelle-Forainvilliers;176.2;
28077;La Chapelle-Fortin;176.8;*
28078;Chapelle-Guillaume;128.3;
28079;Chapelle-Royale;71.7;
28080;Charbonnières;90.9;
28081;Charonville;85.2;
28082;Charpont;N/A - division par 0;
28084;Chartainvilliers;199.9;
28085;Chartres;65.4;
28086;Chassant;181.9;
28087;Châtaincourt;144.3;
28088;Châteaudun;144.8;
28089;Châteauneuf-en-Thymerais;370.5;
28090;Les Châtelets;77.6;
28091;Les Châtelliers-Notre-Dame;129;
28092;Châtenay;166.9;
28094;Chaudon;119.1;
28095;Chauffours;148.3;
28096;La Chaussée-d'Ivry;110.4;
28098;Cherisy;118.9;
28099;Chuisnes;139.6;
28100;Cintray;168.2;
28102;Clévilliers;227.4;
28103;Cloyes-les-Trois-Rivières;115.3;
28104;Coltainville;141.7;
28105;Combres;95.5;
28106;Conie-Molitard;143.5;
28107;Corancez;59.2;
28108;Cormainville;113.4;
28109;Les Corvées-les-Yys;95.6;
28110;Le Coudray;63.5;
28111;Coudray-au-Perche;72.3;
28113;Coulombs;96.3;
28114;Courbehaye;144.4;
28116;Courville-sur-Eure;129.9;*
28117;Crécy-Couvé;116.9;
28118;Croisilles;123.6;
28119;La Croix-du-Perche;98.4;
28120;Crucey-Villages;131.5;
28121;Dambron;241;
28122;Dammarie;110.8;
28123;Dampierre-sous-Brou;95.4;
28124;Dampierre-sur-Avre;172.2;
28126;Dancy;128.7;
28127;Dangeau;134.3;
28128;Dangers;81.9;
28129;Denonville;124.1;
28130;Digny;160.4;
28132;Donnemain-Saint-Mamès;126.9;
28134;Dreux;3.5;
28135;Droue-sur-Drouette;166.3;
28136;Écluzelles;N/A - division par 0;
28137;Écrosnes;166.6;
28139;Épeautrolles;169.4;
28140;Épernon;193.2;
28141;Ermenonville-la-Grande;121.1;
28142;Ermenonville-la-Petite;134;
28143;Escorpain;141.1;
28144;Les Étilleux;78.8;
28146;Faverolles;159.5;
28147;Favières;87.2;
28148;Le Favril;75.9;
28149;La Ferté-Vidame;62;*
28151;Fessanvilliers-Mattanvilliers;152.5;
28153;Flacey;170.1;
28154;Fontaine-la-Guyon;191.9;
28155;Fontaine-les-Ribouts;251.8;
28156;Fontaine-Simon;166.5;
28157;Fontenay-sur-Conie;119.6;
28158;Fontenay-sur-Eure;114;
28159;La Framboisière;42.2;
28160;Francourville;196.5;
28161;Frazé;62.2;
28162;Fresnay-le-Comte;157;
28163;Fresnay-le-Gilmert;157.8;
28164;Fresnay-l'Évêque;170.4;
28166;Friaize;151.9;
28167;Fruncé;105.4;
28168;Gallardon;93.2;
28169;Garancières-en-Beauce;120.5;
28170;Garancières-en-Drouais;112.7;
28171;Garnay;59.8;
28172;Gas;139.4;
28173;Gasville-Oisème;82.8;
28175;La Gaudaine;109.3;
28176;Le Gault-Saint-Denis;113.8;
28177;Gellainville;165;
28178;Germainville;175.3;
28180;Gilles;76;
28182;Gohory;88.4;
28183;Gommerville;156.5;
28184;Gouillons;143.4;
28185;Goussainville;133.3;
28187;Guainville;152.2;
28188;Le Gué-de-Longroi;154.9;
28189;Guilleville;103.9;
28190;Guillonville;111;
28191;Hanches;137.7;
28192;Happonvilliers;129.5;
28193;Havelu;98.5;
28194;Houville-la-Branche;158.2;
28195;Houx;138.2;
28196;Illiers-Combray;97;
28197;Intréville;179.7;
28198;Jallans;195;
28199;Janville-en-Beauce;120.3;
28200;Jaudrais;121;
28201;Jouy;67.9;
28202;Lamblore;68.2;
28203;Landelles;97.3;
28206;Laons;160.1;
28207;Léthuin;162.5;
28208;Levainville;66.8;
28209;Lèves;209.9;*
28210;Levesville-la-Chenard;114.5;
28211;Logron;88.6;
28212;Loigny-la-Bataille;126.3;
28213;Lormaye;220.4;
28214;La Loupe;42.3;
28215;Louville-la-Chenard;143.5;
28216;Louvilliers-en-Drouais;107.8;
28217;Louvilliers-lès-Perche;156.4;
28218;Lucé;35.5;
28219;Luigny;78.5;
28220;Luisant;N/A - division par 0;
28221;Lumeau;134.4;
28222;Luplanté;135.7;
28223;Luray;252.6;
28225;Magny;129.4;
28226;Maillebois;122.9;
28227;Maintenon;75.2;
28229;Mainvilliers;96.6;
28230;Maisons;108;
28231;La Mancelière;108.4;
28232;Manou;80.1;
28233;Marboué;123.6;
28234;Marchéville;174.5;
28235;Marchezais;81.8;
28236;Arcisses;122.8;
28237;Marolles-les-Buis;152.7;
28239;Marville-Moutiers-Brûlé;159.3;
28240;Meaucé;127.5;
28242;Méréglise;127.7;
28243;Mérouville;133;
28245;Meslay-le-Grenet;109.3;
28246;Meslay-le-Vidame;119.9;
28247;Le Mesnil-Simon;108.9;
28248;Le Mesnil-Thomas;119.2;
28249;Mévoisins;82.9;
28251;Mézières-en-Drouais;112.2;
28252;Miermaigne;79.7;
28253;Mignières;113.1;
28254;Mittainvilliers-Vérigny;157.6;
28255;Moinville-la-Jeulin;161.8;*
28256;Moléans;86.4;
28257;Mondonville-Saint-Jean;132.9;
28259;Montboissier;184.9;
28260;Montharville;115.8;*
28261;Montigny-le-Chartif;60.5;
28263;Montigny-sur-Avre;144.5;
28264;Montireau;102.8;
28265;Montlandon;141.7;
28267;Montreuil;N/A - division par 0;
28268;Morainville;196.4;
28269;Morancez;154;
28270;Moriers;132.2;
28271;Morvilliers;112.3;
28272;Mottereau;115.9;
28273;Moulhard;103.6;*
28274;Moutiers;180;
28275;Néron;152;
28276;Neuvy-en-Beauce;73.2;
28277;Neuvy-en-Dunois;152.4;
28278;Nogent-le-Phaye;108.3;
28279;Nogent-le-Roi;79.3;
28280;Nogent-le-Rotrou;80.3;
28281;Nogent-sur-Eure;52.8;
28282;Nonvilliers-Grandhoux;93.6;
28283;Nottonville;157;
28284;Oinville-Saint-Liphard;118.2;
28285;Oinville-sous-Auneau;102.6;
28286;Ollé;119.9;
28287;Orgères-en-Beauce;128.5;
28289;Ormoy;28.4;
28290;Orrouer;82.7;
28291;Ouarville;130.8;
28292;Ouerre;127;
28293;Oulins;134.7;
28294;Oysonville;103.6;
28296;Péronville;179.9;
28298;Pierres;123;
28299;Les Pinthières;112.3;
28300;Poinville;135.8;
28301;Poisvilliers;120.3;
28302;Pontgouin;86.5;
28303;Poupry;203.8;
28304;Prasville;82.3;
28305;Pré-Saint-Évroult;148.9;
28306;Pré-Saint-Martin;112.5;
28308;Prudemanche;191.2;
28309;Prunay-le-Gillon;122.5;
28310;La Puisaye;74.3;
28312;Puiseux;147.7;
28313;Réclainville;193.7;
28314;Les Ressuintes;150.1;
28315;Revercourt;244.8;
28316;Rohaire;87.6;
28317;Roinville;123.7;
28319;Rouvray-Saint-Denis;103.1;
28321;Rouvres;194.4;*
28322;Rueil-la-Gadelière;87.3;
28323;Saint-Ange-et-Torçay;87.4;
28324;Saint-Arnoult-des-Bois;129.7;
28325;Saint-Aubin-des-Bois;209.9;
28326;Saint-Avit-les-Guespières;102.9;
28327;Saint-Bomer;91.4;
28329;Saint-Christophe;162.7;
28330;Villemaury;118.4;
28331;Saintigny;88.3;
28332;Sainte-Gemme-Moronval;113.2;
28333;Saint-Denis-des-Puits;85.7;
28334;Saint-Denis-Lanneray;132.5;
28335;Saint-Éliph;129.6;
28336;Saint-Éman;100;
28337;Saint-Georges-sur-Eure;126.2;
28339;Saint-Germain-le-Gaillard;188.8;
28341;Saint-Jean-de-Rebervilliers;303.8;
28342;Saint-Jean-Pierre-Fixte;60.9;
28343;Saint-Laurent-la-Gâtine;88;
28344;Saint-Léger-des-Aubées;191.4;
28346;Saint-Lubin-de-Cravant;162.1;
28347;Saint-Lubin-de-la-Haye;113.8;
28348;Saint-Lubin-des-Joncherets;215.4;
28349;Saint-Lucien;97.9;*
28350;Saint-Luperce;114.3;
28351;Saint-Maixme-Hauterive;165.3;
28352;Saint-Martin-de-Nigelles;304.2;
28353;Saint-Maur-sur-le-Loir;106.7;
28354;Saint-Maurice-Saint-Germain;128.4;
28355;Saint-Ouen-Marchefroy;84.9;
28357;Saint-Piat;108.1;
28358;Saint-Prest;79.6;
28359;Saint-Rémy-sur-Avre;N/A - division par 0;
28360;Saint-Sauveur-Marville;154.4;
28362;Saint-Victor-de-Buthon;119.9;
28363;Sainville;203.6;
28364;Sancheville;106.1;
28365;Sandarville;128.5;
28366;Santeuil;119.2;
28367;Santilly;136.1;
28368;La Saucelle;121;
28369;Saulnières;153.7;
28370;Saumeray;174.6;
28371;Saussay;110.3;
28372;Senantes;119.9;
28373;Senonches;82.5;
28374;Serazereux;216.1;
28375;Serville;71;
28377;Sorel-Moussel;62.5;
28378;Souancé-au-Perche;108.3;
28379;Soulaires;73.3;*
28380;Sours;126.5;
28382;Terminiers;153.3;
28383;Theuville;164.7;
28385;Le Thieulin;155.8;
28386;Thimert-Gâtelles;164.7;
28387;Thiron-Gardais;196.4;
28388;Thivars;146.5;
28389;Thiville;130.3;
28390;Tillay-le-Péneux;100.6;
28391;Toury;121.5;
28392;Trancrainville;122.1;
28393;Tremblay-les-Villages;146.3;
28394;Tréon;162.8;
28395;Trizay-Coutretot-Saint-Serge;106.5;
28396;Trizay-lès-Bonneval;89.9;
28397;Umpeau;146.5;
28398;Unverre;91;
28400;Varize;158.2;
28401;Vaupillon;122.4;
28403;Ver-lès-Chartres;141.6;
28404;Vernouillet;202.2;
28405;Vert-en-Drouais;118.8;
28406;Éole-en-Beauce;155;
28407;Vichères;108.5;
28408;Vierville;90.3;
28409;Vieuvicq;155.6;
28410;Villampuy;118;
28411;Villars;179.3;
28414;Villebon;156.4;
28415;Villemeux-sur-Eure;171.3;
28417;Villiers-le-Morhier;167.8;
28418;Villiers-Saint-Orien;123.4;
28419;Vitray-en-Beauce;107.3;
28421;Voise;274.6;
28422;Les Villages Vovéens;129.1;
28423;Yermenonville;189.6;
28424;Yèvres;89.1;
28425;Ymeray;74.8;
28426;Ymonville;204.2;
29001;Argol;59.8;
29002;Arzano;82.5;
29003;Audierne;48.9;
29004;Bannalec;64;
29005;Baye;40.8;
29006;Bénodet;12.4;
29007;Berrien;51.3;
29008;Beuzec-Cap-Sizun;71.8;
29010;Bodilis;74.1;
29011;Bohars;35.1;
29012;Bolazec;76.8;
29013;Botmeur;153.5;
29014;Botsorhel;63.3;
29015;Bourg-Blanc;51;
29016;Brasparts;75.5;
29017;Brélès;72.9;
29018;Brennilis;68.7;
29019;Brest;54.9;
29020;Briec;58.3;
29021;Plounéour-Brignogan-plages;39.7;
29022;Camaret-sur-Mer;46.8;
29023;Carantec;39.9;
29024;Carhaix-Plouguer;43.6;
29025;Cast;65;
29026;Châteaulin;88.9;
29027;Châteauneuf-du-Faou;49.9;
29028;Cléden-Cap-Sizun;75.5;
29029;Cléden-Poher;88.6;
29030;Cléder;27.3;
29031;Clohars-Carnoët;70.8;
29032;Clohars-Fouesnant;101.8;
29033;Le Cloître-Pleyben;78.4;
29034;Le Cloître-Saint-Thégonnec;98.8;*
29035;Coat-Méal;44.4;
29036;Collorec;83.1;
29037;Combrit;52.2;
29038;Commana;53.4;
29039;Concarneau;51.4;
29040;Le Conquet;26;
29041;Coray;78.4;
29042;Crozon;65.1;
29043;Daoulas;47.9;
29044;Dinéault;65.7;
29045;Dirinon;66.9;
29046;Douarnenez;32.9;
29047;Le Drennec;68.6;
29048;Edern;65.9;
29049;Elliant;78.9;
29051;Ergué-Gabéric;50.7;
29053;Le Faou;78.4;
29054;La Feuillée;78.6;
29055;Le Folgoët;72.3;
29056;La Forest-Landerneau;27.9;
29057;La Forêt-Fouesnant;43.7;
29058;Fouesnant;25.4;
29059;Garlan;43.4;
29060;Gouesnach;82.3;
29061;Gouesnou;41.6;
29062;Gouézec;75.6;
29063;Goulien;72.4;
29064;Goulven;64;
29065;Gourlizon;62;
29066;Guengat;59.9;
29067;Guerlesquin;58.9;
29068;Guiclan;62.6;
29069;Guilers;57.7;
29070;Guiler-sur-Goyen;47.7;
29071;Guilligomarc'h;86.2;
29072;Guilvinec;N/A - division par 0;
29073;Guimaëc;43.3;
29074;Guimiliau;39.6;
29075;Guipavas;45;
29076;Milizac-Guipronvel;60.8;
29077;Guissény;53.3;
29078;Hanvec;84.5;
29079;Henvic;31.6;
29080;Hôpital-Camfrout;75.6;
29081;Huelgoat;59.3;
29082;Île-de-Batz;6.5;
29083;Île-de-Sein;N/A - division par 0;
29084;Île-Molène;16.7;
29085;Île-Tudy;N/A - division par 0;
29086;Irvillac;128.4;
29087;Le Juch;63.4;
29089;Kergloff;88.6;
29090;Kerlaz;51.4;
29091;Kerlouan;32.7;
29093;Kernilis;61.5;
29094;Kernouës;50.9;
29095;Kersaint-Plabennec;54.9;
29097;Lampaul-Guimiliau;53.1;
29098;Lampaul-Plouarzel;1.7;
29099;Lampaul-Ploudalmézeau;43.6;
29100;Lanarvily;29.6;
29101;Landéda;78.6;
29102;Landeleau;72.7;
29103;Landerneau;12.3;*
29104;Landévennec;67.6;
29105;Landivisiau;44.9;
29106;Landrévarzec;79.2;
29107;Landudal;50.6;
29108;Landudec;88.9;
29109;Landunvez;37.7;
29110;Langolen;83.3;
29111;Lanhouarneau;50.5;
29112;Lanildut;79.6;
29113;Lanmeur;46;
29114;Lannéanou;106;
29115;Lannédern;95;
29116;Lanneuffret;116.4;
29117;Lannilis;57.8;
29119;Lanrivoaré;71.6;
29120;Lanvéoc;82.5;
29122;Laz;51.8;
29123;Lennon;78.3;
29124;Lesneven;30;
29125;Leuhan;89.1;
29126;Loc-Brévalaire;98.5;
29128;Loc-Eguiner;71;
29130;Locmaria-Plouzané;76.8;
29131;Locmélar;102.1;
29132;Locquénolé;N/A - division par 0;
29133;Locquirec;30.5;
29134;Locronan;47.9;
29135;Loctudy;45;
29136;Locunolé;74.8;
29137;Logonna-Daoulas;32.9;
29139;Lopérec;76.9;
29140;Loperhet;32.4;
29141;Loqueffret;56.1;
29142;Lothey;80.9;
29143;Mahalon;70.2;
29144;La Martyre;68.4;
29145;Confort-Meilars;66.6;
29146;Melgven;82;
29147;Mellac;87.6;
29148;Mespaul;37.7;
29150;Moëlan-sur-Mer;57.4;
29151;Morlaix;44.9;
29152;Motreff;69.3;
29153;Névez;46.2;
29155;Ouessant;N/A - division par 0;
29156;Pencran;45.5;*
29158;Penmarch;39.5;
29159;Peumerit;43.4;
29160;Plabennec;45.4;
29161;Pleuven;84.5;
29162;Pleyben;69.2;
29163;Pleyber-Christ;89.9;
29165;Plobannalec-Lesconil;53;
29166;Ploéven;73.4;
29167;Plogastel-Saint-Germain;59.5;
29168;Plogoff;30.6;
29169;Plogonnec;60.9;
29170;Plomelin;56;
29171;Plomeur;71.8;
29172;Plomodiern;68.4;
29173;Plonéis;66.4;
29174;Plonéour-Lanvern;64.5;
29175;Plonévez-du-Faou;64.9;
29176;Plonévez-Porzay;75.7;
29177;Plouarzel;79.6;
29178;Ploudalmézeau;67.4;
29179;Ploudaniel;57;
29180;Ploudiry;83.6;
29181;Plouédern;67.3;
29182;Plouégat-Guérand;50.5;
29183;Plouégat-Moysan;56.8;
29184;Plouénan;31.7;
29185;Plouescat;20.2;
29186;Plouezoc'h;83.3;
29187;Plougar;50.4;
29188;Plougasnou;69;
29189;Plougastel-Daoulas;9.9;
29190;Plougonvelin;55.8;
29191;Plougonven;93;
29192;Plougoulm;28.4;
29193;Plougourvest;40.3;*
29195;Plouguerneau;57.7;
29196;Plouguin;68.4;
29197;Plouhinec;58.6;
29198;Plouider;47.4;
29199;Plouigneau;64.6;
29201;Ploumoguer;65;
29202;Plounéour-Ménez;48.1;
29204;Plounéventer;55.1;
29205;Plounévézel;60.9;
29206;Plounévez-Lochrist;41;
29207;Plourin-lès-Morlaix;103.5;
29208;Plourin;64.4;
29209;Plouvien;59;
29210;Plouvorn;48.8;
29211;Plouyé;69.4;
29212;Plouzané;50.6;
29213;Plouzévédé;43.8;
29214;Plovan;65.8;
29215;Plozévet;66.1;
29216;Pluguffan;74.7;
29217;Pont-Aven;62.7;
29218;Pont-Croix;50;
29220;Pont-l'Abbé;51.2;
29221;Porspoder;66.7;*
29222;Port-Launay;84.5;
29224;Pouldergat;60.7;
29225;Pouldreuzic;48.5;
29226;Poullan-sur-Mer;53.4;
29227;Poullaouen;80.2;
29228;Primelin;126.2;
29229;Quéménéven;82;
29230;Querrien;72.3;
29232;Quimper;56.9;
29233;Quimperlé;77.8;
29234;Rédené;53.8;
29235;Le Relecq-Kerhuon;1.6;
29236;Riec-sur-Bélon;73.4;
29237;La Roche-Maurice;18.7;
29238;Roscanvel;15.4;
29239;Roscoff;19.5;
29240;Rosnoën;61.7;
29241;Rosporden;85.7;
29243;Saint-Coulitz;42;
29244;Saint-Derrien;82;
29245;Saint-Divy;57.9;
29246;Saint-Eloy;55.1;
29247;Saint-Évarzec;78.1;
29248;Saint-Frégant;51.7;
29249;Saint-Goazec;78.5;
29250;Saint-Hernin;53;
29251;Saint-Jean-du-Doigt;84.2;
29252;Saint-Jean-Trolimon;68.5;
29254;Saint-Martin-des-Champs;73.5;
29255;Saint-Méen;63.6;
29256;Saint-Nic;60;
29257;Saint-Pabu;47.7;
29259;Saint-Pol-de-Léon;23.7;
29260;Saint-Renan;50.4;
29261;Saint-Rivoal;90.5;
29262;Saint-Sauveur;75.6;
29263;Saint-Ségal;78.3;
29264;Saint-Servais;69.9;
29265;Sainte-Sève;56.8;*
29266;Saint-Thégonnec Loc-Eguiner;81.4;
29267;Saint-Thois;65.3;
29268;Saint-Thonan;60.2;
29269;Saint-Thurien;76.4;
29270;Saint-Urbain;76.5;
29271;Saint-Vougay;48;
29272;Saint-Yvi;52;
29273;Santec;17.5;
29274;Scaër;71.8;
29275;Scrignac;95.1;
29276;Sibiril;40.9;
29277;Sizun;65.9;
29278;Spézet;74.6;
29279;Taulé;56.4;
29280;Telgruc-sur-Mer;99.5;
29281;Tourch;67.3;
29282;Trébabu;40.6;
29284;Treffiagat;70;
29285;Tréflaouénan;28.7;
29286;Tréflévénez;72.1;
29287;Tréflez;38.3;
29288;Trégarantec;54.9;
29289;Trégarvan;103.6;
29290;Tréglonou;62.9;
29291;Trégourez;83.6;
29292;Tréguennec;91.1;
29293;Trégunc;72;
29294;Le Tréhou;57.6;
29295;Trémaouézan;65.8;
29296;Tréméoc;45.5;
29297;Tréméven;86.8;
29298;Tréogat;41;
29299;Tréouergat;82.8;
29300;Le Trévoux;74;
29301;Trézilidé;49.6;
29302;Pont-de-Buis-lès-Quimerch;66.5;
2A001;Afa;37.4;
2A004;Ajaccio;43.1;
2A006;Alata;75.8;
2A008;Albitreccia;26.7;
2A011;Altagène;1.6;*
2A014;Ambiegna;125.6;
2A017;Appietto;94.7;
2A018;Arbellara;76.9;
2A019;Arbori;101.1;
2A021;Argiusta-Moriccio;89.5;
2A022;Arro;71.5;
2A024;Aullène;195.1;
2A026;Azilone-Ampaza;130.7;
2A027;Azzana;53.3;
2A028;Balogna;65.3;
2A031;Bastelica;67.3;
2A032;Bastelicaccia;31;
2A035;Belvédère-Campomoro;46.6;
2A038;Bilia;N/A - division par 0;
2A040;Bocognano;70.8;
2A041;Bonifacio;58.4;
2A048;Calcatoggio;80.5;
2A056;Campo;226.2;
2A060;Cannelle;111;
2A061;Carbini;32.5;
2A062;Carbuccia;31.6;
2A064;Cardo-Torgia;50.8;
2A065;Cargèse;73;
2A066;Cargiaca;113.6;
2A070;Casaglione;24.6;
2A071;Casalabriva;105.9;
2A085;Cauro;40.7;
2A089;Ciamannacce;45.7;
2A090;Coggia;69.9;
2A091;Cognocoli-Monticchi;42.2;
2A092;Conca;91;
2A094;Corrano;41.6;
2A098;Coti-Chiavari;78.9;
2A099;Cozzano;70.8;
2A100;Cristinacce;68.5;*
2A103;Cuttoli-Corticchiato;31.1;
2A104;Eccica-Suarella;14.8;
2A108;Évisa;63.2;
2A114;Figari;44.2;
2A115;Foce;1.5;
2A117;Forciolo;55.5;
2A118;Fozzano;70.2;
2A119;Frasseto;210;
2A127;Giuncheto;50.4;
2A128;Granace;18;
2A129;Grossa;49.9;
2A130;Grosseto-Prugna;40.6;
2A131;Guagno;139.7;
2A132;Guargualé;73.7;
2A133;Guitera-les-Bains;79;
2A139;Lecci;37.5;
2A141;Letia;145.9;
2A142;Levie;50.1;
2A144;Lopigna;91;
2A146;Loreto-di-Tallano;140.7;
2A154;Marignana;57.4;
2A158;Mela;15;
2A160;Moca-Croce;65.7;
2A163;Monacia-d'Aullène;70.4;
2A174;Murzo;48.2;
2A181;Ocana;54.2;
2A186;Olivese;104.6;
2A189;Olmeto;50.1;
2A191;Olmiccia;57.8;
2A196;Orto;119.7;
2A197;Osani;290.1;
2A198;Ota;99.1;
2A200;Palneca;96.9;
2A203;Partinello;124.2;
2A204;Pastricciola;75;
2A209;Peri;25.5;
2A211;Petreto-Bicchisano;67.9;
2A212;Piana;67;
2A215;Pianottoli-Caldarello;56.7;
2A228;Pietrosella;32.3;
2A232;Pila-Canale;33.7;*
2A240;Poggiolo;100.4;
2A247;Porto-Vecchio;48.9;
2A249;Propriano;25.6;
2A253;Quasquara;197.9;
2A254;Quenza;77.4;
2A258;Renno;48.4;
2A259;Rezza;N/A - division par 0;
2A262;Rosazia;50.7;
2A266;Salice;8.4;
2A268;Sampolo;73.2;*
2A269;Sari-Solenzara;29.8;
2A270;Sari-d'Orcino;54;
2A271;Sarrola-Carcopino;59.4;
2A272;Sartène;54.3;
2A276;Serra-di-Ferro;57.6;
2A278;Serra-di-Scopamène;152.1;
2A279;Serriera;128.8;
2A282;Soccia;39.6;
2A284;Sollacaro;62.4;
2A285;Sorbollano;92.5;
2A288;Sotta;53.6;
2A295;Sant'Andréa-d'Orcino;102.2;
2A300;San-Gavino-di-Carbini;47.5;
2A308;Sainte-Lucie-de-Tallano;38.1;
2A310;Santa-Maria-Figaniella;178;
2A312;Santa-Maria-Siché;24.6;
2A322;Tasso;36.6;*
2A323;Tavaco;53.1;
2A324;Tavera;58.6;
2A326;Tolla;31.4;
2A330;Ucciani;54.8;
2A331;Urbalacone;102;
2A336;Valle-di-Mezzana;92.2;
2A345;Vero;23.2;
2A348;Vico;71.3;
2A349;Viggianello;64.2;
2A351;Villanova;65.3;
2A357;Zérubia;87.3;
2A358;Zévaco;138.5;
2A359;Zicavo;88.7;
2A360;Zigliara;108.6;
2A362;Zonza;41;
2A363;Zoza;N/A - division par 0;
2B002;Aghione;37;
2B003;Aiti;78.9;
2B005;Alando;48.9;
2B007;Albertacce;62.2;
2B009;Aléria;53.8;
2B010;Algajola;N/A - division par 0;
2B012;Altiani;46;
2B013;Alzi;N/A - division par 0;
2B015;Ampriani;N/A - division par 0;
2B016;Antisanti;24.6;
2B020;Aregno;40.1;
2B023;Asco;188.4;
2B025;Avapessa;43.4;
2B029;Barbaggio;11.2;
2B030;Barrettali;5;
2B033;Bastia;19.5;
2B034;Belgodère;19.1;
2B036;Bigorno;80.7;
2B037;Biguglia;18.4;
2B039;Bisinchi;57;
2B042;Borgo;34.8;
2B043;Brando;100.3;
2B045;Bustanico;69.1;
2B046;Cagnano;46.5;
2B047;Calacuccia;91.7;
2B049;Calenzana;52.5;
2B050;Calvi;13.4;
2B051;Cambia;104.1;
2B052;Campana;31.5;
2B053;Campi;45.7;
2B054;Campile;13.4;
2B055;Campitello;81.4;
2B057;Canale-di-Verde;44;
2B058;Canari;103.3;
2B059;Canavaggia;116;
2B063;Carcheto-Brustico;1475.1;
2B067;Carpineto;67.6;*
2B068;Carticasi;166.8;
2B069;Casabianca;67.9;
2B072;Casalta;54.8;
2B073;Casamaccioli;48.7;
2B074;Casanova;74.5;
2B075;Casevecchie;58.9;
2B077;Castellare-di-Casinca;22.5;
2B078;Castellare-di-Mercurio;N/A - division par 0;
2B079;Castello-di-Rostino;86.1;
2B080;Castifao;113.4;
2B081;Castiglione;67.6;
2B082;Castineta;29.9;
2B083;Castirla;62.9;
2B084;Cateri;67.5;
2B086;Centuri;N/A - division par 0;
2B087;Cervione;26.6;*
2B088;Chiatra;48;
2B093;Corbara;41.9;
2B095;Corscia;156.5;
2B096;Corte;64.6;
2B097;Costa;N/A - division par 0;
2B101;Croce;47.7;
2B102;Crocicchia;40;
2B105;Erbajolo;69.4;
2B106;Érone;N/A - division par 0;
2B107;Ersa;31.5;
2B109;Farinole;24.3;*
2B110;Favalello;58.4;
2B111;Felce;9.6;
2B112;Feliceto;37.4;
2B113;Ficaja;N/A - division par 0;
2B116;Focicchia;N/A - division par 0;
2B120;Furiani;35;
2B121;Galéria;87.9;
2B122;Gavignano;69.5;
2B123;Ghisonaccia;44.6;
2B124;Ghisoni;78.1;
2B125;Giocatojo;84.3;
2B126;Giuncaggio;61.4;
2B134;L'Île-Rousse;N/A - division par 0;
2B135;Isolaccio-di-Fiumorbo;42.4;
2B136;Lama;81.3;
2B137;Lano;N/A - division par 0;
2B138;Lavatoggio;83.8;
2B140;Lento;97.2;
2B143;Linguizzetta;43.4;
2B145;Loreto-di-Casinca;58.1;*
2B147;Lozzi;55;
2B148;Lucciana;61.2;
2B149;Lugo-di-Nazza;42.6;
2B150;Lumio;82.4;
2B152;Luri;28;
2B153;Manso;106.7;
2B155;Matra;82.7;
2B156;Mausoléo;100.5;
2B157;Mazzola;16.9;
2B159;Meria;4.1;
2B161;Moïta;33.7;
2B162;Moltifao;133.4;
2B164;Monacia-d'Orezza;49.4;
2B165;Moncale;31;
2B166;Monte;32.3;
2B167;Montegrosso;48.3;
2B168;Monticello;57.4;
2B169;Morosaglia;73.5;
2B170;Morsiglia;5.8;
2B171;Muracciole;58.6;
2B172;Murato;52.2;*
2B173;Muro;40.7;
2B175;Nessa;132.9;
2B176;Nocario;N/A - division par 0;
2B177;Noceta;65.8;
2B178;Nonza;N/A - division par 0;
2B179;Novale;76.7;*
2B180;Novella;75.7;
2B182;Occhiatana;60.2;
2B183;Ogliastro;N/A - division par 0;
2B184;Olcani;76.6;
2B185;Oletta;65.5;
2B187;Olmeta-di-Capocorso;137.4;
2B188;Olmeta-di-Tuda;34;
2B190;Olmi-Cappella;112.7;
2B192;Olmo;N/A - division par 0;
2B193;Omessa;104;
2B194;Ortale;56.4;
2B195;Ortiporio;105.7;
2B199;Palasca;118.7;
2B201;Pancheraccia;38.7;
2B202;Parata;N/A - division par 0;
2B205;Patrimonio;24.2;
2B206;Penta-Acquatella;81.4;
2B207;Penta-di-Casinca;23;
2B208;Perelli;33.3;
2B210;Pero-Casevecchie;74.6;
2B213;Pianello;57.2;
2B214;Piano;N/A - division par 0;
2B216;Piazzali;N/A - division par 0;
2B217;Piazzole;19.1;
2B218;Piedicorte-di-Gaggio;33.3;
2B219;Piedicroce;59.2;
2B220;Piedigriggio;61.2;
2B221;Piedipartino;N/A - division par 0;
2B222;Pie-d'Orezza;3.4;
2B223;Pietralba;99.5;
2B224;Pietracorbara;38.4;
2B225;Pietra-di-Verde;40.5;
2B226;Pietraserena;N/A - division par 0;
2B227;Pietricaggio;38.3;
2B229;Pietroso;44.4;
2B230;Piève;54.2;
2B231;Pigna;12.4;
2B233;Pino;20.1;
2B234;Piobetta;9.1;
2B235;Pioggiola;50.1;
2B236;Poggio-di-Nazza;21.2;
2B238;Poggio-di-Venaco;85.3;
2B239;Poggio-d'Oletta;20.5;
2B241;Poggio-Marinaccio;15.3;
2B242;Poggio-Mezzana;34.3;
2B243;Polveroso;3.3;
2B244;Popolasca;158.3;
2B245;Porri;91.2;
2B246;La Porta;40.9;
2B248;Prato-di-Giovellina;51.2;
2B250;Prunelli-di-Casacconi;211.1;
2B251;Prunelli-di-Fiumorbo;48.4;
2B252;Pruno;28;
2B255;Quercitello;35.1;
2B256;Rapaggio;31.9;
2B257;Rapale;28.4;
2B260;Riventosa;30;
2B261;Rogliano;45.4;
2B263;Rospigliani;N/A - division par 0;
2B264;Rusio;113.3;
2B265;Rutali;110.8;
2B267;Saliceto;84.3;
2B273;Scata;8;
2B274;Scolca;N/A - division par 0;
2B275;Sermano;26.4;
2B277;Serra-di-Fiumorbo;39.4;
2B280;Silvareccio;59.3;
2B281;Sisco;19.1;
2B283;Solaro;11.7;
2B286;Sorbo-Ocagnano;18.8;
2B287;Sorio;42.2;
2B289;Soveria;0;
2B290;Speloncato;59;
2B291;Stazzona;N/A - division par 0;
2B292;Sant'Andréa-di-Bozio;N/A - division par 0;
2B293;Sant'Andréa-di-Cotone;94.8;
2B296;Sant'Antonino;33;
2B297;San-Damiano;82;
2B298;Saint-Florent;21.5;*
2B299;San-Gavino-d'Ampugnani;52.8;
2B301;San-Gavino-di-Tenda;67.6;
2B302;San-Giovanni-di-Moriani;25.7;
2B303;San-Giuliano;31.6;
2B304;San-Lorenzo;114;
2B305;San-Martino-di-Lota;121.1;*
2B306;Santa-Lucia-di-Mercurio;41.3;
2B307;Santa-Lucia-di-Moriani;20.3;
2B309;Santa-Maria-di-Lota;N/A - division par 0;
2B311;Santa-Maria-Poggio;17.2;
2B313;San-Nicolao;27.6;
2B314;Santo-Pietro-di-Tenda;92.1;
2B315;Santo-Pietro-di-Venaco;83.7;
2B316;Santa-Reparata-di-Balagna;29.4;
2B317;Santa-Reparata-di-Moriani;38.2;
2B318;Taglio-Isolaccio;72;
2B319;Talasani;25.3;
2B320;Tallone;47.7;
2B321;Tarrano;2;*
2B327;Tomino;30.8;
2B328;Tox;57.1;
2B329;Tralonca;69.2;
2B332;Urtaca;43.7;
2B333;Vallecalle;65.5;
2B334;Valle-d'Alesani;47;
2B335;Valle-di-Campoloro;10.6;
2B337;Valle-di-Rostino;83.6;
2B338;Valle-d'Orezza;56.5;
2B339;Vallica;49.4;*
2B340;Velone-Orneto;65.1;
2B341;Venaco;69;
2B342;Ventiseri;39.4;
2B343;Venzolasca;33.9;
2B344;Verdèse;72.6;
2B346;Vescovato;21.2;
2B347;Vezzani;52.5;
2B350;Vignale;35.8;
2B352;Ville-di-Paraso;52;
2B353;Ville-di-Pietrabugno;31.6;
2B354;Vivario;123.2;
2B355;Volpajola;59.8;
2B356;Zalana;43.6;
2B361;Zilia;24.4;
2B364;Zuani;73.5;
2B365;San-Gavino-di-Fiumorbo;57.9;
2B366;Chisa;N/A - division par 0;
30001;Aigaliers;29;
30002;Aigremont;34.8;
30003;Aigues-Mortes;82.3;
30004;Aigues-Vives;19.2;
30005;Aiguèze;8.4;
30006;Aimargues;43;
30007;Alès;31.1;
30008;Allègre-les-Fumades;36;*
30009;Alzon;88.3;
30010;Anduze;11;
30011;Les Angles;58.5;
30012;Aramon;22.3;
30013;Argilliers;68.4;
30014;Arpaillargues-et-Aureillac;22.7;
30015;Arphy;5.1;
30016;Arre;49.9;
30017;Arrigas;59;
30018;Aspères;10.9;
30019;Aubais;11.7;
30020;Aubord;24.9;
30021;Aubussargues;30.9;
30022;Aujac;27.9;
30023;Aujargues;10.8;
30024;Aulas;11;
30025;Aumessas;N/A - division par 0;
30026;Avèze;2.4;
30027;Bagard;24.3;
30028;Bagnols-sur-Cèze;24.6;
30029;Barjac;43;
30030;Baron;45.8;
30031;La Bastide-d'Engras;9.9;
30032;Beaucaire;32.5;
30033;Beauvoisin;16.1;
30034;Bellegarde;28.6;
30035;Belvézet;54.2;
30036;Bernis;26.6;
30037;Bessèges;10.4;
30038;Bez-et-Esparon;58.5;
30039;Bezouce;30.1;
30040;Blandas;181.7;
30041;Blauzac;43.5;
30042;Boisset-et-Gaujac;18.6;
30043;Boissières;2.8;
30044;Bonnevaux;16.8;
30045;Bordezac;0;
30046;Boucoiran-et-Nozières;34.2;
30047;Bouillargues;22;
30048;Bouquet;44.4;
30049;Bourdic;48.9;
30050;Bragassargues;28.9;
30051;Branoux-les-Taillades;3.3;
30052;Bréau-Mars;21.4;
30053;Brignon;15;
30054;Brouzet-lès-Quissac;13.9;
30055;Brouzet-lès-Alès;59.8;
30056;La Bruguière;45.7;
30057;Cabrières;21.8;
30058;La Cadière-et-Cambo;7.7;
30059;Le Cailar;35.5;
30060;Caissargues;30.6;
30061;La Calmette;25.9;
30062;Calvisson;26.4;
30064;Campestre-et-Luc;140;
30065;Canaules-et-Argentières;24.7;
30066;Cannes-et-Clairan;13.2;
30067;La Capelle-et-Masmolène;50.7;
30068;Cardet;12;
30069;Carnas;16.7;
30070;Carsan;23.4;
30071;Cassagnoles;18.3;
30072;Castelnau-Valence;26;
30073;Castillon-du-Gard;16;
30074;Causse-Bégon;142.5;
30075;Caveirac;15.2;
30076;Cavillargues;20.8;
30077;Cendras;35.9;
30079;Chambon;9.2;
30080;Chamborigaud;19;
30081;Chusclan;14.3;
30082;Clarensac;14.8;
30083;Codognan;30.4;
30084;Codolet;13.4;
30085;Collias;58;
30086;Collorgues;23.7;
30087;Colognac;81.4;
30088;Combas;21.4;
30089;Comps;32.8;
30090;Concoules;23.7;
30091;Congénies;28.1;
30092;Connaux;58.9;
30093;Conqueyrac;55;
30094;Corbès;197;
30095;Corconne;10;
30096;Cornillon;27.2;
30097;Courry;90.3;
30098;Crespian;11.4;
30099;Cros;8.1;*
30100;Cruviers-Lascours;21;
30101;Deaux;59;
30102;Dions;15;
30103;Domazan;29.9;
30104;Domessargues;19.6;
30105;Dourbies;99.2;
30106;Durfort-et-Saint-Martin-de-Sossenac;13.6;
30107;Estézargues;25.9;
30108;L'Estréchure;50;
30109;Euzet;15.6;
30110;Flaux;55.2;
30111;Foissac;29.1;
30112;Fons;12.8;*
30113;Fons-sur-Lussan;21.4;
30114;Fontanès;14.3;
30115;Fontarèches;1.7;
30116;Fournès;31;
30117;Fourques;48.5;
30119;Fressac;91.3;
30120;Gagnières;42.2;
30121;Gailhan;15.5;
30122;Gajan;30.3;
30123;Gallargues-le-Montueux;10.9;
30124;Le Garn;29.8;
30125;Garons;22.8;
30126;Garrigues-Sainte-Eulalie;48.7;
30127;Gaujac;17.3;
30128;Générac;31.2;
30129;Générargues;5.6;
30130;Génolhac;79;
30131;Goudargues;23.1;
30132;La Grand-Combe;N/A - division par 0;
30133;Le Grau-du-Roi;62.4;
30134;Issirac;22.4;
30135;Jonquières-Saint-Vincent;23.8;
30136;Junas;16;
30137;Lamelouze;18.3;*
30138;Langlade;38;
30139;Lanuéjols;335.8;
30140;Lasalle;13.1;
30141;Laudun-l'Ardoise;22.7;
30142;Laval-Pradel;10.8;
30143;Laval-Saint-Roman;26.8;
30144;Lecques;31.2;
30145;Lédenon;42.1;
30146;Lédignan;20.6;
30147;Lézan;14.7;
30148;Liouc;45.2;
30149;Lirac;23.4;
30150;Logrian-Florian;84.6;
30151;Lussan;55.7;
30152;Les Mages;25.2;
30153;Malons-et-Elze;75.3;
30154;Mandagout;3.6;
30155;Manduel;17.8;
30156;Marguerittes;19.1;
30158;Martignargues;15;
30159;Le Martinet;N/A - division par 0;
30160;Maruéjols-lès-Gardon;28.9;
30161;Massanes;10.9;
30162;Massillargues-Attuech;17.6;
30163;Mauressargues;32.5;
30164;Méjannes-le-Clap;188.4;
30165;Méjannes-lès-Alès;1.9;
30166;Meynes;31.9;
30167;Meyrannes;N/A - division par 0;
30168;Mialet;10.5;
30169;Milhaud;29.5;
30170;Molières-Cavaillac;2.2;
30171;Molières-sur-Cèze;38.2;
30172;Monoblet;36.8;
30173;Mons;33;
30174;Montaren-et-Saint-Médiers;42.7;
30175;Montclus;27.1;
30176;Montdardier;119.2;
30177;Monteils;32.9;
30178;Montfaucon;26.1;
30179;Montfrin;21.8;
30180;Montignargues;61.3;
30181;Montmirat;26;
30182;Montpezat;15.6;
30183;Moulézan;18.1;
30184;Moussac;24.5;
30185;Mus;16.9;
30186;Nages-et-Solorgues;20;
30187;Navacelles;95.5;
30188;Ners;15.7;
30189;Nîmes;27.8;
30191;Orsan;29.5;
30192;Orthoux-Sérignac-Quilhan;63.4;
30193;Parignargues;45.7;
30194;Peyremale;12.6;
30195;Peyrolles;N/A - division par 0;
30196;Le Pin;8.9;
30197;Les Plans;77.2;
30198;Les Plantiers;60.6;
30199;Pommiers;119;
30200;Pompignan;34.2;
30201;Ponteils-et-Brésis;16.4;
30202;Pont-Saint-Esprit;21.9;
30203;Portes;27;
30204;Potelières;26.1;
30205;Pougnadoresse;43.4;
30206;Poulx;45;
30207;Pouzilhac;34.5;
30208;Puechredon;34.5;
30209;Pujaut;17.8;
30210;Quissac;19.5;
30211;Redessan;15.3;
30212;Remoulins;13.2;
30213;Revens;238.9;
30214;Ribaute-les-Tavernes;19.8;
30215;Rivières;34.7;
30216;Robiac-Rochessadoule;3.4;
30217;Rochefort-du-Gard;20.5;
30218;Rochegude;67;
30219;Rogues;591.2;
30220;Roquedur;4.6;
30221;Roquemaure;17.2;
30222;La Roque-sur-Cèze;19.4;
30223;Rousson;53.5;
30224;La Rouvière;50.2;
30225;Sabran;26.2;
30226;Saint-Alexandre;83;
30227;Saint-Ambroix;19.8;
30228;Sainte-Anastasie;40.5;*
30229;Saint-André-de-Majencoules;4.7;
30230;Saint-André-de-Roquepertuis;8.8;
30231;Saint-André-de-Valborgne;37;
30232;Saint-André-d'Olérargues;22.9;
30233;Saint-Bauzély;18.4;
30234;Saint-Bénézet;47.4;
30235;Saint-Bonnet-du-Gard;32.9;
30236;Saint-Bonnet-de-Salendrinque;101.2;
30237;Saint-Brès;2.1;*
30238;Saint-Bresson;0.2;
30239;Sainte-Cécile-d'Andorge;9.3;*
30240;Saint-Césaire-de-Gauzignan;19.5;
30241;Saint-Chaptes;65;
30242;Saint-Christol-de-Rodières;20.2;
30243;Saint-Christol-lez-Alès;21.4;
30244;Saint-Clément;14.2;
30245;Saint-Côme-et-Maruéjols;21.6;
30246;Sainte-Croix-de-Caderle;18.1;
30247;Saint-Denis;61.9;
30248;Saint-Dézéry;30.7;
30249;Saint-Dionisy;21.7;
30250;Saint-Étienne-de-l'Olm;8.2;
30251;Saint-Étienne-des-Sorts;21.9;
30252;Saint-Félix-de-Pallières;47.6;
30253;Saint-Florent-sur-Auzonnet;0.5;
30254;Saint-Geniès-de-Comolas;12.4;
30255;Saint-Geniès-de-Malgoirès;13.4;
30256;Saint-Gervais;19;
30257;Saint-Gervasy;14.5;
30258;Saint-Gilles;48;
30259;Saint-Hilaire-de-Brethmas;15.3;
30260;Saint-Hilaire-d'Ozilhan;11.5;
30261;Saint-Hippolyte-de-Caton;32.9;
30262;Saint-Hippolyte-de-Montaigu;11.6;
30263;Saint-Hippolyte-du-Fort;37;
30264;Saint-Jean-de-Ceyrargues;24.5;
30265;Saint-Jean-de-Crieulon;21;
30266;Saint-Jean-de-Maruéjols-et-Avéjan;65.4;
30267;Saint-Jean-de-Serres;19.7;
30268;Saint-Jean-de-Valériscle;4.3;
30269;Saint-Jean-du-Gard;10.5;
30270;Saint-Jean-du-Pin;3.2;
30271;Saint-Julien-de-Cassagnas;60.1;
30272;Saint-Julien-de-la-Nef;7.2;
30273;Saint-Julien-de-Peyrolas;16.6;
30274;Saint-Julien-les-Rosiers;40.1;
30275;Saint-Just-et-Vacquières;31.5;
30276;Saint-Laurent-d'Aigouze;37.2;
30277;Saint-Laurent-de-Carnols;21.9;
30278;Saint-Laurent-des-Arbres;14.9;
30279;Saint-Laurent-la-Vernède;16.5;
30280;Saint-Laurent-le-Minier;0.3;
30281;Saint-Mamert-du-Gard;106.8;
30282;Saint-Marcel-de-Careiret;29;
30283;Saint-Martial;13.6;
30284;Saint-Martin-de-Valgalgues;N/A - division par 0;
30285;Saint-Maurice-de-Cazevieille;20.8;
30286;Saint-Maximin;16.3;
30287;Saint-Michel-d'Euzet;21.3;
30288;Saint-Nazaire;15.6;
30289;Saint-Nazaire-des-Gardies;66.9;
30290;Saint-Paulet-de-Caisson;21.4;
30291;Saint-Paul-la-Coste;21.2;
30292;Saint-Pons-la-Calm;14.4;
30293;Saint-Privat-de-Champclos;20.6;
30294;Saint-Privat-des-Vieux;80.8;
30295;Saint-Quentin-la-Poterie;27;
30296;Saint-Roman-de-Codières;32.7;
30297;Saint-Sauveur-Camprieu;7.5;
30298;Saint-Sébastien-d'Aigrefeuille;4.7;
30299;Saint-Siffret;53.1;
30300;Saint-Théodorit;12;
30301;Saint-Victor-des-Oules;13.3;
30302;Saint-Victor-la-Coste;20.6;
30303;Saint-Victor-de-Malcap;45;
30304;Salazac;22.1;
30305;Salindres;43.8;
30306;Salinelles;19;
30307;Les Salles-du-Gardon;2.8;
30308;Sanilhac-Sagriès;45.8;
30309;Sardan;15.1;
30310;Saumane;118.7;
30311;Sauve;21.7;
30312;Sauveterre;25.1;
30313;Sauzet;62.6;
30314;Savignargues;31.3;
30315;Saze;17.8;
30316;Sénéchas;11.6;
30317;Sernhac;27;
30318;Servas;57.9;
30319;Serviers-et-Labaume;37.7;*
30320;Seynes;8.1;
30321;Sommières;22.6;
30322;Soudorgues;56.9;
30323;Soustelle;39.6;
30324;Souvignargues;12.4;
30325;Sumène;32.7;
30326;Tavel;19.2;
30327;Tharaux;N/A - division par 0;
30328;Théziers;23.1;
30329;Thoiras;7.5;
30330;Tornac;13.1;
30331;Tresques;25.7;
30332;Trèves;119.1;
30333;Uchaud;33.9;
30334;Uzès;25.5;
30335;Vabres;3.1;
30336;Vallabrègues;19.6;
30337;Vallabrix;19;
30338;Vallérargues;97;
30339;Val-d'Aigoual;44.4;
30340;Valliguières;34.3;
30341;Vauvert;28.6;
30342;Vénéjan;29;
30343;Verfeuil;31.1;
30344;Vergèze;44.9;
30345;La Vernarède;2.5;
30346;Vers-Pont-du-Gard;15.3;
30347;Vestric-et-Candiac;34.1;
30348;Vézénobres;9.3;
30349;Vic-le-Fesq;35;
30350;Le Vigan;19;
30351;Villeneuve-lès-Avignon;46.4;
30352;Villevieille;11.3;
30353;Vissec;243;
30354;Montagnac;25.7;
30355;Saint-Paul-les-Fonts;43.9;
30356;Rodilhan;50.5;
31001;Agassac;53.2;
31002;Aignes;185.5;
31003;Aigrefeuille;114.1;
31004;Ayguesvives;59.7;
31005;Alan;93;
31006;Albiac;77.9;
31007;Ambax;88.9;
31008;Anan;70.7;
31009;Antichan-de-Frontignes;28.1;
31010;Antignac;42;
31011;Arbas;17.1;
31012;Arbon;32.7;
31013;Ardiège;18.2;
31014;Arguenos;116.2;
31015;Argut-Dessous;18.7;
31017;Arlos;61.1;
31018;Arnaud-Guilhem;59.4;
31019;Artigue;24.5;
31020;Aspet;59.4;
31021;Aspret-Sarrat;3.4;
31022;Aucamville;N/A - division par 0;
31023;Aulon;61;
31024;Auragne;104.6;
31025;Aureville;86.2;
31026;Auriac-sur-Vendinelle;105.3;
31027;Auribail;72.6;
31028;Aurignac;34.4;
31029;Aurin;199.2;
31030;Ausseing;64.3;
31031;Ausson;50.1;
31032;Aussonne;43.5;
31033;Auterive;77.2;
31034;Auzas;20;
31035;Auzeville-Tolosane;61.4;
31036;Auzielle;72.6;
31037;Avignonet-Lauragais;101;
31038;Azas;70.8;
31039;Bachas;33.5;
31040;Bachos;18.9;
31041;Bagiry;63.3;
31042;Bagnères-de-Luchon;11.6;
31043;Balesta;34.9;
31044;Balma;109.1;
31045;Barbazan;18.8;
31046;Baren;N/A - division par 0;
31047;Bax;22.9;
31048;Baziège;87.8;
31049;Bazus;78.2;
31050;Beauchalot;113.4;
31051;Beaufort;31.5;
31052;Beaumont-sur-Lèze;92.3;
31053;Beaupuy;5.7;
31054;Beauteville;84.4;
31055;Beauville;27.7;
31056;Beauzelle;N/A - division par 0;
31057;Belberaud;73.4;
31058;Belbèze-de-Lauragais;29.3;
31059;Belbèze-en-Comminges;89;
31060;Bélesta-en-Lauragais;83.2;
31061;Bellegarde-Sainte-Marie;30.6;
31062;Bellesserre;88.2;
31063;Benque;53;
31064;Benque-Dessous-et-Dessus;63.5;
31065;Bérat;83.1;
31066;Bessières;25.1;
31067;Bezins-Garraux;15;
31068;Billière;24.2;*
31069;Blagnac;9.3;
31070;Blajan;47;
31071;Bois-de-la-Pierre;41.7;
31072;Boissède;106.5;
31073;Bondigoux;74.2;
31074;Bonrepos-Riquet;115.9;
31075;Bonrepos-sur-Aussonnelle;48.6;
31076;Bordes-de-Rivière;29.6;
31077;Le Born;23.8;
31078;Boudrac;29.9;
31079;Bouloc;24.3;
31080;Boulogne-sur-Gesse;47.1;
31081;Bourg-d'Oueil;331.7;
31082;Bourg-Saint-Bernard;87.4;
31083;Boussan;57.6;
31084;Boussens;14.8;
31085;Boutx;38;
31086;Bouzin;79.4;
31087;Bragayrac;45.2;
31088;Brax;20.6;
31089;Bretx;36.8;
31090;Brignemont;72.7;
31091;Bruguières;32;
31092;Burgalays;24.7;
31093;Le Burgaud;68.7;
31094;Buzet-sur-Tarn;69.4;
31095;Cabanac-Cazaux;47.2;
31096;Cabanac-Séguenville;61.2;
31097;Le Cabanial;158.4;
31098;Cadours;75.3;
31099;Caignac;123.2;
31100;Calmont;94.8;
31101;Cambernard;40.8;
31102;Cambiac;39.4;
31103;Canens;81.1;
31104;Capens;97.6;
31105;Caragoudes;64.9;
31106;Caraman;76.6;
31107;Carbonne;67.1;
31108;Cardeilhac;51.6;
31109;Cassagnabère-Tournas;53.1;
31110;Cassagne;74.9;
31111;Castagnac;72;
31112;Castagnède;53.6;
31113;Castanet-Tolosan;18.9;
31114;Castelbiague;59;
31115;Castelgaillard;50;
31116;Castelginest;63.6;
31117;Castelmaurou;39.3;
31118;Castelnau-d'Estrétefonds;41;
31119;Castelnau-Picampeau;15.9;
31120;Le Castéra;89.5;
31121;Castéra-Vignoles;102.6;
31122;Casties-Labrande;82.4;
31123;Castillon-de-Larboust;25.7;*
31124;Castillon-de-Saint-Martory;53.4;
31125;Cathervielle;N/A - division par 0;
31126;Caubiac;80.1;
31127;Caubous;N/A - division par 0;
31128;Caujac;19.3;
31129;Cazarilh-Laspènes;78.7;
31130;Cazaril-Tambourès;26.1;
31131;Cazaunous;23.5;
31132;Cazaux-Layrisse;11.4;
31133;Cazeaux-de-Larboust;85.5;
31134;Cazeneuve-Montaut;17.4;
31135;Cazères;98;
31136;Cépet;93.3;
31137;Cessales;94.1;
31138;Charlas;34.9;
31139;Chaum;33.4;
31140;Chein-Dessus;49.5;
31141;Ciadoux;20.1;
31142;Cier-de-Luchon;16.2;
31143;Cier-de-Rivière;30.2;
31144;Cierp-Gaud;35;
31145;Cintegabelle;85.1;
31146;Cirès;N/A - division par 0;
31147;Clarac;36.7;
31148;Clermont-le-Fort;74.7;
31149;Colomiers;7.2;
31150;Cornebarrieu;42.3;
31151;Corronsac;56.9;
31152;Coueilles;35.4;
31153;Couladère;N/A - division par 0;
31155;Couret;55;
31156;Cox;82.2;
31157;Cugnaux;16.4;
31158;Cuguron;35.8;
31159;Le Cuing;41.4;
31160;Daux;42.5;
31161;Deyme;44;
31162;Donneville;43.7;
31163;Drémil-Lafage;59.5;
31164;Drudas;63.2;
31165;Eaunes;34;
31166;Empeaux;81.2;
31167;Encausse-les-Thermes;91.6;
31168;Eoux;52.9;
31169;Escalquens;59.5;
31170;Escanecrabe;53.8;
31171;Espanès;38.7;
31172;Esparron;67.6;
31173;Esperce;68;
31174;Estadens;51.8;
31175;Estancarbon;66.3;
31176;Esténos;N/A - division par 0;
31177;Eup;3;
31178;Fabas;65.9;
31179;Le Faget;62.7;
31180;Falga;89.5;
31181;Le Fauga;17.4;
31182;Fenouillet;21.4;
31183;Figarol;36.3;
31184;Flourens;47.6;
31185;Folcarde;46.3;
31186;Fonbeauzard;N/A - division par 0;
31187;Fonsorbes;73.2;
31188;Fontenilles;49.8;
31189;Forgues;58.1;
31190;Fos;31;
31191;Fougaron;3;
31192;Fourquevaux;92.8;
31193;Le Fousseret;59.7;
31194;Francarville;111.8;
31195;Francazal;87;
31196;Francon;38.2;
31197;Franquevielle;47.9;
31198;Le Fréchet;59.7;
31199;Fronsac;46.6;*
31200;Frontignan-de-Comminges;29;
31201;Frontignan-Savès;55.4;
31202;Fronton;32.6;
31203;Frouzins;32;
31204;Fustignac;76.1;
31205;Gagnac-sur-Garonne;2.3;
31206;Gaillac-Toulza;73.1;
31207;Galié;15.8;
31208;Ganties;61;
31209;Garac;154.1;
31210;Gardouch;125.1;
31211;Gargas;42.4;
31212;Garidech;39.7;
31213;Garin;29;
31215;Gauré;108.4;
31216;Gémil;8.2;
31217;Génos;33.6;
31218;Gensac-de-Boulogne;50;
31219;Gensac-sur-Garonne;71.3;
31220;Gibel;140.2;
31221;Gouaux-de-Larboust;17.5;
31222;Gouaux-de-Luchon;26.1;
31223;Goudex;35.5;
31224;Gourdan-Polignan;78.1;
31225;Goutevernisse;42.4;*
31226;Gouzens;56.8;
31227;Goyrans;16.5;
31228;Gragnague;57.1;
31229;Gratens;37.3;
31230;Gratentour;18;
31231;Grazac;91.1;
31232;Grenade;51;
31233;Grépiac;74.5;
31234;Le Grès;114.3;
31235;Guran;41.6;
31236;Herran;46.6;
31237;His;48.6;
31238;Huos;44.8;
31239;L'Isle-en-Dodon;40.7;
31240;Issus;57.3;
31241;Izaut-de-l'Hôtel;40;
31242;Jurvielle;27.1;
31243;Juzes;104.6;
31244;Juzet-de-Luchon;37.3;
31245;Juzet-d'Izaut;45.7;*
31246;Labarthe-Inard;32.5;
31247;Labarthe-Rivière;66.5;
31248;Labarthe-sur-Lèze;5.6;
31249;Labastide-Beauvoir;56.4;
31250;Labastide-Clermont;45.2;
31251;Labastide-Paumès;75.2;
31252;Labastide-Saint-Sernin;N/A - division par 0;
31253;Labastidette;70.1;
31254;Labège;3.3;
31255;Labroquère;27.6;*
31256;Labruyère-Dorsa;26.6;
31258;Lacaugne;52.3;
31259;Lacroix-Falgarde;17;
31260;Laffite-Toupière;6.1;
31261;Lafitte-Vigordane;79.6;
31262;Lagarde;86.3;
31263;Lagardelle-sur-Lèze;115.7;
31264;Lagrâce-Dieu;113.9;
31265;Lagraulet-Saint-Nicolas;30.7;
31266;Lahage;53.2;
31267;Lahitère;79.6;
31268;Lalouret-Laffiteau;31.3;
31269;Lamasquère;66.9;
31270;Landorthe;27.1;
31271;Lanta;64.3;
31272;Lapeyrère;88.5;
31273;Lapeyrouse-Fossat;27.7;
31274;Larcan;31.9;
31275;Laréole;27.1;
31276;Larroque;35.7;
31277;Lasserre-Pradère;80;
31278;Latoue;36.7;
31279;Latour;43.5;
31280;Latrape;46.2;
31281;Launac;55;
31282;Launaguet;27.9;
31283;Lautignac;124.7;
31284;Lauzerville;16.8;
31285;Lavalette;76.8;
31286;Lavelanet-de-Comminges;69.1;
31287;Lavernose-Lacasse;67;
31288;Layrac-sur-Tarn;79.6;
31289;Lécussan;51.6;
31290;Lège;23.7;
31291;Léguevin;50.9;
31292;Lescuns;141.2;
31293;Lespinasse;3.7;
31294;Lespiteau;52.2;
31295;Lespugue;55.4;
31296;Lestelle-de-Saint-Martory;69;
31297;Lévignac;89.2;
31299;Lherm;54.1;
31300;Lieoux;89.7;
31301;Lilhac;43.5;
31302;Lodes;52.5;
31303;Longages;59.2;
31304;Loubens-Lauragais;76.9;*
31305;Loudet;19.9;
31306;Lourde;0;
31308;Luscan;81.5;
31309;Lussan-Adeilhac;90;
31310;Lux;69.8;
31311;La Magdelaine-sur-Tarn;47.5;
31312;Mailholas;63.8;
31313;Malvezie;33.6;
31314;Mancioux;61;
31315;Mane;6.9;
31316;Marignac;15.8;
31317;Marignac-Lasclares;120.6;
31318;Marignac-Laspeyres;65.3;
31319;Marliac;41.8;
31320;Marquefave;77.5;
31321;Marsoulas;40.9;
31322;Martisserre;74.4;
31323;Martres-de-Rivière;63;
31324;Martres-Tolosane;71.3;
31325;Mascarville;50.3;
31326;Massabrac;19.7;
31327;Mauran;N/A - division par 0;
31328;Mauremont;44.7;
31329;Maurens;84.3;
31330;Mauressac;37.2;
31331;Maureville;93.4;
31332;Mauvaisin;80.3;
31333;Mauvezin;59.2;
31334;Mauzac;75.9;
31335;Mayrègne;62.3;
31336;Mazères-sur-Salat;110.1;
31337;Melles;33.3;
31338;Menville;59.5;
31339;Mérenvielle;85.9;
31340;Mervilla;90;
31341;Merville;40;
31342;Milhas;16;
31343;Mirambeau;141.3;
31344;Miramont-de-Comminges;34.8;
31345;Miremont;65.7;
31346;Mirepoix-sur-Tarn;61.2;
31347;Molas;35.5;
31348;Moncaup;29.9;
31349;Mondavezan;65.8;
31350;Mondilhan;53.4;
31351;Mondonville;37.4;
31352;Mondouzil;137.4;
31353;Monès;82.6;
31354;Monestrol;118.2;
31355;Mons;43.3;
31356;Montaigut-sur-Save;20.3;
31357;Montastruc-de-Salies;65;
31358;Montastruc-la-Conseillère;81.9;
31359;Montastruc-Savès;66.2;
31360;Montauban-de-Luchon;20.9;
31361;Montaut;142.5;
31362;Montberaud;76.2;
31363;Montbernard;48.1;
31364;Montberon;59.2;
31365;Montbrun-Bocage;31.9;
31366;Montbrun-Lauragais;46.8;
31367;Montclar-de-Comminges;32.7;
31368;Montclar-Lauragais;105.4;
31369;Mont-de-Galié;N/A - division par 0;
31370;Montégut-Bourjac;146.3;
31371;Montégut-Lauragais;71.2;
31372;Montespan;57.1;
31373;Montesquieu-Guittaut;68.4;
31374;Montesquieu-Lauragais;84.3;
31375;Montesquieu-Volvestre;50.5;
31376;Montgaillard-de-Salies;81;
31377;Montgaillard-Lauragais;54.5;
31378;Montgaillard-sur-Save;40.7;
31379;Montgazin;263.8;
31380;Montgeard;125;
31381;Montgiscard;104.9;
31382;Montgras;82.8;
31383;Montjoire;44.8;
31384;Montlaur;45;
31385;Montmaurin;25.8;
31386;Montoulieu-Saint-Bernard;42.6;
31387;Montoussin;40.6;
31388;Montpitol;231.9;
31389;Montrabé;35.1;
31390;Montréjeau;80.5;
31391;Montsaunès;76.3;
31392;Mourvilles-Basses;65.7;
31393;Mourvilles-Hautes;99.5;
31394;Moustajon;26.6;
31395;Muret;60.8;
31396;Nailloux;77.9;
31397;Nénigan;119.9;
31398;Nizan-Gesse;37;
31399;Noé;32.6;
31400;Nogaret;33.9;
31401;Noueilles;79.9;
31402;Odars;31.7;
31403;Ondes;51;
31404;Oô;18;
31405;Ore;26.1;
31406;Palaminy;47.5;
31407;Paulhac;40.6;
31408;Payssous;34.8;
31409;Péchabou;111;
31410;Pechbonnieu;40.5;
31411;Pechbusque;6.9;
31412;Péguilhan;54.2;
31413;Pelleport;39.4;
31414;Peyrissas;58.5;
31415;Peyrouzet;144.2;
31416;Peyssies;48.7;*
31417;Pibrac;89.2;*
31418;Pin-Balma;16.5;
31419;Le Pin-Murelet;49.2;
31420;Pinsaguel;2.7;
31421;Pins-Justaret;71.7;
31422;Plagne;77.8;
31423;Plagnole;75.4;
31424;Plaisance-du-Touch;40.6;
31425;Le Plan;105.9;
31426;Pointis-de-Rivière;73.4;
31427;Pointis-Inard;41.7;
31428;Polastron;34.9;
31429;Pompertuzat;89.7;
31430;Ponlat-Taillebourg;24.6;
31431;Portet-d'Aspet;27.6;
31432;Portet-de-Luchon;56.8;
31433;Portet-sur-Garonne;40.4;
31434;Poubeau;8;
31435;Poucharramet;49.9;
31436;Pouy-de-Touges;69;
31437;Pouze;69.5;
31439;Préserville;87;
31440;Proupiary;76;
31441;Prunet;84.5;
31442;Puydaniel;56.6;
31443;Puymaurin;54.2;
31444;Puysségur;44;
31445;Quint-Fonsegrives;41.2;
31446;Ramonville-Saint-Agne;21.2;
31447;Razecueillé;1;
31448;Rebigue;143.5;
31449;Régades;15.4;
31450;Renneville;40.3;
31451;Revel;51.4;
31452;Rieucazé;24.4;
31453;Rieumajou;153.8;
31454;Rieumes;43.4;
31455;Rieux-Volvestre;78.2;
31456;Riolas;86;
31457;Roquefort-sur-Garonne;44;
31458;Roques;4.3;
31459;Roquesérière;150.7;
31460;Roquettes;67.4;
31461;Rouède;29.2;
31462;Rouffiac-Tolosan;12.9;
31463;Roumens;43.9;
31464;Sabonnères;57.8;
31465;Saccourvielle;61.1;
31466;Saiguède;54.6;*
31467;Saint-Alban;2;
31468;Saint-André;65;
31469;Saint-Araille;136.5;
31470;Saint-Aventin;7.4;
31471;Saint-Béat-Lez;76;
31472;Saint-Bertrand-de-Comminges;25.7;
31473;Saint-Cézert;60.3;
31474;Saint-Christaud;100.8;
31475;Saint-Clar-de-Rivière;122.7;
31476;Saint-Élix-le-Château;40.6;
31477;Saint-Élix-Séglan;229.7;
31478;Saint-Félix-Lauragais;73.7;
31479;Saint-Ferréol-de-Comminges;129.7;
31480;Sainte-Foy-d'Aigrefeuille;42;
31481;Sainte-Foy-de-Peyrolières;54.5;
31482;Saint-Frajou;76.9;
31483;Saint-Gaudens;40.2;
31484;Saint-Geniès-Bellevue;15.9;
31485;Saint-Germier;92.7;
31486;Saint-Hilaire;100.1;
31487;Saint-Ignan;70.9;
31488;Saint-Jean;3.2;
31489;Saint-Jean-Lherm;61.8;
31490;Saint-Jory;25.9;
31491;Saint-Julia;52.7;
31492;Saint-Julien-sur-Garonne;104.7;
31493;Saint-Lary-Boujean;70;
31494;Saint-Laurent;76.1;
31495;Saint-Léon;85.2;
31496;Sainte-Livrade;102.9;
31497;Saint-Loup-Cammas;73.6;
31498;Saint-Loup-en-Comminges;55.3;
31499;Saint-Lys;86.4;
31500;Saint-Mamet;N/A - division par 0;
31501;Saint-Marcel-Paulel;71.9;
31502;Saint-Marcet;43.4;
31503;Saint-Martory;73.3;
31504;Saint-Médard;72.6;
31505;Saint-Michel;35.9;
31506;Saint-Orens-de-Gameville;64.3;
31507;Saint-Paul-sur-Save;47.1;
31508;Saint-Paul-d'Oueil;11.5;
31509;Saint-Pé-d'Ardet;69.2;
31510;Saint-Pé-Delbosc;40.6;
31511;Saint-Pierre;81.8;
31512;Saint-Pierre-de-Lages;75.9;
31513;Saint-Plancard;32.2;
31514;Saint-Rome;386.3;
31515;Saint-Rustice;70.4;
31516;Saint-Sauveur;24.4;
31517;Saint-Sulpice-sur-Lèze;57.8;
31518;Saint-Thomas;56.6;
31519;Saint-Vincent;52.6;
31520;Sajas;69.1;
31521;Saleich;53.8;
31522;Salerm;80.9;
31523;Salies-du-Salat;29.2;
31524;Salles-et-Pratviel;29.1;
31525;Salles-sur-Garonne;55.2;
31526;La Salvetat-Saint-Gilles;N/A - division par 0;
31527;La Salvetat-Lauragais;30.5;
31528;Saman;43.6;
31529;Samouillan;33.3;
31530;Sana;38.2;*
31531;Sarrecave;27.5;
31532;Sarremezan;133.6;
31533;Saubens;95.7;
31534;Saussens;38.8;*
31535;Sauveterre-de-Comminges;43.9;
31536;Saux-et-Pomarède;51.4;
31537;Savarthès;47.5;
31538;Savères;57;
31539;Sédeilhac;23.8;
31540;Ségreville;82.4;
31541;Seilh;22.5;
31542;Seilhan;16;
31543;Sénarens;87.9;
31544;Sengouagnet;15.8;
31545;Sepx;60.5;
31546;Seyre;57.6;
31547;Seysses;43.7;
31548;Signac;N/A - division par 0;
31549;Sode;40.4;
31550;Soueich;51.1;
31551;Tarabel;84.7;
31552;Terrebasse;49.8;
31553;Thil;55.7;
31554;Touille;61.3;
31555;Toulouse;52.4;
31556;Les Tourreilles;40.6;
31557;Tournefeuille;7.3;
31558;Toutens;130.8;
31559;Trébons-de-Luchon;N/A - division par 0;
31560;Trébons-sur-la-Grasse;89;
31561;L'Union;10.6;
31562;Urau;59.9;
31563;Vacquiers;49.3;
31564;Valcabrère;39.9;
31565;Valentine;81.2;
31566;Vallègue;127.7;
31567;Vallesvilles;69.4;
31568;Varennes;N/A - division par 0;
31569;Vaudreuille;23.5;
31570;Vaux;97.6;
31571;Vendine;104.5;*
31572;Venerque;73.4;
31573;Verfeil;50.7;
31574;Vernet;65.5;
31575;Vieille-Toulouse;13.5;
31576;Vieillevigne;N/A - division par 0;
31577;Vignaux;106.5;
31578;Vigoulet-Auzil;N/A - division par 0;
31579;Villariès;90.8;
31580;Villate;34.6;
31581;Villaudric;25.1;
31582;Villefranche-de-Lauragais;65.8;
31583;Villematier;47.4;
31584;Villemur-sur-Tarn;53.1;
31585;Villeneuve-de-Rivière;38.6;
31586;Villeneuve-Lécussan;38.3;
31587;Villeneuve-lès-Bouloc;58;
31588;Villeneuve-Tolosane;3.6;
31589;Villenouvelle;79.8;
31590;Binos;16;
31591;Escoulis;53.5;
31592;Larra;52.3;
31593;Cazac;60.2;
32001;Aignan;56.6;
32002;Ansan;51.3;
32003;Antras;72.8;
32004;Arblade-le-Bas;60.1;
32005;Arblade-le-Haut;51;
32007;Ardizas;45.5;
32008;Armentieux;52.6;
32009;Armous-et-Cau;129.6;
32010;Arrouède;55.1;
32012;Aubiet;77.3;
32013;Auch;49.9;
32014;Augnax;79.2;
32015;Aujan-Mournède;46.3;
32016;Auradé;84.1;
32017;Aurensan;82.6;
32018;Aurimont;78;
32019;Auterive;114.2;
32020;Aux-Aussat;54.8;
32021;Avensac;48.2;
32022;Avéron-Bergelle;58;
32023;Avezan;85.6;
32024;Ayguetinte;64.9;
32025;Ayzieu;42.1;
32026;Bajonnette;86.1;
32027;Barcelonne-du-Gers;56.3;
32028;Barcugnan;54;*
32029;Barran;84.8;
32030;Bars;67.4;
32031;Bascous;30.1;
32032;Bassoues;80.5;
32033;Bazian;115;
32034;Bazugues;25.8;
32035;Beaucaire;70.1;
32036;Beaumarchés;64;
32037;Beaumont;48.2;
32038;Beaupuy;78.4;
32039;Beccas;56.2;
32040;Bédéchan;81.3;
32041;Bellegarde;41.4;
32042;Belloc-Saint-Clamens;95.9;
32043;Belmont;102.5;
32044;Béraut;82.5;
32045;Berdoues;37.2;
32046;Bernède;40.1;
32047;Berrac;125.1;
32048;Betcave-Aguin;71.4;
32049;Bétous;54;
32050;Betplan;50.6;
32051;Bézéril;96.7;
32052;Bezolles;51;
32053;Bézues-Bajon;47.1;
32054;Biran;81.8;
32055;Bivès;56.7;
32056;Blanquefort;90.7;
32057;Blaziert;82.3;
32058;Blousson-Sérian;106.2;
32059;Bonas;58.5;*
32060;Boucagnères;29.7;
32061;Boulaur;60.6;
32062;Bourrouillan;111.1;
32063;Bouzon-Gellenave;39.1;
32064;Bretagne-d'Armagnac;76.9;
32065;Le Brouilh-Monbert;76.1;
32066;Brugnens;89.5;
32067;Cabas-Loumassès;48;
32068;Cadeilhan;87.5;
32069;Cadeillan;23.7;
32070;Cahuzac-sur-Adour;126.5;
32071;Caillavet;80.3;
32072;Callian;60.5;
32073;Campagne-d'Armagnac;67.9;
32075;Cassaigne;74.2;
32076;Castelnau-Barbarens;71.6;
32077;Castelnau-d'Anglès;44.6;
32078;Castelnau-d'Arbieu;122.1;
32079;Castelnau d'Auzan Labarrère;37.2;
32080;Castelnau-sur-l'Auvignon;86.6;
32081;Castelnavet;71.9;
32082;Castéra-Lectourois;80;
32083;Castéra-Verduzan;59.1;
32084;Castéron;153.1;
32085;Castet-Arrouy;72.4;
32086;Castex;54.6;
32087;Castex-d'Armagnac;71.2;
32088;Castillon-Debats;70.8;
32089;Castillon-Massas;57.8;
32090;Castillon-Savès;59.5;
32091;Castin;63.1;
32092;Catonvielle;66.4;
32093;Caumont;66.2;
32094;Caupenne-d'Armagnac;62.8;
32095;Caussens;51.8;
32096;Cazaubon;61.1;
32097;Cazaux-d'Anglès;38.7;
32098;Cazaux-Savès;38.8;
32099;Cazaux-Villecomtal;24.4;
32100;Cazeneuve;44.7;
32101;Céran;67.2;
32102;Cézan;109.7;
32103;Chélan;55.8;
32104;Clermont-Pouyguillès;91.1;
32105;Clermont-Savès;81.2;
32106;Cologne;88.4;
32107;Condom;67.3;
32108;Corneillan;60.5;
32109;Couloumé-Mondebat;61.3;
32110;Courrensan;58.2;
32111;Courties;91.4;
32112;Crastes;94.5;
32113;Cravencères;67.3;
32114;Cuélas;48.2;
32115;Dému;66;
32116;Duffort;56.3;
32117;Duran;75.8;
32118;Durban;79;
32119;Eauze;83.1;
32120;Encausse;76.7;
32121;Endoufielle;67.7;
32122;Esclassan-Labastide;50.3;
32123;Escornebœuf;69.6;
32124;Espaon;61.7;
32125;Espas;77;
32126;Estampes;60.9;
32127;Estang;39.1;
32128;Estipouy;76.7;
32129;Estramiac;62;
32130;Faget-Abbatial;37.5;*
32131;Flamarens;69.9;
32132;Fleurance;50;
32133;Fourcès;55.7;
32134;Frégouville;39.6;
32135;Fustérouau;86.1;
32136;Galiax;123.2;
32138;Garravet;42.1;
32139;Gaudonville;135.6;
32140;Gaujac;50.5;
32141;Gaujan;44.6;
32142;Gavarret-sur-Aulouste;116.4;
32143;Gazaupouy;71.3;
32144;Gazax-et-Baccarisse;52.7;
32145;Gée-Rivière;63.2;
32146;Gimbrède;93;
32147;Gimont;64.1;
32148;Giscaro;63.5;
32149;Gondrin;46;
32150;Goutz;67;*
32151;Goux;23.2;
32152;Haget;53.7;
32153;Haulies;94.5;
32154;Homps;65.7;
32155;Le Houga;53;
32156;Idrac-Respaillès;61.8;
32157;L'Isle-Arné;87;
32158;L'Isle-Bouzon;64.3;
32159;L'Isle-de-Noé;66;
32160;L'Isle-Jourdain;68;
32161;Izotges;90.5;
32162;Jegun;83.8;
32163;Jû-Belloc;72.7;
32164;Juillac;74.7;
32165;Juilles;87.8;
32166;Justian;54.4;
32167;Laas;32.9;
32169;Labarthe;64.1;
32170;Labarthète;54.2;
32171;Labastide-Savès;37.2;
32172;Labéjan;95.8;
32173;Labrihe;74;
32174;Ladevèze-Rivière;68.5;
32175;Ladevèze-Ville;45.1;
32176;Lagarde;91.2;
32177;Lagarde-Hachan;71.9;
32178;Lagardère;68.6;
32180;Lagraulet-du-Gers;87.9;
32181;Laguian-Mazous;60.3;
32182;Lahas;57.1;
32183;Lahitte;62;
32184;Lalanne;114.9;
32185;Lalanne-Arqué;78.3;
32186;Lamaguère;40.1;
32187;Lamazère;52.3;
32188;Lamothe-Goas;186.3;*
32189;Lannemaignan;82.2;
32190;Lannepax;67.8;
32191;Lanne-Soubiran;79.5;*
32192;Lannux;25.6;
32193;Larée;56.9;
32194;Larressingle;22.1;
32195;Larroque-Engalin;45.9;
32196;Larroque-Saint-Sernin;60.8;
32197;Larroque-sur-l'Osse;47.4;
32198;Lartigue;95.1;
32199;Lasserade;94.6;
32200;Lasséran;60.7;
32201;Lasseube-Propre;37;
32202;Laujuzan;48.8;
32203;Lauraët;40.4;
32204;Lavardens;88.6;
32205;Laveraët;62.7;
32206;Laymont;75.2;
32207;Leboulin;73;
32208;Lectoure;75.2;
32209;Lelin-Lapujolle;65.7;
32210;Lias;57.8;
32211;Lias-d'Armagnac;22.9;
32212;Ligardes;62.3;
32213;Lombez;67.5;
32214;Loubédat;56.3;
32215;Loubersan;66.6;
32216;Lourties-Monbrun;35;
32217;Louslitges;115.3;
32218;Loussous-Débat;76.7;
32219;Lupiac;85.6;
32220;Luppé-Violles;73.1;
32221;Lussan;109.7;
32222;Magnan;45.4;
32223;Magnas;89.3;
32224;Maignaut-Tauzia;144;
32225;Malabat;42.3;
32226;Manas-Bastanous;26.2;
32227;Manciet;61.7;
32228;Manent-Montané;42.3;
32229;Mansempuy;59.1;
32230;Mansencôme;93.6;
32231;Marambat;69.8;
32232;Maravat;69.2;
32233;Marciac;66.4;
32234;Marestaing;60.8;
32235;Margouët-Meymes;66.2;
32236;Marguestau;61.3;
32237;Marsan;112.6;
32238;Marseillan;64.7;
32239;Marsolan;64.5;
32240;Mascaras;88.7;
32241;Mas-d'Auvignon;79;
32242;Masseube;59.8;
32243;Mauléon-d'Armagnac;48;
32244;Maulichères;25.9;
32245;Maumusson-Laguian;54.4;
32246;Maupas;53.1;
32247;Maurens;90.9;
32248;Mauroux;62.6;
32249;Mauvezin;74.6;
32250;Meilhan;67.4;
32251;Mérens;107.3;
32252;Miélan;44.1;
32253;Miradoux;90.4;
32254;Miramont-d'Astarac;73;
32255;Miramont-Latour;163.1;
32256;Mirande;41.4;
32257;Mirannes;80;
32258;Mirepoix;67.3;
32260;Monbardon;61.4;
32261;Monblanc;96.9;
32262;Monbrun;114.8;
32263;Moncassin;66.2;
32264;Monclar;18.9;
32265;Monclar-sur-Losse;59;
32266;Moncorneil-Grazan;49.9;
32267;Monferran-Plavès;63.8;
32268;Monferran-Savès;58.7;
32269;Monfort;48.4;
32270;Mongausy;48.6;
32271;Monguilhem;44.6;
32272;Monlaur-Bernet;83.2;
32273;Monlezun;91.4;
32274;Monlezun-d'Armagnac;103.3;
32275;Monpardiac;45.4;
32276;Montadet;93.4;
32277;Montamat;111.8;
32278;Montaut;59.4;
32279;Montaut-les-Créneaux;84.3;
32280;Mont-d'Astarac;67;
32281;Mont-de-Marrast;47.7;
32282;Montégut;40.2;
32283;Montégut-Arros;46.4;
32284;Montégut-Savès;53;
32285;Montesquiou;90.6;
32286;Montestruc-sur-Gers;43.9;
32287;Monties;129;
32288;Montiron;74.3;
32289;Montpézat;72.4;
32290;Montréal;74.4;
32291;Mormès;95.3;
32292;Mouchan;54.7;
32293;Mouchès;180.6;
32294;Mourède;74.1;
32295;Nizas;38.9;*
32296;Nogaro;40.6;
32297;Noilhan;57.5;
32298;Nougaroulet;122.8;
32299;Noulens;53.4;
32300;Orbessan;74.6;
32301;Ordan-Larroque;62.3;
32302;Ornézan;43.4;
32303;Pallanne;62.1;
32304;Panassac;76.6;
32305;Panjas;42.8;
32306;Pauilhac;59.2;
32307;Pavie;67.2;
32308;Pébées;13.2;
32309;Pellefigue;63;
32310;Perchède;71.2;
32311;Pergain-Taillac;67.7;
32312;Pessan;96.9;
32313;Pessoulens;86.6;
32314;Peyrecave;98.8;
32315;Peyrusse-Grande;61;
32316;Peyrusse-Massas;138.5;
32317;Peyrusse-Vieille;65.5;
32318;Pis;45.1;
32319;Plaisance;170.1;
32320;Plieux;58.9;
32321;Polastron;60.5;
32322;Pompiac;143.2;
32323;Ponsampère;73.2;
32324;Ponsan-Soubiran;63.2;
32325;Pouydraguin;73.1;
32326;Pouylebon;59.9;
32327;Pouy-Loubrin;54.6;
32328;Pouy-Roquelaure;60.1;
32329;Préchac;142.7;
32330;Préchac-sur-Adour;27.9;
32331;Preignan;65.5;
32332;Préneron;98.2;
32333;Projan;79.4;
32334;Pujaudran;37.3;
32335;Puycasquier;79.2;
32336;Puylausic;54.9;
32337;Puységur;55;
32338;Ramouzens;81.3;
32339;Razengues;130.2;*
32340;Réans;54;
32341;Réjaumont;87.9;
32342;Ricourt;70.5;
32343;Riguepeu;48.8;
32344;Riscle;63.9;
32345;La Romieu;78;
32346;Roquebrune;53.1;
32347;Roquefort;65;
32348;Roquelaure;102.8;
32349;Roquelaure-Saint-Aubin;80.1;
32350;Roquepine;26.2;
32351;Roques;100;
32352;Rozès;92.1;
32353;Sabaillan;71.3;
32354;Sabazan;50;
32355;Sadeillan;29.1;
32356;Saint-André;78.6;
32357;Sainte-Anne;82.9;
32358;Saint-Antoine;56.4;
32359;Saint-Antonin;40.8;
32360;Saint-Arailles;81.1;
32361;Saint-Arroman;64.8;
32362;Saint-Aunix-Lengros;91.3;
32363;Sainte-Aurence-Cazaux;32.3;
32364;Saint-Avit-Frandat;153.1;
32365;Saint-Blancard;61.1;
32366;Saint-Brès;68.3;
32367;Saint-Christaud;64.4;
32368;Sainte-Christie;76.8;
32369;Sainte-Christie-d'Armagnac;83;
32370;Saint-Clar;68.2;
32371;Saint-Créac;78.3;
32372;Saint-Cricq;100.2;
32373;Sainte-Dode;52.7;
32374;Saint-Élix-d'Astarac;92.6;
32375;Saint-Élix-Theux;75.8;
32376;Sainte-Gemme;68;
32377;Saint-Georges;98.1;
32378;Saint-Germé;63.4;
32379;Saint-Germier;57;
32380;Saint-Griède;38.6;
32381;Saint-Jean-le-Comtal;62.9;
32382;Saint-Jean-Poutge;88.1;
32383;Saint-Justin;58.2;
32384;Saint-Lary;62;
32385;Saint-Léonard;66.5;
32386;Saint-Lizier-du-Planté;35.4;
32387;Saint-Loube;73.8;
32388;Sainte-Marie;78.9;
32389;Saint-Martin;27.2;
32390;Saint-Martin-d'Armagnac;44.2;
32391;Saint-Martin-de-Goyne;95.5;
32392;Saint-Martin-Gimois;48.8;
32393;Saint-Maur;98;
32394;Saint-Médard;69;
32395;Sainte-Mère;84.9;
32396;Saint-Mézard;67.3;
32397;Saint-Michel;54.6;
32398;Saint-Mont;47.1;
32399;Saint-Orens;97.3;
32400;Saint-Orens-Pouy-Petit;132.3;
32401;Saint-Ost;51.2;
32402;Saint-Paul-de-Baïse;62.9;
32403;Saint-Pierre-d'Aubézies;88.4;
32404;Saint-Puy;82.7;
32405;Sainte-Radegonde;151.3;
32406;Saint-Sauvy;91.6;
32407;Saint-Soulan;56.9;
32408;Salles-d'Armagnac;100.5;
32409;Samaran;55.2;
32410;Samatan;70.8;
32411;Sansan;46;
32412;Saramon;67;
32413;Sarcos;79;
32414;Sarragachies;92.7;
32415;Sarraguzan;72.6;
32416;Sarrant;63.7;
32417;La Sauvetat;84.9;
32418;Sauveterre;81.5;
32419;Sauviac;51.4;
32420;Sauvimont;46.5;
32421;Savignac-Mona;45.4;
32422;Scieurac-et-Flourès;145.5;
32423;Séailles;61.1;
32424;Ségos;37.6;
32425;Ségoufielle;115.1;
32426;Seissan;46.5;
32427;Sembouès;82;
32428;Sémézies-Cachan;68.2;
32429;Sempesserre;78.3;
32430;Sère;39.2;
32431;Sérempuy;95.7;
32432;Seysses-Savès;131.7;
32433;Simorre;79.7;
32434;Sion;42.6;
32435;Sirac;88.3;
32436;Solomiac;104.6;
32437;Sorbets;51.1;
32438;Tachoires;55;
32439;Tarsac;67.3;
32440;Tasque;77.5;
32441;Taybosc;81.8;
32442;Terraube;77;
32443;Termes-d'Armagnac;25.1;
32444;Thoux;63.5;
32445;Tieste-Uragnoux;40.6;
32446;Tillac;51.6;
32447;Tirent-Pontéjac;75.3;
32448;Touget;87.8;
32449;Toujouse;30.5;
32450;Tourdun;53.7;*
32451;Tournan;50.8;
32452;Tournecoupe;87.2;
32453;Tourrenquets;53.5;
32454;Traversères;55.5;
32455;Troncens;79.9;
32456;Tudelle;47.5;
32457;Urdens;80.5;
32458;Urgosse;41.1;
32459;Valence-sur-Baïse;47.9;
32460;Vergoignan;45;
32461;Verlus;63.4;
32462;Vic-Fezensac;53.8;
32463;Viella;44.3;
32464;Villecomtal-sur-Arros;66.7;
32465;Villefranche;51.4;
32466;Viozan;58.2;
32467;Saint-Caprais;60.3;
32468;Aussos;64.4;
33001;Abzac;24.2;
33002;Aillas;69.7;
33003;Ambarès-et-Lagrave;21.8;
33004;Ambès;73.6;
33005;Andernos-les-Bains;0;
33006;Anglade;69.7;
33007;Arbanats;66.7;
33008;Porte-de-Benauge;51.5;
33009;Arcachon;N/A - division par 0;
33010;Arcins;133.8;
33011;Arès;11.5;
33012;Arsac;35.2;
33013;Artigues-près-Bordeaux;N/A - division par 0;
33014;Les Artigues-de-Lussac;24.4;
33015;Arveyres;28.1;
33016;Asques;65.3;
33017;Aubiac;24.5;
33018;Val de Virvée;22.1;
33019;Audenge;578;
33020;Auriolles;21;
33021;Auros;32.4;
33022;Avensan;31.7;
33023;Ayguemorte-les-Graves;15.1;
33024;Bagas;20.2;
33025;Baigneaux;11.3;
33026;Balizac;14;
33027;Barie;14.9;
33028;Baron;27.3;
33029;Le Barp;79.8;
33030;Barsac;21.9;
33031;Bassanne;65.7;
33032;Bassens;14;
33033;Baurech;26.3;
33034;Bayas;12.4;
33035;Bayon-sur-Gironde;14.5;
33036;Bazas;43.6;
33037;Beautiran;18.3;
33038;Bégadan;37.9;
33039;Bègles;N/A - division par 0;
33040;Béguey;43.6;
33042;Belin-Béliet;43.7;
33043;Bellebat;N/A - division par 0;
33044;Bellefond;1.4;
33045;Belvès-de-Castillon;27.8;
33046;Bernos-Beaulac;32;
33047;Berson;25;
33048;Berthez;27.2;
33049;Beychac-et-Caillau;36;
33050;Bieujac;35.8;
33051;Biganos;0.4;
33052;Les Billaux;1.9;
33053;Birac;35.6;
33054;Blaignac;47.5;
33055;Blaignan-Prignac;34.5;
33056;Blanquefort;93.4;*
33057;Blasimon;41.5;
33058;Blaye;13;
33059;Blésignac;23.1;
33060;Bommes;20.1;
33061;Bonnetan;132.6;
33062;Bonzac;42.1;
33063;Bordeaux;44.2;
33064;Bossugan;27.4;
33065;Bouliac;0.1;
33066;Bourdelles;32.6;
33067;Bourg;23.6;
33068;Bourideys;244;
33069;Le Bouscat;20.3;
33070;Brach;17.9;
33071;Branne;4.7;
33072;Brannens;45.7;*
33073;Braud-et-Saint-Louis;51.8;
33074;Brouqueyran;19.9;
33075;Bruges;33.3;
33076;Budos;25.2;
33077;Cabanac-et-Villagrains;9;
33078;Cabara;21.3;
33079;Cadarsac;47.7;
33080;Cadaujac;47.9;
33081;Cadillac;45.1;*
33082;Cadillac-en-Fronsadais;142.2;
33083;Camarsac;31.6;
33084;Cambes;8.1;
33085;Camblanes-et-Meynac;23;
33086;Camiac-et-Saint-Denis;50.1;
33087;Camiran;43;
33088;Camps-sur-l'Isle;25.6;
33089;Campugnan;26;
33090;Canéjan;18.9;
33093;Capian;31.9;
33094;Caplong;27.8;
33095;Captieux;95.7;
33096;Carbon-Blanc;53.2;
33097;Carcans;191.2;
33098;Cardan;13.1;
33099;Carignan-de-Bordeaux;48.2;
33100;Cars;32.4;
33101;Cartelègue;12.7;
33102;Casseuil;20.2;
33103;Castelmoron-d'Albret;N/A - division par 0;
33104;Castelnau-de-Médoc;7.1;
33105;Castelviel;25.5;
33106;Castets et Castillon;39.7;
33108;Castillon-la-Bataille;15.3;
33109;Castres-Gironde;19.9;*
33111;Caudrot;16.8;
33112;Caumont;48.1;
33113;Cauvignac;43.9;
33114;Cavignac;13.3;*
33115;Cazalis;238;
33116;Cazats;22.9;
33117;Cazaugitat;47.3;
33118;Cénac;22.8;
33119;Cenon;N/A - division par 0;
33120;Cérons;21.2;
33121;Cessac;108.7;
33122;Cestas;188.9;
33123;Cézac;26.2;
33124;Chamadelle;97.4;
33125;Cissac-Médoc;29.5;
33126;Civrac-de-Blaye;44.4;
33127;Civrac-sur-Dordogne;27.7;
33128;Civrac-en-Médoc;33.4;
33129;Cleyrac;38.5;
33130;Coimères;9.7;
33131;Coirac;32.3;
33132;Comps;14.2;
33133;Coubeyrac;38.8;
33134;Couquèques;13.2;
33135;Courpiac;31.8;
33136;Cours-de-Monségur;40.6;
33137;Cours-les-Bains;23.1;
33138;Coutras;112.8;
33139;Coutures;83.4;
33140;Créon;12.3;
33141;Croignon;12.2;*
33142;Cubnezais;38.4;
33143;Cubzac-les-Ponts;13.9;
33144;Cudos;26.7;
33145;Cursan;33.9;
33146;Cussac-Fort-Médoc;29.6;
33147;Daignac;45.2;
33148;Dardenac;44.1;
33149;Daubèze;45.2;
33150;Dieulivol;41.5;
33151;Donnezac;30.5;
33152;Donzac;27.9;
33153;Doulezon;27.4;
33154;Les Églisottes-et-Chalaures;84.2;*
33155;Escaudes;5;
33156;Escoussans;37.8;
33157;Espiet;37.5;
33158;Les Esseintes;42.3;
33159;Étauliers;49.2;
33160;Eynesse;18.7;
33161;Eyrans;14.1;
33162;Eysines;4;
33163;Faleyras;35.5;
33164;Fargues;28.9;
33165;Fargues-Saint-Hilaire;31;
33166;Le Fieu;48.9;
33167;Floirac;151.3;
33168;Flaujagues;32.9;
33169;Floudès;37.6;
33170;Fontet;51.6;
33171;Fossès-et-Baleyssac;33.2;
33172;Fours;25.3;
33173;Francs;23.1;
33174;Fronsac;16.8;
33175;Frontenac;36.5;
33176;Gabarnac;17;
33177;Gaillan-en-Médoc;37.6;
33178;Gajac;37.7;
33179;Galgon;45.1;
33180;Gans;32.7;
33181;Gardegan-et-Tourtirac;12.5;
33182;Gauriac;26.5;
33183;Gauriaguet;42.2;
33184;Générac;16.6;
33185;Génissac;21.1;
33186;Gensac;25.6;
33187;Gironde-sur-Dropt;68.6;
33188;Giscos;7.5;
33189;Gornac;111.9;
33190;Goualade;N/A - division par 0;
33191;Gours;24.7;
33192;Gradignan;16.2;
33193;Grayan-et-l'Hôpital;15;
33194;Grézillac;68.6;
33195;Grignols;57;
33196;Guillac;17.6;
33197;Guillos;4.5;
33198;Guîtres;12.8;
33199;Gujan-Mestras;33.9;
33200;Le Haillan;20.8;
33201;Haux;41;
33202;Hostens;121.4;
33203;Hourtin;247.3;
33204;Hure;35.1;
33205;Illats;22.6;
33206;Isle-Saint-Georges;6.7;
33207;Izon;26.1;
33208;Jau-Dignac-et-Loirac;78.6;
33209;Jugazan;20.6;
33210;Juillac;25.6;
33211;Labarde;108.5;
33212;Labescau;45;
33213;La Brède;14.3;
33214;Lacanau;69.1;
33215;Ladaux;100.4;
33216;Lados;23.6;
33218;Lagorce;30.3;
33219;La Lande-de-Fronsac;15.9;
33220;Lamarque;25.6;
33221;Lamothe-Landerron;30.1;
33222;Lalande-de-Pomerol;12.1;
33223;Landerrouat;132.3;
33224;Landerrouet-sur-Ségur;82.8;*
33225;Landiras;14.9;*
33226;Langoiran;32.6;
33227;Langon;27;
33228;Lansac;24.9;
33229;Lanton;164;
33230;Lapouyade;19;
33231;Laroque;28.4;
33232;Lartigue;N/A - division par 0;
33233;Laruscade;37.5;
33234;Latresne;27.6;
33235;Lavazan;7.4;*
33236;Lège-Cap-Ferret;0.1;
33237;Léogeats;N/A - division par 0;
33238;Léognan;38.1;
33239;Lerm-et-Musset;29.9;
33240;Lesparre-Médoc;21.6;
33241;Lestiac-sur-Garonne;173;
33242;Les Lèves-et-Thoumeyragues;35.9;
33243;Libourne;10.4;
33244;Lignan-de-Bazas;6;
33245;Lignan-de-Bordeaux;32.3;
33246;Ligueux;33.5;
33247;Listrac-de-Durèze;55.7;
33248;Listrac-Médoc;17.5;
33249;Lormont;0.1;
33250;Loubens;57.2;
33251;Louchats;0;
33252;Loupes;148.8;
33253;Loupiac;31.4;
33254;Loupiac-de-la-Réole;36.7;
33255;Lucmau;6.1;
33256;Ludon-Médoc;80.6;
33257;Lugaignac;24.7;
33258;Lugasson;31.3;
33259;Lugon-et-l'Île-du-Carnay;17.4;
33260;Lugos;346;
33261;Lussac;13.8;
33262;Macau;34.8;
33263;Madirac;10.5;
33264;Maransin;38.3;
33266;Marcenais;26;
33268;Margaux-Cantenac;74.1;
33269;Margueron;45.9;
33270;Marimbault;0;
33271;Marions;1.6;
33272;Marsas;24.2;
33273;Martignas-sur-Jalle;N/A - division par 0;
33274;Martillac;25.2;
33275;Martres;14.9;
33276;Masseilles;77;
33277;Massugas;68.3;
33278;Mauriac;43.5;
33279;Mazères;45.4;
33280;Mazion;23.9;
33281;Mérignac;32.6;
33282;Mérignas;22;
33283;Mesterrieux;27.9;
33284;Mios;17.9;*
33285;Mombrier;17.7;
33287;Mongauzy;23.6;
33288;Monprimblanc;30.7;
33289;Monségur;39.5;
33290;Montagne;13.7;
33291;Montagoudin;33;
33292;Montignac;39.9;
33293;Montussan;29.3;
33294;Morizès;30.8;
33295;Mouillac;20.2;
33296;Mouliets-et-Villemartin;16.3;
33297;Moulis-en-Médoc;23.9;
33298;Moulon;30.7;
33299;Mourens;34.8;
33300;Naujac-sur-Mer;45.9;
33301;Naujan-et-Postiac;50.9;
33302;Néac;15;
33303;Nérigean;8;
33304;Neuffons;21.3;
33305;Le Nizan;33.8;
33306;Noaillac;19.9;
33307;Noaillan;48.6;
33308;Omet;21.7;
33309;Ordonnac;17.5;
33310;Origne;7.5;*
33311;Paillet;40.1;
33312;Parempuyre;106.6;
33314;Pauillac;45.8;
33315;Les Peintures;80.1;
33316;Pellegrue;47.4;
33317;Périssac;24.4;
33318;Pessac;94.8;
33319;Pessac-sur-Dordogne;31;
33320;Petit-Palais-et-Cornemps;19.3;
33321;Peujard;36.8;
33322;Le Pian-Médoc;25.3;
33323;Le Pian-sur-Garonne;21.7;
33324;Pineuilh;25.5;
33325;Plassac;17.7;
33326;Pleine-Selve;15.8;
33327;Podensac;25;
33328;Pomerol;12.4;
33329;Pompéjac;N/A - division par 0;
33330;Pompignac;21.8;
33331;Pondaurat;38.3;
33332;Porchères;10.4;
33333;Le Porge;158.8;
33334;Portets;31.6;
33335;Le Pout;13.6;
33336;Préchac;35.2;
33337;Preignac;27.4;
33339;Prignac-et-Marcamps;15.2;
33341;Pugnac;18;
33342;Puisseguin;14.8;
33343;Pujols-sur-Ciron;22.3;
33344;Pujols;22;
33345;Le Puy;73.6;
33346;Puybarban;6.1;
33347;Puynormand;92.4;
33348;Queyrac;43.8;
33349;Quinsac;19.9;
33350;Rauzan;14.9;
33351;Reignac;39.6;
33352;La Réole;20.4;
33353;Rimons;40.2;
33354;Riocaud;50.3;
33355;Rions;21.8;
33356;La Rivière;13.2;
33357;Roaillan;4.4;
33358;Romagne;13.8;
33359;Roquebrune;29.3;
33360;La Roquille;31.6;
33361;Ruch;18.4;
33362;Sablons;76;
33363;Sadirac;35.1;
33364;Saillans;17.9;
33365;Saint-Aignan;23.2;
33366;Saint-André-de-Cubzac;25.4;
33367;Saint-André-du-Bois;29.6;
33369;Saint-André-et-Appelles;23.9;
33370;Saint-Androny;56.4;
33372;Saint-Antoine-du-Queyret;51.7;
33373;Saint-Antoine-sur-l'Isle;49.9;
33374;Saint-Aubin-de-Blaye;21.6;
33375;Saint-Aubin-de-Branne;24;
33376;Saint-Aubin-de-Médoc;2.3;
33377;Saint-Avit-de-Soulège;32.3;
33378;Saint-Avit-Saint-Nazaire;33;
33379;Saint-Brice;82.4;
33380;Val-de-Livenne;30.4;
33381;Saint-Caprais-de-Bordeaux;8.9;
33382;Saint-Christoly-de-Blaye;21.6;
33383;Saint-Christoly-Médoc;18.1;
33384;Saint-Christophe-des-Bardes;13.5;
33385;Saint-Christophe-de-Double;31.3;
33386;Saint-Cibard;37.9;
33387;Saint-Ciers-d'Abzac;21.7;
33388;Saint-Ciers-de-Canesse;24.5;
33389;Saint-Ciers-sur-Gironde;70.1;
33390;Sainte-Colombe;13.7;
33391;Saint-Côme;37.1;
33392;Sainte-Croix-du-Mont;20.9;
33393;Saint-Denis-de-Pile;38.6;
33394;Saint-Émilion;14.1;
33395;Saint-Estèphe;28.6;
33396;Saint-Étienne-de-Lisse;17;
33397;Sainte-Eulalie;29.5;
33398;Saint-Exupéry;25.8;
33399;Saint-Félix-de-Foncaude;57.9;
33400;Saint-Ferme;46.4;
33401;Sainte-Florence;26.3;
33402;Sainte-Foy-la-Grande;N/A - division par 0;
33403;Sainte-Foy-la-Longue;28.2;
33404;Sainte-Gemme;43.7;
33405;Saint-Genès-de-Blaye;30;
33406;Saint-Genès-de-Castillon;10.2;
33407;Saint-Genès-de-Fronsac;21.7;
33408;Saint-Genès-de-Lombaud;25.4;
33409;Saint-Genis-du-Bois;30;
33411;Saint-Germain-de-Grave;18.3;
33412;Saint-Germain-d'Esteuil;22;
33413;Saint-Germain-du-Puch;25.1;
33414;Saint-Germain-de-la-Rivière;4.9;
33415;Saint-Gervais;28.9;
33416;Saint-Girons-d'Aiguevives;21.1;
33417;Sainte-Hélène;11.4;
33418;Saint-Hilaire-de-la-Noaille;24.8;
33419;Saint-Hilaire-du-Bois;59.6;
33420;Saint-Hippolyte;13.6;
33421;Saint-Jean-de-Blaignac;51.3;
33422;Saint-Jean-d'Illac;167.9;
33423;Saint-Julien-Beychevelle;73.8;
33424;Saint-Laurent-Médoc;77;
33425;Saint-Laurent-d'Arce;34.1;
33426;Saint-Laurent-des-Combes;11.9;
33427;Saint-Laurent-du-Bois;40.2;
33428;Saint-Laurent-du-Plan;40.2;
33429;Saint-Léger-de-Balson;N/A - division par 0;
33431;Saint-Léon;29.2;
33432;Saint-Loubert;25;
33433;Saint-Loubès;30.6;
33434;Saint-Louis-de-Montferrand;126.6;
33435;Saint-Macaire;14.5;
33436;Saint-Magne;120.4;
33437;Saint-Magne-de-Castillon;19.2;
33438;Saint-Maixant;23.8;
33439;Saint-Mariens;18.3;
33440;Saint-Martial;41;
33441;Saint-Martin-Lacaussade;20.5;
33442;Saint-Martin-de-Laye;43.9;
33443;Saint-Martin-de-Lerm;25.5;
33444;Saint-Martin-de-Sescas;33.2;
33445;Saint-Martin-du-Bois;37.2;
33446;Saint-Martin-du-Puy;34.3;
33447;Saint-Médard-de-Guizières;47.3;
33448;Saint-Médard-d'Eyrans;17;
33449;Saint-Médard-en-Jalles;160.1;
33450;Saint-Michel-de-Castelnau;N/A - division par 0;
33451;Saint-Michel-de-Fronsac;31.4;*
33452;Saint-Michel-de-Rieufret;5.8;
33453;Saint-Michel-de-Lapujade;34;
33454;Saint-Morillon;7.8;*
33456;Saint-Palais;33.8;
33457;Saint-Pardon-de-Conques;30.4;
33458;Saint-Paul;22.8;
33459;Saint-Pey-d'Armens;11.4;
33460;Saint-Pey-de-Castets;24.3;
33461;Saint-Philippe-d'Aiguille;12;
33462;Saint-Philippe-du-Seignal;53.5;
33463;Saint-Pierre-d'Aurillac;16.1;
33464;Saint-Pierre-de-Bat;16.3;
33465;Saint-Pierre-de-Mons;57.3;
33466;Saint-Quentin-de-Baron;25.8;
33467;Saint-Quentin-de-Caplong;47.6;
33468;Sainte-Radegonde;32.2;
33470;Saint-Romain-la-Virvée;14.3;
33471;Saint-Sauveur;29.3;
33472;Saint-Sauveur-de-Puynormand;51.9;
33473;Saint-Savin;23.1;
33474;Saint-Selve;22.5;
33475;Saint-Seurin-de-Bourg;7.5;
33476;Saint-Seurin-de-Cadourne;32.2;
33477;Saint-Seurin-de-Cursac;17;
33478;Saint-Seurin-sur-l'Isle;32.4;
33479;Saint-Sève;4.6;
33480;Saint-Sulpice-de-Faleyrens;13.1;
33481;Saint-Sulpice-de-Guilleragues;52.8;
33482;Saint-Sulpice-de-Pommiers;39;
33483;Saint-Sulpice-et-Cameyrac;33.5;
33484;Saint-Symphorien;104.6;
33485;Sainte-Terre;24.6;
33486;Saint-Trojan;18.2;
33487;Saint-Vincent-de-Paul;63.7;
33488;Saint-Vincent-de-Pertignas;25.2;
33489;Saint-Vivien-de-Blaye;17.6;
33490;Saint-Vivien-de-Médoc;85.2;
33491;Saint-Vivien-de-Monségur;47.8;
33492;Saint-Yzan-de-Soudiac;30.4;
33493;Saint-Yzans-de-Médoc;28.7;
33494;Salaunes;94.1;
33496;Sallebœuf;28.9;
33498;Salles;70.4;
33499;Les Salles-de-Castillon;21.5;
33500;Samonac;16.9;
33501;Saucats;165.7;
33502;Saugon;25.1;
33503;Saumos;36.1;
33504;Sauternes;59.8;
33505;La Sauve;32.1;
33506;Sauveterre-de-Guyenne;51.1;
33507;Sauviac;63.4;
33508;Savignac;53.4;
33509;Savignac-de-l'Isle;27.1;
33510;Semens;26.3;
33511;Sendets;11.9;
33512;Sigalens;56.8;
33513;Sillas;0;*
33514;Soulac-sur-Mer;41.5;
33515;Soulignac;29.9;
33516;Soussac;59;
33517;Soussans;21;
33518;Tabanac;9.1;
33519;Le Taillan-Médoc;10;
33520;Taillecavat;56.8;
33521;Talais;161.9;
33522;Talence;19.1;
33523;Targon;36.2;
33524;Tarnès;14.3;
33525;Tauriac;19.7;
33526;Tayac;7.4;
33527;Le Teich;52.5;
33528;Le Temple;104.6;
33529;La Teste-de-Buch;0;
33530;Teuillac;21.6;
33531;Tizac-de-Curton;29.3;
33532;Tizac-de-Lapouyade;5.4;
33533;Toulenne;65.4;
33534;Le Tourne;19.4;
33535;Tresses;41.1;
33536;Le Tuzan;N/A - division par 0;
33537;Uzeste;1.1;
33538;Valeyrac;25.5;
33539;Vayres;14.4;
33540;Vendays-Montalivet;62.8;
33541;Vensac;29.5;
33542;Vérac;24.8;
33543;Verdelais;23.5;
33544;Le Verdon-sur-Mer;102.9;
33545;Vertheuil;26;
33546;Vignonet;13.1;
33547;Villandraut;41.1;
33548;Villegouge;15.8;
33549;Villenave-de-Rions;16.7;
33550;Villenave-d'Ornon;8.7;
33551;Villeneuve;20;
33552;Virelade;22;
33553;Virsac;26.7;
33554;Yvrac;45.3;
33555;Marcheprime;137.3;
34001;Abeilhan;17;
34002;Adissan;9.2;
34003;Agde;24.8;
34004;Agel;9;
34005;Agonès;0.9;
34006;Aigne;16.3;
34007;Aigues-Vives;16.7;
34008;Les Aires;25.6;
34009;Alignan-du-Vent;9;
34010;Aniane;11.9;
34011;Arboras;7.2;
34012;Argelliers;25.4;
34013;Aspiran;9.3;
34014;Assas;17.5;
34015;Assignan;15.6;
34016;Aumelas;65.5;
34017;Aumes;15.4;
34018;Autignac;14.5;
34019;Avène;96.3;
34020;Azillanet;13.5;
34021;Babeau-Bouldoux;14;
34022;Baillargues;15.5;
34023;Balaruc-les-Bains;N/A - division par 0;
34024;Balaruc-le-Vieux;N/A - division par 0;
34025;Bassan;10.7;
34026;Beaufort;11.3;
34027;Beaulieu;35.7;*
34028;Bédarieux;10.6;
34029;Bélarga;13.8;
34030;Berlou;11.1;
34031;Bessan;12.9;
34032;Béziers;30.1;
34033;Boisseron;31.9;
34034;Boisset;65.1;
34035;La Boissière;9.4;
34036;Le Bosc;11.9;
34037;Boujan-sur-Libron;12;
34038;Le Bousquet-d'Orb;9.1;
34039;Bouzigues;3.5;*
34040;Brenas;113.2;
34041;Brignac;10.8;
34042;Brissac;48.9;
34043;Buzignargues;13.6;
34044;Cabrerolles;21;
34045;Cabrières;10.5;
34046;Cambon-et-Salvergues;140.5;
34047;Campagnan;4.5;
34048;Campagne;11.7;
34049;Camplong;N/A - division par 0;
34050;Candillargues;49.9;
34051;Canet;11.8;
34052;Capestang;26.5;
34053;Carlencas-et-Levas;77.7;
34054;Cassagnoles;25.7;
34055;Castanet-le-Haut;238.1;
34056;Castelnau-de-Guers;41.4;
34057;Castelnau-le-Lez;16.9;*
34058;Castries;19.6;
34059;La Caunette;18.7;
34060;Causse-de-la-Selle;62.3;
34061;Causses-et-Veyran;19.6;
34062;Caussiniojouls;25.5;
34063;Caux;15.7;
34064;Le Caylar;208.4;
34065;Cazedarnes;10.2;
34066;Cazevieille;6.5;
34067;Cazilhac;47.8;
34068;Cazouls-d'Hérault;13.7;
34069;Cazouls-lès-Béziers;10.5;
34070;Cébazan;8.8;
34071;Ceilhes-et-Rocozels;121.9;
34072;Celles;N/A - division par 0;
34073;Cers;15.7;
34074;Cessenon-sur-Orb;14.6;
34075;Cesseras;27.9;
34076;Ceyras;13.1;
34077;Clapiers;10.7;
34078;Claret;20.6;
34079;Clermont-l'Hérault;15.2;
34080;Colombières-sur-Orb;0;
34081;Colombiers;9.5;
34082;Combaillaux;24.4;
34083;Combes;4.4;
34084;Corneilhan;10.4;
34085;Coulobres;15.6;
34086;Courniou;41.7;
34087;Cournonsec;17.5;
34088;Cournonterral;26.5;
34089;Creissan;17.7;
34090;Le Crès;32.3;
34091;Le Cros;141.8;
34092;Cruzy;11.5;
34093;Dio-et-Valquières;99.1;
34094;Espondeilhan;10.2;
34095;Fabrègues;37.2;
34096;Faugères;13.7;
34097;Félines-Minervois;16;
34098;Ferrals-les-Montagnes;69.2;
34099;Ferrières-les-Verreries;18;
34100;Ferrières-Poussarou;48.4;
34101;Florensac;16.5;
34102;Fontanès;28.3;
34103;Fontès;13.4;
34104;Fos;12.3;
34105;Fouzilhon;16.5;
34106;Fozières;11.5;*
34107;Fraisse-sur-Agout;72.7;
34108;Frontignan;9.2;
34109;Gabian;16.4;
34110;Galargues;10.6;
34111;Ganges;2.4;
34112;Garrigues;18.1;
34113;Gigean;22.3;
34114;Gignac;10.3;
34115;Gorniès;162.4;
34116;Grabels;11.1;*
34117;Graissessac;N/A - division par 0;
34118;Guzargues;26.5;
34119;Hérépian;0.8;
34120;Jacou;34.7;
34121;Joncels;74.6;
34122;Jonquières;11.3;
34123;Juvignac;13.7;*
34124;Lacoste;3.4;
34125;Lagamas;14.3;
34126;Lamalou-les-Bains;15.4;
34127;Lansargues;37.2;
34128;Laroque;15.4;
34129;Lattes;40.7;
34130;Laurens;17.9;
34131;Lauret;23.7;
34132;Lauroux;112.9;
34133;Lavalette;160;
34134;Lavérune;11.8;
34135;Lespignan;10.5;
34136;Lézignan-la-Cèbe;13.2;
34137;Liausson;12.5;
34138;Lieuran-Cabrières;3.4;
34139;Lieuran-lès-Béziers;18;
34140;Lignan-sur-Orb;5.6;
34141;La Livinière;22.9;
34142;Lodève;11.2;
34143;Loupian;8.6;
34144;Lunas;75.8;
34145;Lunel;17.1;
34146;Lunel-Viel;20.9;
34147;Magalas;17.7;
34148;Maraussan;19.3;
34149;Margon;11.4;
34150;Marseillan;14.2;
34151;Marsillargues;49;
34152;Mas-de-Londres;32.9;
34153;Les Matelles;16.4;
34154;Mauguio;33.7;
34155;Maureilhan;12.2;
34156;Mérifons;97.6;
34157;Mèze;23.5;
34158;Minerve;35.4;
34159;Mireval;6.2;
34160;Mons;8.2;
34161;Montady;33.3;
34162;Montagnac;16.1;
34163;Montarnaud;33.4;
34164;Montaud;21.4;
34165;Montbazin;15.8;
34166;Montblanc;15.8;
34167;Montels;20.5;
34168;Montesquieu;20.2;
34169;Montferrier-sur-Lez;27.2;
34170;Montouliers;17.6;
34171;Montoulieu;66.2;
34172;Montpellier;19.5;
34173;Montpeyroux;13.1;
34174;Moulès-et-Baucels;105.8;
34175;Mourèze;6.2;
34176;Mudaison;64.7;*
34177;Murles;3.8;
34178;Murviel-lès-Béziers;16.9;
34179;Murviel-lès-Montpellier;10.8;
34180;Nébian;8.2;
34181;Neffiès;14.5;
34182;Nézignan-l'Évêque;11.2;
34183;Nissan-lez-Enserune;15.8;
34184;Nizas;21.1;
34185;Notre-Dame-de-Londres;40.8;
34186;Octon;35;
34187;Olargues;3.2;
34188;Olmet-et-Villecun;43.1;
34189;Olonzac;28.9;
34190;Oupia;10;
34191;Pailhès;15.3;
34192;Palavas-les-Flots;13.2;*
34193;Pardailhan;41.1;
34194;Paulhan;10;
34195;Pégairolles-de-Buèges;37.8;
34196;Pégairolles-de-l'Escalette;77.8;
34197;Péret;31.5;
34198;Pérols;29.6;*
34199;Pézenas;12.8;
34200;Pézènes-les-Mines;55.6;
34201;Pierrerue;16.5;
34202;Pignan;10.3;
34203;Pinet;11.5;
34204;Plaissan;7.6;
34205;Les Plans;104.3;
34206;Poilhes;10.4;
34207;Pomérols;22.5;
34208;Popian;10.7;
34209;Portiragnes;33.7;
34210;Le Pouget;7.1;
34211;Le Poujol-sur-Orb;10.5;
34212;Poujols;18.8;
34213;Poussan;8.6;
34214;Pouzolles;13.7;
34215;Pouzols;20.7;
34216;Le Pradal;2.8;
34217;Prades-le-Lez;3.8;*
34218;Prades-sur-Vernazobre;17.6;
34219;Prémian;8.6;
34220;Le Puech;13.7;
34221;Puéchabon;12;
34222;Puilacher;16.9;
34223;Puimisson;24.7;
34224;Puissalicon;27.5;
34225;Puisserguier;14.8;
34226;Quarante;15.5;
34227;Restinclières;18.7;
34228;Rieussec;188.3;
34229;Riols;28;
34230;Les Rives;232.7;
34231;Romiguières;283;
34232;Roquebrun;12.7;
34233;Roqueredonde;192.6;
34234;Roquessels;21.9;
34235;Rosis;N/A - division par 0;
34236;Rouet;219.8;
34237;Roujan;17;
34238;Saint-André-de-Buèges;56.2;
34239;Saint-André-de-Sangonis;9.7;
34240;Saint-Aunès;24.8;
34241;Saint-Bauzille-de-la-Sylve;14.9;
34242;Saint-Bauzille-de-Montmel;95.3;
34243;Saint-Bauzille-de-Putois;7.4;
34244;Saint-Brès;14.2;
34245;Saint-Chinian;11.5;
34246;Entre-Vignes;26.7;
34247;Saint-Clément-de-Rivière;31.3;
34248;Sainte-Croix-de-Quintillargues;69.8;
34249;Saint-Drézéry;35.1;
34250;Saint-Étienne-d'Albagnan;5.4;*
34251;Saint-Étienne-de-Gourgas;97.5;
34252;Saint-Étienne-Estréchoux;N/A - division par 0;
34253;Saint-Félix-de-l'Héras;455.2;
34254;Saint-Félix-de-Lodez;17.7;
34255;Saint-Gély-du-Fesc;28.7;
34256;Saint-Geniès-des-Mourgues;25.5;
34257;Saint-Geniès-de-Varensal;32.5;
34258;Saint-Geniès-de-Fontedit;13.2;
34259;Saint-Georges-d'Orques;6.3;
34260;Saint-Gervais-sur-Mare;40.6;
34261;Saint-Guilhem-le-Désert;13.6;
34262;Saint-Guiraud;9.6;
34263;Saint-Hilaire-de-Beauvoir;24.5;
34264;Saint-Jean-de-Buèges;14.8;
34265;Saint-Jean-de-Cornies;47.3;
34266;Saint-Jean-de-Cuculles;11.3;
34267;Saint-Jean-de-Fos;7.7;
34268;Saint-Jean-de-la-Blaquière;14;
34269;Saint-Jean-de-Minervois;16.7;
34270;Saint-Jean-de-Védas;16.8;
34271;Saint-Julien;2;
34272;Saint-Just;11.9;
34273;Saint-Martin-de-l'Arçon;8.4;
34274;Saint-Martin-de-Londres;80.9;
34276;Saint-Mathieu-de-Tréviers;37.1;
34277;Saint-Maurice-Navacelles;352.9;
34278;Saint-Michel;403;
34279;Saint-Nazaire-de-Ladarez;23;
34280;Saint-Nazaire-de-Pézan;37.7;
34281;Saint-Pargoire;9.3;
34282;Saint-Paul-et-Valmalle;26.7;
34283;Saint-Pierre-de-la-Fage;N/A - division par 0;
34284;Saint-Pons-de-Thomières;62.1;
34285;Saint-Pons-de-Mauchiens;15.1;
34286;Saint-Privat;10;
34287;Saint-Saturnin-de-Lucian;11.8;
34288;Saint-Sériès;17.6;
34289;Saint-Thibéry;18.3;
34290;Saint-Vincent-de-Barbeyrargues;15;*
34291;Saint-Vincent-d'Olargues;5.4;
34292;Salasc;22.6;
34293;La Salvetat-sur-Agout;60.1;
34294;Saturargues;9;
34295;Saussan;7.6;
34296;Saussines;10.9;
34297;Sauteyrargues;84.7;
34298;Sauvian;23.9;
34299;Sérignan;8.7;
34300;Servian;18.9;
34301;Sète;N/A - division par 0;
34302;Siran;12.2;
34303;Sorbs;323;
34304;Soubès;18.7;
34305;Le Soulié;65.1;*
34306;Soumont;59.3;*
34307;Sussargues;32.8;
34308;Taussac-la-Billière;3;
34309;Teyran;69.6;
34310;Thézan-lès-Béziers;30.7;
34311;Tourbes;17.4;
34312;La Tour-sur-Orb;26.1;
34313;Tressan;11.3;
34314;Le Triadou;56.8;
34315;Usclas-d'Hérault;19.2;
34316;Usclas-du-Bosc;3.8;
34317;La Vacquerie-et-Saint-Martin-de-Castries;228.8;
34318;Vacquières;24.1;
34319;Vailhan;13.1;
34320;Vailhauquès;21.2;
34321;Valergues;7.5;
34322;Valflaunès;29.8;
34323;Valmascle;5.1;
34324;Valras-Plage;20.4;*
34325;Valros;9.7;
34326;Vélieux;74;
34327;Vendargues;9.4;
34328;Vendémian;9.1;
34329;Vendres;62.3;
34331;Verreries-de-Moussans;46.5;
34332;Vias;29.9;
34333;Vic-la-Gardiole;18;
34334;Vieussan;17.1;*
34335;Villemagne-l'Argentière;5.4;
34336;Villeneuve-lès-Béziers;19.2;
34337;Villeneuve-lès-Maguelone;26.5;*
34338;Villeneuvette;29.4;
34339;Villespassans;9.8;
34340;Villetelle;10.2;
34341;Villeveyrac;15.1;
34342;Viols-en-Laval;749.1;
34343;Viols-le-Fort;36.9;
34344;La Grande-Motte;113.5;
35001;Acigné;69.8;
35002;Amanlis;66.9;
35003;Andouillé-Neuville;107.4;
35004;Val-Couesnon;70.6;
35005;Arbrissel;53.8;
35006;Argentré-du-Plessis;75.6;
35007;Aubigné;57.4;
35008;Availles-sur-Seiche;45.8;
35009;Baguer-Morvan;60.2;
35010;Baguer-Pican;83.6;
35012;Bain-de-Bretagne;70.9;
35013;Bains-sur-Oust;83.4;
35014;Bais;59.5;
35015;Balazé;70;
35016;Baulon;44.3;
35017;La Baussaine;48.8;
35018;La Bazouge-du-Désert;61.9;
35019;Bazouges-la-Pérouse;85.1;
35021;Beaucé;112.8;
35022;Bécherel;N/A - division par 0;
35023;Bédée;68.4;
35024;Betton;57.3;
35025;Billé;52.5;
35026;Bléruais;28.9;
35027;Boisgervilly;65.1;
35028;Boistrudan;54.6;
35029;Bonnemain;47.3;
35030;La Bosse-de-Bretagne;77.6;
35031;La Bouëxière;40.3;
35032;Bourgbarré;50.8;
35033;Bourg-des-Comptes;81.5;
35034;La Boussac;35.6;
35035;Bovel;33.8;
35037;Bréal-sous-Montfort;44.6;
35038;Bréal-sous-Vitré;78.7;
35039;Brécé;66.9;
35040;Breteil;50.1;
35041;Brie;81.1;
35042;Brielles;53.2;
35044;Broualan;63;
35045;Bruc-sur-Aff;87.9;
35046;Les Brulais;49.1;
35047;Bruz;45;
35049;Cancale;28.1;*
35050;Cardroc;44.4;
35051;Cesson-Sévigné;58.7;
35052;Champeaux;92.9;
35054;Chanteloup;53.2;
35055;Chantepie;46.8;
35056;La Chapelle-aux-Filtzméens;38.1;
35057;La Chapelle-Bouëxic;78.7;
35058;La Chapelle-Chaussée;37.1;
35059;La Chapelle-des-Fougeretz;41.2;
35060;La Chapelle du Lou du Lac;41.3;
35061;La Chapelle-Erbrée;49.3;
35062;La Chapelle-Janson;55.5;
35063;La Chapelle-Saint-Aubert;32.9;
35064;La Chapelle-de-Brain;160.7;
35065;La Chapelle-Thouarault;63.1;
35066;Chartres-de-Bretagne;129.5;
35067;Chasné-sur-Illet;41.4;
35068;Châteaubourg;68.2;
35069;Châteaugiron;43;
35070;Châteauneuf-d'Ille-et-Vilaine;N/A - division par 0;
35071;Le Châtellier;44.7;
35072;Châtillon-en-Vendelais;62.3;
35075;Chauvigné;83.9;
35076;Chavagne;40.2;
35077;Chelun;127.2;
35078;Cherrueix;50.5;
35079;Chevaigné;72.5;
35080;Cintré;47.9;
35081;Clayes;47.2;
35082;Coësmes;65.5;
35084;Comblessac;91.8;
35085;Combourg;76.8;
35086;Combourtillé;96.3;
35087;Cornillé;58;
35088;Corps-Nuds;51.8;
35089;La Couyère;80.3;
35090;Crevin;65.5;
35091;Le Crouais;71.4;
35092;Cuguen;71.8;
35093;Dinard;0.3;
35094;Dingé;54.4;
35095;Dol-de-Bretagne;95.7;
35096;Domagné;49;
35097;Domalain;52.3;
35098;La Dominelais;90.9;
35099;Domloup;63.3;
35101;Dourdain;49.8;
35102;Drouges;55.6;
35103;Eancé;97.8;
35104;Epiniac;84.9;
35105;Erbrée;60.1;
35106;Ercé-en-Lamée;68.7;
35107;Ercé-près-Liffré;75.7;
35108;Essé;55.9;
35109;Étrelles;65.9;
35110;Feins;78.6;
35111;Le Ferré;55.4;
35112;Fleurigné;49.5;
35114;Forges-la-Forêt;96.3;
35115;Fougères;17.6;
35116;La Fresnais;67.1;
35117;Gaël;84.1;
35118;Gahard;56.5;
35119;Gennes-sur-Seiche;51.7;
35120;Gévezé;53.8;
35121;Gosné;51.5;
35122;La Gouesnière;45.4;
35123;Goven;55;
35124;Grand-Fougeray;86.7;
35125;La Guerche-de-Bretagne;59.1;
35126;Guichen;55.9;
35127;Guignen;68.2;
35128;Guipel;71.3;
35130;Hédé-Bazouges;72.1;
35131;L'Hermitage;42.8;
35132;Hirel;76.1;
35133;Iffendic;68.8;
35134;Les Iffs;57.6;
35135;Irodouër;61;
35136;Janzé;64.6;
35137;Javené;60.9;
35138;Laignelet;31.3;
35139;Laillé;56.9;
35140;Lalleu;69.9;
35141;Landavran;40.9;
35142;Landéan;56.5;
35143;Landujan;63;
35144;Langan;32.8;
35145;Langon;70;
35146;Langouet;46.8;
35148;Lanrigan;50.2;
35149;Lassy;75;
35150;Lécousse;44.6;
35151;Lieuron;77.1;
35152;Liffré;70.7;
35153;Lillemer;98.9;
35154;Livré-sur-Changeon;70.2;
35155;Lohéac;81.1;
35156;Longaulnay;83.5;
35157;Le Loroux;45.8;
35159;Lourmais;57.9;
35160;Loutehel;65.5;
35161;Louvigné-de-Bais;47.7;
35162;Louvigné-du-Désert;47.1;
35163;Luitré-Dompierre;59.1;
35164;Marcillé-Raoul;92.3;
35165;Marcillé-Robert;56.6;
35166;Marpiré;53.9;
35167;Martigné-Ferchaud;74.1;
35168;Val d'Anast;71;
35169;Maxent;71;
35170;Mecé;57.3;
35171;Médréac;52.2;
35172;Meillac;80.4;
35173;Melesse;54.8;
35174;Mellé;61.3;
35175;Mernel;69.4;
35176;Guipry-Messac;81.8;
35177;La Mézière;48.8;
35178;Mézières-sur-Couesnon;67.9;
35179;Miniac-Morvan;66.6;
35180;Miniac-sous-Bécherel;69.8;
35181;Le Minihic-sur-Rance;13.7;
35183;Mondevert;74.4;
35184;Montauban-de-Bretagne;55.4;
35185;Montautour;68.5;
35186;Mont-Dol;58.4;
35187;Monterfil;107;
35188;Montfort-sur-Meu;44.1;
35189;Montgermont;37.5;
35190;Monthault;65.5;
35191;Les Portes du Coglais;53.7;
35192;Montreuil-des-Landes;70.2;
35193;Montreuil-le-Gast;50.3;
35194;Montreuil-sous-Pérouse;75.3;
35195;Montreuil-sur-Ille;70.7;
35196;Mordelles;68.9;
35197;Mouazé;39.8;
35198;Moulins;60.3;
35199;Moussé;18.5;
35200;Moutiers;59.1;
35201;Muel;67.6;
35202;La Noë-Blanche;72.6;
35203;La Nouaye;83;
35204;Nouvoitou;40.2;
35205;Noyal-sous-Bazouges;78;
35206;Noyal-Châtillon-sur-Seiche;56.2;
35207;Noyal-sur-Vilaine;86.8;
35208;Orgères;57.1;
35210;Pacé;58.2;
35211;Paimpont;57.5;
35212;Pancé;64.1;
35214;Parcé;64;
35215;Parigné;59.5;
35216;Parthenay-de-Bretagne;59.1;
35217;Le Pertre;57.6;
35218;Le Petit-Fougeray;63;
35219;Pipriac;72.3;
35220;Piré-Chancé;68.3;
35221;Pléchâtel;81.3;
35222;Pleine-Fougères;87.6;
35223;Plélan-le-Grand;78.8;
35224;Plerguer;46.3;
35225;Plesder;66.3;
35226;Pleugueneuc;53.1;
35227;Pleumeleuc;60.6;
35228;Pleurtuit;126.1;
35229;Pocé-les-Bois;65.2;
35230;Poilley;35;
35231;Poligné;65.2;
35232;Princé;64.1;
35233;Québriac;82.3;
35234;Quédillac;61;
35235;Rannée;56.2;
35236;Redon;6.8;
35237;Renac;91;
35238;Rennes;33.7;
35239;Retiers;61.7;
35240;Le Rheu;62.4;
35241;La Richardais;2.2;*
35242;Rimou;83.8;
35243;Romagné;52.3;
35244;Romazy;83.6;
35245;Romillé;48.4;
35246;Roz-Landrieux;95;
35247;Roz-sur-Couesnon;67.4;
35248;Sains;97.8;
35249;Sainte-Anne-sur-Vilaine;73.8;
35250;Saint-Armel;60.8;
35251;Saint-Aubin-d'Aubigné;64.7;
35252;Saint-Aubin-des-Landes;78.4;
35253;Saint-Aubin-du-Cormier;80.5;
35255;Saint-Benoît-des-Ondes;N/A - division par 0;
35256;Saint-Briac-sur-Mer;28.2;
35257;Maen Roch;55.4;
35258;Saint-Brieuc-des-Iffs;66;
35259;Saint-Broladre;56.1;
35260;Saint-Christophe-des-Bois;42.1;
35261;Saint-Christophe-de-Valains;103.7;
35262;Sainte-Colombe;68.7;
35263;Saint-Coulomb;28.9;
35264;Saint-Didier;69.2;
35265;Saint-Domineuc;80.6;
35266;Saint-Erblon;41;
35268;Saint-Ganton;59.2;
35270;Saint-Georges-de-Gréhaigne;106.3;
35271;Saint-Georges-de-Reintembault;41.3;
35272;Saint-Germain-du-Pinel;52.5;
35273;Saint-Germain-en-Coglès;58.7;
35274;Saint-Germain-sur-Ille;58.1;
35275;Saint-Gilles;47.5;
35276;Saint-Gondran;46.1;
35277;Saint-Gonlay;73.5;
35278;Saint-Grégoire;39.9;
35279;Saint-Guinoux;65.1;
35280;Saint-Hilaire-des-Landes;60.8;
35281;Saint-Jacques-de-la-Lande;81.8;
35282;Rives-du-Couesnon;75.3;
35283;Saint-Jean-sur-Vilaine;43.1;
35284;Saint-Jouan-des-Guérets;29.4;
35285;Saint-Just;60;
35286;Saint-Léger-des-Prés;255.5;
35287;Saint-Lunaire;45.5;
35288;Saint-Malo;52.7;
35289;Saint-Malo-de-Phily;59.7;
35290;Saint-Malon-sur-Mel;64.7;
35291;Saint-Marcan;105.6;
35292;Saint-Marc-le-Blanc;59.4;
35294;Sainte-Marie;77;
35295;Saint-Maugan;53.1;
35296;Saint-Médard-sur-Ille;53.4;
35297;Saint-Méen-le-Grand;72;
35299;Saint-Méloir-des-Ondes;46.1;
35300;Saint-M'Hervé;66.9;
35302;Saint-Onen-la-Chapelle;69.7;
35304;Saint-Ouen-des-Alleux;56;
35305;Saint-Péran;92.2;
35306;Saint-Père-Marc-en-Poulet;69.1;
35307;Saint-Pern;72.2;
35308;Mesnil-Roc'h;52.1;
35309;Saint-Rémy-du-Plain;115;
35310;Saint-Sauveur-des-Landes;43.8;
35311;Saint-Séglin;64.1;
35312;Saint-Senoux;65;
35314;Saint-Suliac;75.5;
35315;Saint-Sulpice-la-Forêt;42.3;
35316;Saint-Sulpice-des-Landes;62.3;
35317;Saint-Symphorien;109.6;
35318;Saint-Thual;40.6;
35319;Saint-Thurial;51.6;
35320;Saint-Uniac;69.2;
35321;Saulnières;58;
35322;Le Sel-de-Bretagne;60.3;
35324;La Selle-en-Luitré;42.2;
35325;La Selle-Guerchaise;25.4;
35326;Sens-de-Bretagne;83.2;
35327;Servon-sur-Vilaine;46.4;
35328;Sixt-sur-Aff;84.9;
35329;Sougéal;76.9;
35330;Taillis;49.1;
35331;Talensac;52.3;
35332;Teillay;58.8;
35333;Le Theil-de-Bretagne;52.2;
35334;Thorigné-Fouillard;71.9;
35335;Thourie;70.8;
35336;Le Tiercent;59.5;
35337;Tinténiac;77.9;
35338;Torcé;58;
35339;Trans-la-Forêt;76.7;
35340;Treffendel;121.2;
35342;Trémeheuc;70.8;
35343;Tresbœuf;71.9;
35345;Trévérien;49.2;
35346;Trimer;63.8;
35347;Val-d'Izé;66.8;
35350;Vergéal;34.9;
35351;Le Verger;58.2;
35352;Vern-sur-Seiche;76.1;
35353;Vezin-le-Coquet;63.7;
35354;Vieux-Viel;46.7;
35355;Vieux-Vy-sur-Couesnon;84.3;
35356;Vignoc;52.6;
35357;Villamée;48.8;
35358;La Ville-ès-Nonais;48.7;
35359;Visseiche;52.6;
35360;Vitré;63.6;
35361;Le Vivier-sur-Mer;80.6;
35362;Le Tronchet;94.9;
35363;Pont-Péan;26.8;*
36001;Aigurande;68.3;
36002;Aize;117.6;
36003;Ambrault;130.8;
36004;Anjouin;112.4;
36005;Ardentes;111.5;
36006;Argenton-sur-Creuse;128.9;
36007;Argy;144.7;
36008;Arpheuilles;120.2;
36009;Arthon;110;
36010;Azay-le-Ferron;105.1;
36011;Bagneux;92.8;
36012;Baraize;115.1;
36013;Baudres;123;
36014;Bazaiges;97.4;
36015;Beaulieu;192.4;
36016;Bélâbre;115.8;
36017;La Berthenoux;112.6;
36018;Le Blanc;91.9;
36019;Bommiers;140.8;
36020;Bonneuil;144;
36021;Les Bordes;169.5;
36022;Bouesse;100.5;
36023;Bouges-le-Château;206.9;
36024;Bretagne;107;
36025;Briantes;115.9;
36026;Brion;204.3;
36027;Brives;241.2;
36028;La Buxerette;73.7;
36029;Buxeuil;131.5;
36030;Buxières-d'Aillac;136.6;
36031;Buzançais;118.3;
36032;Ceaulmont;88;
36033;Celon;136;
36034;Chabris;86.5;
36035;Chaillac;110.8;
36036;Chalais;91.3;*
36037;La Champenoise;253.3;
36038;Champillet;60.9;*
36040;La Chapelle-Orthemale;121.1;
36041;La Chapelle-Saint-Laurian;147.8;
36042;Chasseneuil;89.2;
36043;Chassignolles;78.2;
36044;Châteauroux;94.5;
36045;Châtillon-sur-Indre;192.2;
36046;La Châtre;3.3;*
36047;La Châtre-Langlin;119.6;
36048;Chavin;127.5;
36049;Chazelet;67.3;
36050;Chezelles;135.9;
36051;Chitray;187.4;
36052;Chouday;263.9;
36053;Ciron;161;
36054;Cléré-du-Bois;144.2;
36055;Clion;106.4;
36056;Cluis;89.1;
36057;Coings;198.7;
36058;Concremiers;145.4;
36059;Condé;161.6;
36060;Crevant;128.9;
36061;Crozon-sur-Vauvre;85.6;
36062;Cuzion;92.6;
36063;Déols;116.9;
36064;Diors;173.1;
36065;Diou;217.9;
36066;Douadic;157.7;
36067;Dunet;98;
36068;Dun-le-Poëlier;93.5;
36069;Écueillé;84.9;
36070;Éguzon-Chantôme;114.2;
36071;Étrechet;130.3;
36073;Feusines;88.8;
36074;Fléré-la-Rivière;191.5;
36075;Fontenay;135.6;
36076;Fontgombault;61.4;
36077;Fontguenand;109.3;
36078;Fougerolles;98.7;
36079;Francillon;143.9;
36080;Frédille;85.8;
36081;Gargilesse-Dampierre;99.3;
36082;Gehée;84.1;
36083;Giroux;255.1;
36084;Gournay;112.5;
36085;Guilly;125.6;
36086;Heugnes;135.3;
36087;Ingrandes;169.5;
36088;Issoudun;132.6;
36089;Jeu-les-Bois;127.3;
36090;Jeu-Maloches;101.2;
36091;Lacs;163.7;
36092;Langé;122.7;
36093;Levroux;138.1;
36094;Lignac;104.9;
36095;Lignerolles;63.3;
36096;Lingé;106.5;
36097;Liniez;189.8;
36098;Lizeray;222;
36099;Lourdoueix-Saint-Michel;101.9;
36100;Lourouer-Saint-Laurent;120.5;
36101;Luant;123.3;
36102;Luçay-le-Libre;176.6;
36103;Luçay-le-Mâle;133.9;
36104;Lurais;96.9;
36105;Lureuil;128.2;
36106;Luzeret;115;
36107;Lye;63.4;
36108;Lys-Saint-Georges;57.4;
36109;Le Magny;66.4;
36110;Maillet;72.8;
36111;Malicornay;182.6;
36112;Mâron;210.6;
36113;Martizay;111;
36114;Mauvières;82;*
36115;Menetou-sur-Nahon;197.9;
36116;Ménétréols-sous-Vatan;206.2;
36117;Le Menoux;94.2;
36118;Méobecq;164.4;
36119;Mérigny;110.1;
36120;Mers-sur-Indre;78.8;
36121;Meunet-Planches;115.2;
36122;Meunet-sur-Vatan;156.4;
36123;Mézières-en-Brenne;82.8;
36124;Migné;142.9;
36125;Migny;344.7;
36126;Montchevrier;68.4;
36127;Montgivray;117.3;
36128;Montierchaume;91.7;
36129;Montipouret;62.6;
36130;Montlevicq;158.2;
36131;Mosnay;110.9;
36132;La Motte-Feuilly;95.6;
36133;Mouhers;95;
36134;Mouhet;84.1;
36135;Moulins-sur-Céphons;102.8;
36136;Murs;181.8;
36137;Néons-sur-Creuse;123.8;
36138;Néret;108.9;
36139;Neuillay-les-Bois;115.4;
36140;Neuvy-Pailloux;261.6;
36141;Neuvy-Saint-Sépulchre;79.8;
36142;Niherne;146.1;
36143;Nohant-Vic;83.8;
36144;Nuret-le-Ferron;194.4;
36145;Obterre;74.3;
36146;Orsennes;85.9;
36147;Orville;91.8;
36148;Oulches;166.9;
36149;Palluau-sur-Indre;182.7;
36150;Parnac;84.3;
36152;Paudy;221.9;
36153;Paulnay;111.3;
36154;Le Pêchereau;75.1;
36155;Pellevoisin;104.3;
36156;Pérassay;109;
36157;La Pérouille;110.9;
36158;Badecon-le-Pin;73.1;
36159;Le Poinçonnet;141;
36160;Pommiers;93.4;
36161;Le Pont-Chrétien-Chabenet;185.8;
36162;Poulaines;92.1;
36163;Pouligny-Notre-Dame;64.6;
36164;Pouligny-Saint-Martin;85.7;
36165;Pouligny-Saint-Pierre;130.5;
36166;Préaux;119.3;
36167;Preuilly-la-Ville;95.3;
36168;Prissac;80;
36169;Pruniers;176.1;
36170;Reboursin;161.4;
36171;Reuilly;90.6;
36172;Rivarennes;191.6;
36173;Rosnay;141.4;
36174;Roussines;82.5;
36175;Rouvres-les-Bois;101.4;
36176;Ruffec;146.3;
36177;Sacierges-Saint-Martin;114.1;
36178;Saint-Aigny;95;
36179;Saint-Aoustrille;246.8;
36180;Saint-Août;95.7;
36181;Saint-Aubin;157.6;
36182;Saint-Benoît-du-Sault;179.9;
36184;Saint-Chartier;103.6;
36185;Saint-Christophe-en-Bazelle;135.4;
36186;Saint-Christophe-en-Boucherie;114.4;
36187;Saint-Civran;103.5;*
36188;Saint-Cyran-du-Jambot;135.1;
36189;Saint-Denis-de-Jouhet;64.4;
36190;Sainte-Fauste;161.7;
36191;Saint-Florentin;88.7;
36192;Saint-Gaultier;70.6;
36193;Sainte-Gemme;68.4;
36194;Saint-Genou;177.8;
36195;Saint-Georges-sur-Arnon;167.9;
36196;Saint-Gilles;29.3;
36197;Saint-Hilaire-sur-Benaize;155.3;
36198;Saint-Lactencin;131.1;
36199;Sainte-Lizaigne;172.4;
36200;Saint-Marcel;54.3;*
36202;Saint-Maur;136.3;
36203;Saint-Médard;114.9;
36204;Saint-Michel-en-Brenne;139.1;
36205;Saint-Pierre-de-Jards;245.1;
36207;Saint-Plantaire;82;
36208;Sainte-Sévère-sur-Indre;85.5;
36209;Saint-Valentin;168.5;
36210;Sarzay;55.2;
36211;Sassierges-Saint-Germain;111.1;
36212;Saulnay;92.6;
36213;Sauzelles;98.3;
36214;Sazeray;98.7;
36215;Ségry;166.7;
36216;Selles-sur-Nahon;105.4;
36217;Sembleçay;142.9;
36218;Sougé;119.9;
36219;Tendu;142.2;
36220;Thenay;95.4;
36221;Thevet-Saint-Julien;116.2;
36222;Thizay;203.9;
36223;Tilly;129.2;
36224;Tournon-Saint-Martin;107.9;
36225;Le Tranger;132.9;
36226;Tranzault;74.4;
36227;Urciers;108.5;
36228;Valençay;93.8;
36229;Val-Fouzon;123.3;
36230;Vatan;148.5;
36231;Velles;132.2;
36232;Vendœuvres;132.5;
36233;La Vernelle;143;
36234;Verneuil-sur-Igneraie;95.2;
36235;Veuil;107.5;
36236;Vicq-Exemplet;128.9;
36237;Vicq-sur-Nahon;130;
36238;Vigoulant;53.9;
36239;Vigoux;124.3;
36240;Vijon;106.6;
36241;Villedieu-sur-Indre;156.5;
36242;Villegongis;291;
36243;Villegouin;77.8;
36244;Villentrois-Faverolles-en-Berry;100.5;
36246;Villiers;139.1;
36247;Vineuil;163.2;
36248;Vouillon;110.6;
37001;Abilly;92.9;
37002;Ambillou;75.6;
37003;Amboise;19.7;
37004;Anché;40.5;
37005;Antogny-le-Tillac;126.9;
37006;Artannes-sur-Indre;90.2;
37007;Assay;74.2;
37008;Athée-sur-Cher;101.2;
37009;Autrèche;98.2;
37010;Auzouer-en-Touraine;149;
37011;Avoine;60.6;
37012;Avon-les-Roches;70.4;
37013;Avrillé-les-Ponceaux;73.9;
37014;Azay-le-Rideau;65.8;
37015;Azay-sur-Cher;163.8;
37016;Azay-sur-Indre;101.3;
37018;Ballan-Miré;35.9;
37019;Barrou;140.6;
37020;Beaulieu-lès-Loches;186;
37021;Beaumont-Louestault;128;
37022;Beaumont-en-Véron;47.7;*
37023;Beaumont-Village;117.8;
37024;Benais;14.4;
37025;Berthenay;112.9;
37026;Betz-le-Château;96;
37027;Bléré;78.8;
37028;Bossay-sur-Claise;96.1;
37029;Bossée;73.2;
37030;Le Boulay;96.7;
37031;Bourgueil;20.6;
37032;Bournan;133;
37033;Boussay;100.8;
37034;Braslou;65.4;
37035;Braye-sous-Faye;109.4;
37036;Braye-sur-Maulne;81.4;
37037;Brèches;93.4;
37038;Bréhémont;5.1;
37039;Bridoré;143.7;
37040;Brizay;111.1;
37041;Bueil-en-Touraine;75.4;
37042;Candes-Saint-Martin;157.5;
37043;Cangey;178.5;
37044;La Celle-Guenand;119.1;
37045;La Celle-Saint-Avant;98.8;
37046;Céré-la-Ronde;121.9;
37047;Cerelles;58.1;
37048;Chambon;230.8;
37049;Chambourg-sur-Indre;87;
37050;Chambray-lès-Tours;40.5;
37051;Champigny-sur-Veude;75.3;
37052;Chançay;41.6;
37053;Chanceaux-près-Loches;125.4;
37054;Chanceaux-sur-Choisille;120.6;
37055;Channay-sur-Lathan;89.8;
37056;La Chapelle-aux-Naux;6;
37057;La Chapelle-Blanche-Saint-Martin;120.1;
37058;La Chapelle-sur-Loire;65.3;
37059;Charentilly;113.6;
37060;Chargé;65;
37061;Charnizay;86.1;
37062;Château-la-Vallière;99.9;
37063;Château-Renault;109.8;
37064;Chaumussay;84.4;
37065;Chaveignes;124.6;
37066;Chédigny;149.3;
37067;Cheillé;78.6;
37068;Chemillé-sur-Dême;134.1;
37069;Chemillé-sur-Indrois;93.6;
37070;Chenonceaux;3.1;
37071;Chezelles;82.5;
37072;Chinon;47.9;
37073;Chisseaux;91.9;
37074;Chouzé-sur-Loire;72.1;
37075;Cigogné;169.5;
37076;Cinais;210.9;
37077;Cinq-Mars-la-Pile;52.6;
37078;Ciran;133.2;
37079;Civray-de-Touraine;83.2;
37080;Civray-sur-Esves;101.7;
37081;Cléré-les-Pins;81.5;
37082;Continvoir;15.3;
37083;Cormery;10.9;
37084;Couesmes;94.3;
37085;Courçay;105.1;
37086;Courcelles-de-Touraine;129.7;
37087;Courcoué;100.7;
37088;Couziers;100;
37089;Cravant-les-Côteaux;36.4;
37090;Crissay-sur-Manse;44.4;
37091;La Croix-en-Touraine;68.3;
37092;Crotelles;150.1;
37093;Crouzilles;90.5;
37094;Cussay;79.7;
37095;Dame-Marie-les-Bois;243.2;
37096;Dierre;113.2;
37097;Dolus-le-Sec;103.7;
37098;Draché;111.3;
37099;Druye;110.7;
37100;Épeigné-les-Bois;58.2;
37101;Épeigné-sur-Dême;137;
37103;Esves-le-Moutier;83.4;
37104;Esvres;89.6;
37105;Faye-la-Vineuse;91.8;
37106;La Ferrière;116.9;
37107;Ferrière-Larçon;102.4;
37108;Ferrière-sur-Beaulieu;68.9;
37109;Fondettes;33.3;
37110;Francueil;44.1;
37111;Genillé;127.7;
37112;Gizeux;88.4;
37113;Le Grand-Pressigny;104.6;
37114;La Guerche;164;
37115;Descartes;128.6;
37116;Les Hermites;146.1;
37117;Hommes;104.2;
37118;Huismes;74.2;
37119;L'Île-Bouchard;64.5;
37121;Jaulnay;103.1;
37122;Joué-lès-Tours;121.9;
37123;Langeais;26.4;
37124;Larçay;47.9;
37125;Lémeré;81;
37126;Lerné;101.6;
37127;Le Liège;109;
37128;Lignières-de-Touraine;36.6;
37129;Ligré;74.6;
37130;Ligueil;95.6;
37131;Limeray;50.6;
37132;Loches;96.4;
37133;Loché-sur-Indrois;139.9;
37134;Louans;89.2;
37136;Le Louroux;134.6;
37137;Lublé;113.1;
37138;Lussault-sur-Loire;17.7;
37139;Luynes;113.4;
37140;Luzé;112.4;
37141;Luzillé;135.8;
37142;Maillé;101.8;
37143;Manthelan;102.5;
37144;Marçay;112;
37145;Marcé-sur-Esves;76.7;
37146;Marcilly-sur-Maulne;94;
37147;Marcilly-sur-Vienne;86.4;
37148;Marigny-Marmande;102.6;
37149;Marray;146.2;
37150;Mazières-de-Touraine;117.4;
37151;La Membrolle-sur-Choisille;28;
37152;Mettray;114;
37153;Monnaie;105.4;
37154;Montbazon;N/A - division par 0;
37155;Monthodon;124.7;
37156;Montlouis-sur-Loire;41.2;
37157;Montrésor;294.8;
37158;Montreuil-en-Touraine;158.8;
37159;Monts;128.4;
37160;Morand;168.9;
37161;Mosnes;81.2;
37162;Mouzay;120.7;
37163;Nazelles-Négron;42.9;
37165;Neuil;168.5;
37166;Neuillé-le-Lierre;128.5;
37167;Neuillé-Pont-Pierre;119.9;
37168;Neuilly-le-Brignon;136.8;
37169;Neuville-sur-Brenne;149.6;
37170;Neuvy-le-Roi;132;
37171;Noizay;30;
37172;Notre-Dame-d'Oé;90;
37173;Nouans-les-Fontaines;116;
37174;Nouâtre;95;
37175;Nouzilly;111.1;
37176;Noyant-de-Touraine;65.6;
37177;Orbigny;155.2;
37178;Panzoult;56.7;
37179;Parçay-Meslay;60;
37180;Parçay-sur-Vienne;63.4;
37181;Paulmy;94;
37182;Pernay;183.1;
37183;Perrusson;119.3;
37184;Le Petit-Pressigny;133.8;
37185;Pocé-sur-Cisse;22.8;
37186;Pont-de-Ruan;N/A - division par 0;
37187;Ports;102.4;
37188;Pouzay;84.6;
37189;Preuilly-sur-Claise;95.3;
37190;Pussigny;88.8;
37191;Razines;99.8;
37192;Reignac-sur-Indre;185.7;*
37193;Restigné;35.7;
37194;Reugny;87.4;
37195;La Riche;1.5;
37196;Richelieu;29.3;
37197;Rigny-Ussé;57.6;
37198;Rillé;129.3;
37199;Rilly-sur-Vienne;122.7;
37200;Rivarennes;137.4;
37201;Rivière;33.7;
37202;La Roche-Clermault;79.5;
37203;Rochecorbon;44.4;
37204;Rouziers-de-Touraine;103.7;
37205;Saché;69.4;
37206;Saint-Antoine-du-Rocher;143.1;
37207;Saint-Aubin-le-Dépeint;91.6;
37208;Saint-Avertin;39.8;
37210;Saint-Benoît-la-Forêt;90.4;
37211;Saint-Branchs;121.8;
37212;Sainte-Catherine-de-Fierbois;81;
37213;Saint-Christophe-sur-le-Nais;121.3;
37214;Saint-Cyr-sur-Loire;124.8;
37216;Saint-Épain;110.3;
37217;Saint-Étienne-de-Chigny;221.7;
37218;Saint-Flovier;127.8;
37219;Saint-Genouph;33.3;
37220;Saint-Germain-sur-Vienne;100.7;
37221;Saint-Hippolyte;118.1;
37222;Saint-Jean-Saint-Germain;79.3;
37223;Saint-Laurent-de-Lin;104.2;
37224;Saint-Laurent-en-Gâtines;110.8;
37225;Saint-Martin-le-Beau;17.7;
37226;Sainte-Maure-de-Touraine;99.7;
37228;Saint-Nicolas-de-Bourgueil;21.4;
37229;Saint-Nicolas-des-Motets;148.5;
37230;Saint-Ouen-les-Vignes;79.7;
37231;Saint-Paterne-Racan;79.7;
37232;Coteaux-sur-Loire;33.4;
37233;Saint-Pierre-des-Corps;2.4;
37234;Saint-Quentin-sur-Indrois;164.5;
37236;Saint-Règle;145.4;
37237;Saint-Roch;58.7;
37238;Saint-Senoch;98.7;
37240;Saunay;99.8;
37241;Savigné-sur-Lathan;121;
37242;Savigny-en-Véron;23.2;
37243;Savonnières;122.8;
37244;Sazilly;67.4;*
37245;Semblançay;78.4;
37246;Sennevières;100.6;
37247;Sepmes;85.4;
37248;Seuilly;109.5;
37249;Sonzay;102;
37250;Sorigny;84;
37251;Souvigné;80.7;
37252;Souvigny-de-Touraine;163.2;
37253;Sublaines;106.8;
37254;Tauxigny-Saint-Bauld;84.1;
37255;Tavant;118.1;
37256;Theneuil;88;
37257;Thilouze;122.4;
37258;Thizay;57.3;
37259;Tournon-Saint-Pierre;98.8;
37260;La Tour-Saint-Gelin;78.8;
37261;Tours;52.4;
37262;Trogues;124.1;
37263;Truyes;145.2;
37264;Vallères;46.8;
37265;Varennes;66;
37266;Veigné;195;
37267;Véretz;25.6;
37268;Verneuil-le-Château;106.3;
37269;Verneuil-sur-Indre;120.2;
37270;Vernou-sur-Brenne;30.8;
37271;Villaines-les-Rochers;34.4;
37272;Villandry;54.9;
37273;La Ville-aux-Dames;91.3;
37274;Villebourg;144.3;
37275;Villedômain;90.9;
37276;Villedômer;108.7;
37277;Villeloin-Coulangé;175.3;
37278;Villeperdue;81;
37279;Villiers-au-Bouin;121.9;
37280;Vou;143.5;
37281;Vouvray;37.4;
37282;Yzeures-sur-Creuse;107.6;
38001;Les Abrets en Dauphiné;45;
38002;Les Adrets;26.9;
38003;Agnin;56.4;
38004;L'Albenc;42.9;
38005;Allemond;20;
38006;Allevard;21.4;
38008;Ambel;179.6;
38009;Anjou;22.6;
38010;Annoisin-Chatelans;82.3;
38011;Anthon;60.6;
38012;Aoste;61.9;
38013;Apprieu;58.6;
38015;Artas;53.9;
38017;Assieu;75.9;
38018;Auberives-en-Royans;29.8;
38019;Auberives-sur-Varèze;40.5;
38020;Auris;N/A - division par 0;
38022;Les Avenières Veyrins-Thuellin;41.9;
38023;Avignonet;15.2;
38026;La Balme-les-Grottes;110.9;
38027;Barraux;28.6;
38029;La Bâtie-Montgascon;25;
38030;Beaucroissant;67;
38031;Beaufin;23.1;
38032;Beaufort;42.6;
38033;Beaulieu;33.6;
38034;Beaurepaire;53.7;
38035;Beauvoir-de-Marc;60.6;
38036;Beauvoir-en-Royans;1.3;
38037;Bellegarde-Poussieu;38.4;
38038;Belmont;64.7;
38039;Bernin;27.3;
38040;Besse;103.5;
38041;Bessins;48.7;
38042;Bévenais;26.2;
38043;Bilieu;55;
38044;Biol;45.5;
38045;Biviers;64.1;
38046;Bizonnes;69.9;
38047;Blandin;71.8;
38048;Bonnefamille;35.1;
38049;Bossieu;43.4;
38050;Le Bouchage;30;
38051;Bougé-Chambalud;44.2;
38052;Le Bourg-d'Oisans;32.9;
38053;Bourgoin-Jallieu;50.6;
38054;Bouvesse-Quirieu;90.8;
38055;Brangues;45.4;
38056;Bressieux;N/A - division par 0;
38057;Bresson;21.4;
38058;Brézins;159.9;
38059;Brié-et-Angonnes;34.8;*
38060;Brion;45.5;
38061;La Buisse;50.8;
38062;La Buissière;49.1;
38063;Burcin;65.6;
38064;Cessieu;41.9;
38065;Châbons;48.1;
38066;Chalon;64.8;
38067;Chamagnieu;78.8;
38068;Champagnier;49.8;
38069;Champier;49.3;
38070;Le Champ-près-Froges;15.8;*
38071;Champ-sur-Drac;N/A - division par 0;
38072;Chanas;18.3;
38073;Chantepérier;65.2;
38074;Chantesse;41.5;
38075;Chapareillan;33.1;
38076;La Chapelle-de-la-Tour;46.1;
38077;La Chapelle-de-Surieu;53.6;
38078;La Chapelle-du-Bard;29.2;
38080;Charancieu;65.4;
38081;Charantonnay;70.3;
38082;Charavines;37.5;
38083;Charette;92.1;
38084;Charnècles;23.5;
38085;Charvieu-Chavagneux;39.5;
38086;Chasselay;57.1;
38087;Chasse-sur-Rhône;39.2;
38089;Chassignieu;44.2;
38090;Château-Bernard;141.7;
38091;Châteauvilain;73.7;
38092;Châtelus;32.6;
38093;Châtenay;45.5;*
38094;Châtonnay;30.6;
38095;Chatte;29.4;
38097;Chavanoz;96.1;
38098;Chélieu;23.9;
38099;Chevrières;52.3;
38100;Le Cheylas;33.4;
38101;Cheyssieu;44.8;
38102;Chèzeneuve;113.1;
38103;Chichilianne;70.9;
38104;Chimilin;38.1;
38105;Chirens;50.3;
38106;Cholonge;79.7;
38107;Chonas-l'Amballan;54;
38108;Choranche;43.3;
38109;Chozeau;84.6;
38110;Chuzelles;45.3;
38111;Claix;33.3;
38112;Clavans-en-Haut-Oisans;N/A - division par 0;
38113;Clelles;77.1;
38114;Clonas-sur-Varèze;39.6;
38115;Saint-Martin-de-la-Cluze;53.1;
38116;Cognet;69.9;
38117;Cognin-les-Gorges;18.8;
38118;Colombe;71.2;
38120;La Combe-de-Lancey;10.8;
38124;Corbelin;61.3;
38126;Corenc;46.8;
38127;Cornillon-en-Trièves;61.8;
38128;Corps;49.7;
38129;Corrençon-en-Vercors;26.6;
38130;La Côte-Saint-André;59.1;
38131;Les Côtes-d'Arey;66.3;
38132;Les Côtes-de-Corps;N/A - division par 0;
38133;Coublevie;45.8;
38134;Cour-et-Buis;35.8;
38135;Courtenay;94.8;
38136;Crachier;N/A - division par 0;
38137;Cras;17.6;
38138;Crémieu;102;
38139;Creys-Mépieu;71.7;
38140;Crolles;69.9;
38141;Culin;58.8;
38144;Diémoz;75.2;
38146;Dizimieu;12.8;
38147;Doissin;53.6;
38148;Dolomieu;57.3;
38149;Domarin;26.6;
38150;Domène;1.7;*
38151;Échirolles;N/A - division par 0;
38152;Eclose-Badinières;34.5;
38153;Engins;43.7;
38154;Entraigues;437.5;
38155;Entre-deux-Guiers;63;
38156;Les Éparres;53.4;
38157;Estrablin;43.2;
38158;Eybens;N/A - division par 0;
38159;Eydoche;31.3;
38160;Eyzin-Pinet;61.5;
38161;Faramans;42;
38162;Faverges-de-la-Tour;46.3;
38163;Le Haut-Bréda;134.9;
38166;La Flachère;44;
38167;Flachères;90;
38169;Fontaine;8.8;
38170;Fontanil-Cornillon;19.9;
38171;La Forteresse;39.7;
38172;Four;82.2;
38173;Le Freney-d'Oisans;0.2;
38174;La Frette;72;
38175;Froges;6.9;
38176;Frontonas;67.6;
38177;La Garde;N/A - division par 0;
38179;Gières;31.6;
38180;Gillonnay;42.3;
38181;Goncelin;16.7;
38182;Le Grand-Lemps;32;
38183;Granieu;51.1;
38184;Grenay;77.5;
38185;Grenoble;0;
38186;Gresse-en-Vercors;76.2;
38187;Le Gua;94.1;
38188;Herbeys;48.4;
38189;Heyrieux;65.2;
38190;Hières-sur-Amby;156.9;
38191;Huez;44.7;
38192;Hurtières;115.1;
38193;L'Isle-d'Abeau;82.7;
38194;Izeaux;43.7;
38195;Izeron;34.4;
38197;Janneyrias;139.1;
38198;Jarcieu;73.8;
38199;Jardin;43.6;
38200;Jarrie;27.6;
38203;Laffrey;N/A - division par 0;
38204;Lalley;61.7;
38205;Lans-en-Vercors;43.9;
38206;Laval;37.7;
38207;Lavaldens;63.3;
38208;Lavars;73.2;
38209;Lentiol;14.9;
38210;Leyrieu;62.9;
38211;Lieudieu;74.4;
38212;Livet-et-Gavet;N/A - division par 0;
38213;Longechenal;69.9;
38214;Lumbin;25.7;
38215;Luzinay;66.6;
38216;Malleval-en-Vercors;9.5;
38217;Marcieu;1.2;
38218;Marcilloles;66.4;
38219;Marcollin;64.6;
38221;Marnans;57.4;
38222;Massieu;44.2;
38223;Maubec;74.9;
38224;Mayres-Savel;96.8;
38225;Autrans-Méaudre en Vercors;70.2;
38226;Mens;89.2;
38228;Merlas;36.8;
38229;Meylan;10.8;
38230;Meyrié;23.7;
38231;Meyrieu-les-Étangs;30.1;
38232;Meyssiez;97.5;
38235;Miribel-Lanchâtre;59.6;
38236;Miribel-les-Échelles;57.1;
38237;Mizoën;34;
38238;Moidieu-Détourbe;78;
38239;Moirans;21.9;
38240;Moissieu-sur-Dolon;51.5;
38241;Monestier-d'Ambel;N/A - division par 0;
38242;Monestier-de-Clermont;43.6;
38243;Le Monestier-du-Percy;26.5;
38244;Monsteroux-Milieu;96;
38245;Montagne;29.7;
38246;Montagnieu;52.1;
38247;Montalieu-Vercieu;91.6;
38248;Montaud;31.8;
38249;Montbonnot-Saint-Martin;14.3;
38250;Montcarra;36.2;
38252;Montchaboud;N/A - division par 0;
38253;Les Deux Alpes;80.9;*
38254;Monteynard;36.8;
38255;Montfalcon;90.7;
38256;Montferrat;44;
38257;Montrevel;35.3;
38258;Mont-Saint-Martin;30.4;
38259;Montseveroux;49.6;
38260;Moras;143;
38261;Morestel;38;
38263;Morette;19.1;
38264;La Morte;39.9;
38265;La Motte-d'Aveillans;68.3;
38266;La Motte-Saint-Martin;18.2;*
38267;Mottier;48;
38268;Le Moutaret;53.2;
38269;La Mure;112.1;
38270;La Murette;17.9;
38271;Murianette;28.2;
38272;Murinais;26.3;
38273;Nantes-en-Ratier;62.3;
38275;Serre-Nerpol;50.6;
38276;Nivolas-Vermelle;25.1;
38277;Notre-Dame-de-Commiers;197.7;
38278;Notre-Dame-de-l'Osier;38.5;
38279;Notre-Dame-de-Mésage;N/A - division par 0;
38280;Notre-Dame-de-Vaulx;186.8;
38281;Noyarey;25.6;
38282;Optevoz;152.7;
38283;Oris-en-Rattier;55.9;
38284;Ornacieux-Balbins;65.9;
38285;Ornon;N/A - division par 0;
38286;Oulles;N/A - division par 0;
38287;Oyeu;107.2;
38288;Oytier-Saint-Oblas;83.3;
38289;Oz;65;
38290;Pact;58;
38291;Pajay;42;
38292;Villages du Lac de Paladru;75.9;
38294;Panossas;113.2;
38295;Parmilieu;39.1;
38296;Le Passage;50.4;
38297;Arandon-Passins;73.4;
38298;Le Péage-de-Roussillon;8.8;
38299;Pellafol;123.6;
38300;Penol;41.3;
38301;Percy;51.2;
38303;La Pierre;27;
38304;Pierre-Châtel;65.9;
38307;Pisieu;41.8;
38308;Plan;98;
38309;Poisat;N/A - division par 0;
38310;Poliénas;36.3;
38311;Pommier-de-Beaurepaire;53.6;
38313;Ponsonnas;N/A - division par 0;
38314;Pontcharra;32.2;
38315;Le Pont-de-Beauvoisin;131;
38316;Pont-de-Chéruy;N/A - division par 0;
38317;Le Pont-de-Claix;N/A - division par 0;
38318;Pont-Évêque;19.3;
38319;Pont-en-Royans;N/A - division par 0;
38320;Porcieu-Amblagnieu;97;
38321;Prébois;56.1;
38322;Presles;32.3;
38323;Pressins;33.5;
38324;Primarette;52.7;
38325;Proveysieux;6.5;
38326;Prunières;62;
38328;Quaix-en-Chartreuse;24.3;
38329;Quet-en-Beaumont;N/A - division par 0;
38330;Quincieu;64;
38331;Réaumont;19.4;
38332;Renage;61.4;
38333;Rencurel;36.9;
38334;Revel;18.9;
38335;Revel-Tourdan;39.3;
38336;Reventin-Vaugris;68.7;
38337;Rives;52.5;
38338;La Rivière;44.4;
38339;Roche;37.5;
38340;Les Roches-de-Condrieu;N/A - division par 0;
38341;Rochetoirin;62;
38342;Roissard;69.9;
38343;Romagnieu;38.4;
38344;Roussillon;56.7;
38345;Rovon;19.9;
38346;Royas;62.2;
38347;Roybon;56.7;
38348;Ruy-Montceau;35.2;
38349;Sablons;61.6;
38350;Sainte-Agnès;39.8;*
38351;Saint-Agnin-sur-Bion;49.1;
38352;Saint-Alban-de-Roche;13.1;
38353;Saint-Alban-du-Rhône;5;
38354;Saint-Albin-de-Vaulserre;73.8;
38355;Saint-Andéol;70.2;
38356;Saint-André-en-Royans;42.8;
38357;Saint-André-le-Gaz;103.2;
38358;Sainte-Anne-sur-Gervonde;113;
38359;Saint Antoine l'Abbaye;31.9;
38360;Saint-Appolinard;24.5;
38361;Saint-Arey;26;
38362;Saint-Aupre;18.3;
38363;Saint-Barthélemy;51.4;
38364;Saint-Barthélemy-de-Séchilienne;N/A - division par 0;
38365;Saint-Baudille-de-la-Tour;111.3;
38366;Saint-Baudille-et-Pipet;85.3;
38368;Saint-Blaise-du-Buis;13.7;
38369;Sainte-Blandine;26.8;
38370;Saint-Bonnet-de-Chavagne;34.2;
38372;Saint-Bueil;30.6;
38373;Saint-Cassien;18.4;
38374;Saint-Chef;41;
38375;Saint-Christophe-en-Oisans;344.8;
38376;Saint-Christophe-sur-Guiers;63.3;
38377;Saint-Clair-de-la-Tour;30.8;
38378;Saint-Clair-du-Rhône;63.8;
38379;Saint-Clair-sur-Galaure;73.7;
38380;Saint-Didier-de-Bizonnes;61.6;
38381;Saint-Didier-de-la-Tour;23.5;
38382;Saint-Égrève;0;
38383;Saint-Étienne-de-Crossey;44.6;
38384;Saint-Étienne-de-Saint-Geoirs;54.3;
38386;Saint-Geoire-en-Valdaine;56.3;
38387;Saint-Geoirs;84.8;
38388;Saint-Georges-de-Commiers;N/A - division par 0;
38389;Saint-Georges-d'Espéranche;60.7;
38390;Saint-Gervais;26.8;
38391;Saint-Guillaume;46.6;
38392;Saint-Hilaire-de-Brens;51.5;
38393;Saint-Hilaire-de-la-Côte;56.6;
38394;Saint-Hilaire-du-Rosier;32.6;
38395;Plateau-des-Petites-Roches;39;
38396;Saint-Honoré;94.8;
38397;Saint-Ismier;20.1;
38398;Saint-Jean-d'Avelanne;35.2;
38399;Saint-Jean-de-Bournay;54.4;
38400;Saint-Jean-de-Moirans;12.6;
38401;Saint-Jean-de-Soudain;87.5;
38402;Saint-Jean-de-Vaulx;133.1;
38403;Saint-Jean-d'Hérans;48.4;
38404;Saint-Jean-le-Vieux;15.2;*
38405;Saint-Joseph-de-Rivière;96.9;
38406;Saint-Julien-de-l'Herms;65.2;
38407;La Sure en Chartreuse;57;
38408;Saint-Just-Chaleyssin;37.7;
38409;Saint-Just-de-Claix;16.9;
38410;Saint-Lattier;25.9;
38412;Saint-Laurent-du-Pont;45.9;
38413;Saint-Laurent-en-Beaumont;57.3;
38414;Sainte-Luce;83.9;
38415;Saint-Marcel-Bel-Accueil;53.9;
38416;Saint-Marcellin;21.8;
38417;Sainte-Marie-d'Alloix;40.4;
38418;Sainte-Marie-du-Mont;14.5;
38419;Saint-Martin-de-Clelles;91.9;
38420;Saint-Martin-de-Vaulserre;19.3;
38421;Saint-Martin-d'Hères;4;
38422;Saint-Martin-d'Uriage;30.3;
38423;Saint-Martin-le-Vinoux;22.4;
38424;Saint-Maurice-en-Trièves;115.7;
38425;Saint-Maurice-l'Exil;120.4;
38426;Saint-Maximin;21.4;
38427;Saint-Michel-de-Saint-Geoirs;82.6;
38428;Saint-Michel-en-Beaumont;62.6;
38429;Saint-Michel-les-Portes;52.6;
38430;Saint-Mury-Monteymond;3.8;
38431;Saint-Nazaire-les-Eymes;47;
38432;Saint-Nicolas-de-Macherin;111.6;
38433;Saint-Nizier-du-Moucherotte;70.4;
38434;Saint-Ondras;69.9;
38436;Saint-Paul-de-Varces;22.8;
38437;Saint-Paul-d'Izeaux;79.7;
38438;Saint-Paul-lès-Monestier;43.3;
38439;Crêts en Belledonne;38.5;
38440;Saint-Pierre-de-Bressieux;30.1;
38442;Saint-Pierre-de-Chartreuse;24.3;
38443;Saint-Pierre-de-Chérennes;11.6;
38444;Saint-Pierre-de-Méaroz;21.9;
38445;Saint-Pierre-de-Mésage;7.2;
38446;Saint-Pierre-d'Entremont;77.6;
38448;Saint-Prim;61.8;
38449;Saint-Quentin-Fallavier;69.8;
38450;Saint-Quentin-sur-Isère;21.9;
38451;Saint-Romain-de-Jalionas;34.6;
38452;Saint-Romain-de-Surieu;285.1;
38453;Saint-Romans;41.1;
38454;Saint-Sauveur;48.6;
38455;Saint-Savin;66.4;
38456;Châtel-en-Trièves;71.2;
38457;Saint-Siméon-de-Bressieux;43.1;
38458;Saint-Sorlin-de-Morestel;79.3;
38459;Saint-Sorlin-de-Vienne;42;
38460;Saint-Sulpice-des-Rivoires;86.7;
38462;Saint-Théoffrey;27.7;
38463;Saint-Vérand;24.9;
38464;Saint-Victor-de-Cessieu;82.9;
38465;Saint-Victor-de-Morestel;69.7;
38466;Saint-Vincent-de-Mercuze;74.5;
38467;Salagnon;35.8;
38468;Salaise-sur-Sanne;33.7;
38469;La Salette-Fallavaux;63;
38470;La Salle-en-Beaumont;62.6;
38471;Le Sappey-en-Chartreuse;26.5;
38472;Sarcenas;N/A - division par 0;
38473;Sardieu;73.2;
38474;Sassenage;16.9;
38475;Satolas-et-Bonce;86.8;
38476;Savas-Mépin;56.2;
38478;Séchilienne;67;
38479;Porte-des-Bonnevaux;46.5;
38480;Septème;40.4;
38481;Sérézin-de-la-Tour;53.3;
38483;Sermérieu;59.4;
38484;Serpaize;78.3;
38485;Seyssinet-Pariset;2;
38486;Seyssins;0.4;
38487;Seyssuel;52.7;
38488;Siccieu-Saint-Julien-et-Carisieu;129.1;
38489;Siévoz;127.9;
38490;Sillans;84;
38492;Sinard;78.1;
38494;Soleymieu;73.6;
38495;La Sône;19.1;
38496;Sonnay;72;
38497;Sousville;158.3;
38498;Succieu;38.9;
38499;Susville;35.3;
38500;Têche;19;
38501;Tencin;31.8;
38503;La Terrasse;17;
38504;Theys;35.9;
38505;Thodure;70.7;
38507;Tignieu-Jameyzieu;97.7;
38508;Torchefelon;39.8;
38509;La Tour-du-Pin;59.9;*
38511;Le Touvet;12.7;
38512;Tramolé;68.3;
38513;Treffort;23.5;
38514;Tréminis;156.2;
38515;Trept;96.5;
38516;La Tronche;N/A - division par 0;
38517;Tullins;28.1;
38518;Valbonnais;52.8;
38519;Valencin;31.8;
38520;Valencogne;38.2;
38521;La Valette;128.7;
38522;Valjouffrey;85.1;
38523;Varacieux;22.5;
38524;Varces-Allières-et-Risset;50.9;
38525;Vasselin;72.4;
38526;Vatilieu;35.3;
38527;Vaujany;83.6;
38528;Vaulnaveys-le-Bas;25.3;
38529;Vaulnaveys-le-Haut;26.8;
38530;Vaulx-Milieu;52.6;
38531;Velanne;42.1;*
38532;Vénérieu;91.2;
38533;Venon;52.6;
38535;Vernas;92.2;
38536;Vernioz;99.2;
38537;La Verpillière;295.9;
38538;Le Versoud;19.3;
38539;Vertrieu;56.1;*
38540;Veurey-Voroize;14.6;
38542;Veyssilieu;56;
38543;Vézeronce-Curtin;54.1;
38544;Vienne;23.5;
38545;Vif;68.4;
38546;Vignieu;26.3;
38547;Villard-Bonnot;42.4;
38548;Villard-de-Lans;57.6;
38549;Villard-Notre-Dame;N/A - division par 0;
38550;Villard-Reculas;48;
38551;Villard-Reymond;0.4;
38552;Villard-Saint-Christophe;98.6;
38553;Villefontaine;1.4;
38554;Villemoirieu;118.5;
38555;Villeneuve-de-Marc;37;
38556;Ville-sous-Anjou;48.5;
38557;Villette-d'Anthon;119.9;
38558;Villette-de-Vienne;63.9;
38559;Vinay;22.8;
38560;Val-de-Virieu;85.1;
38561;Viriville;62.9;
38562;Vizille;27.3;
38563;Voiron;34.9;
38564;Voissant;33.6;
38565;Voreppe;22.5;
38566;Vourey;26.6;
38567;Chamrousse;N/A - division par 0;
39001;Abergement-la-Ronce;125.9;
39002;Abergement-le-Grand;7.8;
39003;Abergement-le-Petit;6.4;
39004;Abergement-lès-Thésy;128.3;
39006;Aiglepierre;57.6;
39007;Alièze;123.3;
39008;Amange;155.3;
39009;Andelot-en-Montagne;90.1;
39010;Andelot-Morval;419.8;
39011;Annoire;109.8;
39013;Arbois;16.8;
39014;Archelange;185.7;
39015;Ardon;77.2;
39016;Arinthod;99.4;
39017;Arlay;87.5;
39018;Aromas;107;
39019;Les Arsures;5.1;
39020;Arsure-Arsurette;158.4;
39021;La Chailleuse;71.1;
39022;Asnans-Beauvoisin;119.6;
39024;Audelange;55;
39025;Augea;142.2;
39026;Augerans;14.5;
39027;Augisey;45;
39028;Aumont;47.6;
39029;Aumur;104.4;
39030;Authume;130.1;
39031;Auxange;148.8;
39032;Avignon-lès-Saint-Claude;N/A - division par 0;
39034;Balaiseaux;53.6;
39035;Balanod;176;
39037;Bans;93.3;*
39038;Barésia-sur-l'Ain;157.6;
39039;La Barre;182.2;
39040;Barretaine;110.7;
39041;Baume-les-Messieurs;70.6;*
39042;Baverans;67.3;
39043;Beaufort-Orbagna;56.7;
39045;Beffia;204.5;
39046;Bellecombe;157.6;
39047;Bellefontaine;101.9;
39048;Belmont;140.9;*
39049;Bersaillin;116.2;
39050;Besain;137.7;
39051;Biarne;152.2;
39052;Bief-des-Maisons;133.3;
39053;Bief-du-Fourg;68.7;
39054;Biefmorin;234.3;
39055;Billecul;138.6;
39056;Bletterans;72.5;
39057;Blois-sur-Seille;11.8;
39058;Blye;167.6;
39059;Bois-d'Amont;39.9;
39060;Bois-de-Gand;N/A - division par 0;
39061;Boissia;112.9;
39062;La Boissière;204;
39063;Bonlieu;89.4;
39065;Bonnefontaine;81.8;
39066;Bornay;118.9;
39068;Les Bouchoux;71.8;
39070;Bourg-de-Sirod;91;
39072;Bracon;84.8;
39073;Brainans;34.6;
39074;Brans;87.9;
39076;La Bretenière;70.8;
39077;Bretenières;18.3;
39078;Brevans;102.3;
39079;Briod;87.1;
39080;Broissia;113.7;
39081;Buvilly;56.3;
39083;Censeau;114;
39084;Cernans;67.9;
39085;Cerniébaud;88.6;
39086;Cernon;76.5;
39088;Cesancey;5.9;
39090;Chaînée-des-Coupis;124.5;
39091;Les Chalesmes;113.8;
39092;Chambéria;188.7;
39093;Chamblay;78.2;
39094;Chamole;137.7;
39095;Champagne-sur-Loue;50.5;
39096;Champagney;168.9;
39097;Champagnole;69.8;
39099;Champdivers;147.2;
39100;Champrougier;8.7;
39101;Champvans;118.8;
39102;Chancia;N/A - division par 0;
39103;La Chapelle-sur-Furieuse;35.6;
39104;Chapelle-Voland;69.2;
39105;Chapois;98.5;
39106;Charchilla;118.4;
39107;Charcier;95.2;
39108;Charency;85.8;
39109;Charézier;150;
39110;La Charme;N/A - division par 0;
39111;Charnod;119.8;
39112;La Chassagne;2.4;
39114;Château-Chalon;32.1;
39116;La Châtelaine;178.3;
39117;Chatelay;0.6;
39118;Châtel-de-Joux;N/A - division par 0;
39119;Le Chateley;20.6;
39120;Châtelneuf;174;
39121;Châtenois;133.7;
39122;Châtillon;203.8;
39124;Chaumergy;5.1;*
39126;La Chaumusse;186.5;
39127;Chaussenans;91.3;
39128;Chaussin;77.9;
39129;Chaux-des-Crotenay;71.1;
39130;Nanchez;143.1;
39131;La Chaux-du-Dombief;66.1;
39132;La Chaux-en-Bresse;N/A - division par 0;
39133;Chaux-Champagny;108;
39134;Chavéria;131.2;
39136;Chemenot;0.3;
39137;Saint-Hymetière-sur-Valouse;147.7;
39138;Chemin;70.7;
39139;Chêne-Bernard;123.5;
39140;Chêne-Sec;6.7;
39141;Chevigny;4.5;*
39142;Chevreaux;90.9;
39143;Chevrotaine;N/A - division par 0;
39145;Chille;19.7;
39146;Chilly-le-Vignoble;155.1;
39147;Chilly-sur-Salins;123.3;
39149;Chissey-sur-Loue;46.1;
39150;Choisey;178.9;
39151;Choux;207;
39153;Cize;7.1;
39154;Clairvaux-les-Lacs;7.7;
39155;Clucy;95.1;
39156;Cogna;180.5;
39157;Coiserette;N/A - division par 0;
39159;Colonne;110.9;
39160;Commenailles;88.3;
39162;Condamine;122;
39163;Condes;33.2;
39164;Conliège;192.3;
39165;Conte;59.7;
39166;Cornod;200.2;
39167;Cosges;179.2;
39168;Courbette;122.1;
39169;Courbouzon;2.9;
39170;Courlans;73.5;*
39171;Courlaoux;52.6;
39172;Courtefontaine;79.9;
39173;Cousance;109.9;
39174;Coyrière;N/A - division par 0;
39175;Coyron;30.6;
39176;Cramans;38.9;
39177;Hauteroche;86.1;
39178;Crans;190;
39179;Crenans;134.5;
39180;Cressia;103;
39182;Crissey;145.1;
39183;Crotenay;67.7;
39184;Les Crozets;N/A - division par 0;
39185;Cuisia;147;
39187;Cuvier;95.5;
39188;Dammartin-Marpain;197.7;
39189;Damparis;N/A - division par 0;
39190;Dampierre;55.2;
39191;Darbonnay;71.1;
39192;Denezières;230.2;
39193;Le Deschaux;54.3;
39194;Desnes;127.6;
39196;Les Deux-Fays;71;
39197;Digna;79;
39198;Dole;49.9;
39199;Domblans;30.2;
39200;Dompierre-sur-Mont;85.1;
39201;Doucier;107.1;
39202;Dournon;91.6;
39203;Doye;126.5;
39204;Dramelay;176.5;
39205;Éclans-Nenon;86.6;
39206;Écleux;83.5;
39207;Écrille;N/A - division par 0;
39208;Entre-deux-Monts;146.2;
39209;Val-d'Épy;97.3;
39210;Équevillon;N/A - division par 0;
39211;Les Essards-Taignevaux;77.8;
39214;Esserval-Tartre;114.3;
39216;Étival;127.7;
39217;L'Étoile;6.7;
39218;Étrepigney;130;
39219;Évans;62.9;
39220;Falletans;271.1;
39221;La Favière;58.3;
39222;Fay-en-Montagne;146.2;
39223;La Ferté;171.1;
39225;Le Fied;89.3;
39227;Foncine-le-Bas;418.4;
39228;Foncine-le-Haut;87.3;
39229;Fontainebrux;24.5;
39230;Fontenu;114.4;
39232;Fort-du-Plasne;102.8;
39233;Foucherans;158.7;
39234;Foulenay;37.3;
39235;Fraisans;N/A - division par 0;
39236;Francheville;93.9;*
39237;Fraroz;93.9;
39238;Frasne-les-Meulières;184.5;
39239;La Frasnée;N/A - division par 0;
39240;Le Frasnois;61.1;
39241;Frébuans;1.1;
39244;Frontenay;67.9;
39245;Gatey;112.8;
39246;Gendrey;103.1;
39247;Genod;56.2;
39248;Geraise;88.9;
39249;Germigney;151.2;
39250;Geruge;168.3;
39251;Gevingey;22.9;
39252;Gevry;83.1;
39253;Gigny;117.9;
39254;Gillois;104.5;
39255;Gizia;140.3;
39258;Grande-Rivière Château;157.1;
39259;Grange-de-Vaivre;129.1;
39261;Graye-et-Charnay;110.4;
39262;Gredisans;89.1;
39263;Grozon;104.8;
39265;Hautecour;127.9;
39266;Les Hays;126.2;
39267;Ivory;121.8;
39268;Ivrey;107.6;
39269;Jeurre;N/A - division par 0;
39270;Jouhe;5.9;
39271;Lac-des-Rouges-Truites;148.3;
39272;Ladoye-sur-Seille;81.9;
39273;Montlainsia;118.5;
39274;Lajoux;108.9;
39275;Lamoura;192.2;
39277;Le Larderet;145.9;
39278;Largillay-Marsonnay;42.9;
39279;Larnaud;60.8;
39280;Larrivoire;168.1;
39281;Le Latet;67.7;
39282;La Latette;69.6;
39283;Lavancia-Epercy;115.1;
39284;Lavangeot;246.1;
39285;Lavans-lès-Dole;278.6;
39286;Lavans-lès-Saint-Claude;25;
39288;Lavigny;64.5;
39289;Lect;49.3;
39290;Valzin en Petite Montagne;99;
39291;Lemuy;60.7;
39292;Lent;91.6;*
39293;Leschères;43;
39295;Loisia;53.5;
39296;Lombard;3.6;
39297;Longchaumois;122.4;
39298;Longcochon;79.8;
39299;Longwy-sur-le-Doubs;104.9;
39300;Lons-le-Saunier;58.1;
39301;Loulle;99.2;
39302;Louvatange;69;
39304;Le Louverot;0.4;
39305;La Loye;183.2;
39306;Macornay;N/A - division par 0;
39307;Maisod;70.1;
39308;Malange;90.8;
39310;Mantry;44.8;
39312;Marigna-sur-Valouse;101.9;
39313;Marigny;162.7;
39314;Marnézia;2.9;
39315;Marnoz;46;
39317;La Marre;139.8;
39318;Martigna;6.4;
39319;Mathenay;5.6;
39320;Maynal;64.4;
39321;Menétru-le-Vignoble;18.6;
39322;Menétrux-en-Joux;76;
39323;Menotey;113.2;
39324;Mérona;146;
39325;Mesnay;15.5;
39326;Mesnois;110.6;
39327;Messia-sur-Sorne;N/A - division par 0;
39328;Meussia;108.3;
39329;Mièges;66.2;
39330;Miéry;118.5;
39331;Mignovillard;97.8;
39333;Moirans-en-Montagne;43.5;
39334;Moiron;1.7;
39335;Moissey;29.8;
39336;Molain;108.6;
39337;Molamboz;42.4;
39338;Molay;101.9;
39339;Chassal-Molinges;N/A - division par 0;
39342;Monay;121.6;
39343;Monnetay;64.6;
39344;Monnet-la-Ville;55.4;
39345;Monnières;N/A - division par 0;
39346;Montagna-le-Reconduit;34.2;
39348;Montaigu;14.4;
39349;Montain;42.2;
39350;Montbarrey;N/A - division par 0;
39351;Montcusel;95.2;
39352;Monteplain;153.4;
39353;Montfleur;118.5;
39354;Montholier;100.6;
39355;Montigny-lès-Arsures;18.5;
39356;Montigny-sur-l'Ain;229.6;
39359;Montmarlon;117.4;
39360;Montmirey-la-Ville;2.5;
39361;Montmirey-le-Château;117;
39362;Montmorot;96.7;
39363;Montrevel;210.2;
39364;Montrond;108.6;
39365;Mont-sous-Vaudrey;35.9;
39366;Mont-sur-Monnet;163;
39367;Morbier;161;
39368;Hauts de Bienne;1.8;
39370;Mouchard;31.6;
39372;Mournans-Charbonny;80.2;
39373;Les Moussières;108.5;
39375;Moutonne;158.2;
39376;Moutoux;34;
39377;Mutigney;87.2;
39378;Les Trois-Châteaux;60.9;
39379;Nance;54.6;
39380;Nancuise;2.8;
39381;Les Nans;70.7;
39385;Neublans-Abergement;131.6;
39386;Neuvilley;N/A - division par 0;
39387;Nevy-lès-Dole;82.3;
39388;Nevy-sur-Seille;28;
39389;Ney;109.6;
39390;Nogna;114.1;
39391;Nozeroy;87;
39392;Offlanges;73.8;
39393;Onglières;82;
39394;Onoz;164.6;
39396;Orchamps;71.6;
39397;Orgelet;121.4;
39398;Ougney;152.3;
39399;Ounans;174.5;
39400;Our;235.2;
39401;Oussières;237.3;
39402;Pagney;19.4;
39403;Pagnoz;29;
39404;Pannessières;105.4;
39405;Parcey;178.3;
39406;Le Pasquier;166.2;
39407;Passenans;3.3;
39408;Patornay;87.6;
39409;Peintre;109.2;
39411;Perrigny;1.8;
39412;Peseux;100;
39413;La Pesse;76.2;
39415;Petit-Noir;77.9;
39418;Picarreau;91;
39419;Pillemoine;84.5;
39420;Pimorin;89.9;
39421;Le Pin;2.4;
39422;Plainoiseau;13.1;*
39423;Plaisia;17.6;
39424;Les Planches-en-Montagne;132;
39425;Les Planches-près-Arbois;0.4;
39426;Plasne;48.4;
39427;Plénise;175.6;
39428;Plénisette;61.2;
39429;Pleure;62.6;
39430;Plumont;59.4;
39431;Poids-de-Fiole;104.4;
39432;Pointre;157.4;
39434;Poligny;17.8;
39435;Pont-de-Poitte;114.3;
39436;Pont-d'Héry;59.5;
39437;Pont-du-Navoy;229.1;
39439;Port-Lesney;20.3;
39441;Prémanon;49.7;
39443;Présilly;90;
39444;Pretin;13.8;
39445;Publy;93.5;
39446;Pupillin;13.2;*
39447;Quintigny;40;
39448;Rahon;139.4;
39449;Rainans;30.7;
39451;Ranchot;57.7;
39452;Rans;80.5;
39453;Ravilloles;0;
39454;Recanoz;4;
39455;Reithouse;N/A - division par 0;
39456;Relans;58.6;
39457;Les Repôts;129.5;
39458;Revigny;0;
39460;La Rixouse;81.8;
39461;Rix;99.6;
39462;Rochefort-sur-Nenon;155;
39463;Rogna;84.5;
39464;Romain;68.9;
39465;Romange;129.8;
39466;Rosay;92.3;
39467;Rotalier;5.6;
39468;Rothonay;178.3;
39469;Rouffange;88.1;
39470;Les Rousses;235.7;
39471;Ruffey-sur-Seille;121.5;
39472;Rye;N/A - division par 0;
39473;Saffloz;166.5;
39474;Sainte-Agnès;38;
39475;Saint-Amour;53.1;
39476;Saint-Aubin;100.6;
39477;Saint-Baraing;99.1;
39478;Saint-Claude;120.5;
39479;Saint-Cyr-Montmalin;31.4;
39480;Saint-Didier;32.1;
39481;Saint-Germain-en-Montagne;55.8;
39485;Val Suran;110.1;
39486;Saint-Lamain;99.5;
39487;Saint-Laurent-en-Grandvaux;112.4;
39489;Saint-Lothain;45.9;
39490;Saint-Loup;115.4;
39491;Coteaux du Lizon;54.5;
39492;Saint-Maur;46.6;
39493;Saint-Maurice-Crillat;93.3;
39494;Saint-Pierre;159.5;
39495;Saint-Thiébaud;67;
39497;Saizenay;108.1;
39498;Salans;55.1;
39499;Saligney;N/A - division par 0;
39500;Salins-les-Bains;23.1;
39501;Sampans;196;
39502;Santans;156.4;
39503;Sapois;N/A - division par 0;
39504;Sarrogna;194.3;
39505;Saugeot;154.2;
39507;Séligney;N/A - division par 0;
39508;Sellières;53.9;
39510;Septmoncel les Molunes;97.6;
39511;Sergenaux;11.6;
39512;Sergenon;54;
39513;Sermange;125.4;
39514;Serre-les-Moulières;76.7;
39517;Sirod;104.3;
39518;Songeson;122.5;
39519;Soucia;176.3;
39520;Souvans;83.3;
39522;Supt;54.8;
39523;Syam;138.1;
39525;Tassenières;72.9;
39526;Tavaux;195.7;
39527;Taxenne;315.3;
39528;Thervay;331.7;
39529;Thésy;54.7;
39530;Thoirette-Coisia;99.4;*
39531;Thoiria;173.3;
39532;Thoissia;194.7;
39533;Toulouse-le-Château;34.5;
39534;La Tour-du-Meix;150.7;
39535;Tourmont;84.3;
39537;Trenal;40;
39538;Uxelles;160.4;
39539;Vadans;48.8;
39540;Valempoulières;137;
39543;Vannoz;170.5;
39545;Le Vaudioux;73.9;
39546;Vaudrey;108.9;
39547;Vaux-lès-Saint-Claude;0.5;
39548;Vaux-sur-Poligny;119.8;
39550;Verges;168.4;
39551;Véria;66.9;
39552;Vernantois;6;
39553;Le Vernois;11.9;
39554;Vers-en-Montagne;118.9;
39555;Vers-sous-Sellières;64.4;
39556;Vertamboz;3;
39557;Vescles;153;
39558;Vevy;108.3;
39559;La Vieille-Loye;108.3;
39560;Villard-Saint-Sauveur;N/A - division par 0;
39561;Villards-d'Héria;22.2;
39565;Villeneuve-d'Aval;62;
39567;Villeneuve-sous-Pymont;52.4;
39568;Villerserine;97.6;
39569;Villers-Farlay;55.1;
39570;Villers-les-Bois;69.4;
39571;Villers-Robert;57.4;
39572;Villette-lès-Arbois;19.6;*
39573;Villette-lès-Dole;62.2;
39574;Villevieux;150.1;
39575;Le Villey;108.4;
39576;Val-Sonnette;5.3;
39577;Vincent-Froideville;40.1;
39579;Viry;71.2;
39581;Vitreux;107.4;*
39582;Voiteur;39.2;
39583;Vosbles-Valfin;156.2;
39584;Vriange;114.4;*
39585;Vulvoz;N/A - division par 0;
39586;Aresches;119;
40001;Aire-sur-l'Adour;49.5;
40002;Amou;42.4;
40003;Angoumé;64.6;
40004;Angresse;30.5;
40005;Arboucave;39.4;
40006;Arengosse;64.3;
40007;Argelos;44.8;*
40008;Argelouse;72.3;
40011;Arsague;46.4;
40012;Artassenx;70.7;
40013;Arthez-d'Armagnac;82.1;
40014;Arue;38.6;
40015;Arx;119.9;
40016;Aubagnan;49.8;
40017;Audignon;32.4;
40018;Audon;43.4;
40019;Aureilhan;N/A - division par 0;
40020;Aurice;25.2;
40021;Azur;58.7;
40022;Bahus-Soubiran;39.3;
40023;Baigts;26.3;
40024;Banos;31.7;
40025;Bascons;33.9;
40026;Bas-Mauco;109.1;
40027;Bassercles;27.8;
40028;Bastennes;39.5;
40029;Bats;41.5;
40030;Baudignan;175.7;
40031;Bégaar;35.1;
40032;Belhade;225.5;
40033;Bélis;33.8;
40034;Bélus;25;
40035;Bénesse-lès-Dax;42.8;
40036;Bénesse-Maremne;33.8;
40037;Benquet;49.5;
40038;Bergouey;42.3;
40039;Betbezer-d'Armagnac;47.8;
40040;Beylongue;61.5;
40041;Beyries;62.1;
40042;Biarrotte;23.5;
40043;Bias;N/A - division par 0;
40044;Biaudos;21.2;
40046;Biscarrosse;36.3;
40047;Bonnegarde;35.7;
40049;Bordères-et-Lamensans;36.4;
40050;Bostens;13.8;
40051;Bougue;17.4;
40052;Bourdalat;62;
40053;Bourriot-Bergonce;116.3;
40054;Brassempouy;35.2;
40055;Bretagne-de-Marsan;64.2;
40056;Brocas;66.2;
40057;Buanes;37.9;
40058;Cachen;16.4;
40059;Cagnotte;27.6;
40060;Callen;56.7;
40061;Campagne;51.2;
40062;Campet-et-Lamolère;40;
40063;Candresse;28.8;
40064;Canenx-et-Réaut;114.6;
40065;Capbreton;8.4;*
40066;Carcarès-Sainte-Croix;48.9;
40067;Carcen-Ponson;40.1;
40068;Cassen;24.5;
40069;Castaignos-Souslens;33.3;
40070;Castandet;62.5;
40071;Castelnau-Chalosse;35.7;
40072;Castelnau-Tursan;53.9;
40073;Castelner;31.9;
40074;Castel-Sarrazin;36.5;
40075;Castets;54.9;
40076;Cauna;55.7;
40077;Cauneille;22.7;
40078;Caupenne;22.5;
40079;Cazalis;52;
40080;Cazères-sur-l'Adour;57.9;
40081;Cère;N/A - division par 0;
40082;Classun;52.9;
40083;Clèdes;63;
40084;Clermont;36.3;
40085;Commensacq;223.3;
40086;Coudures;36.8;
40087;Créon-d'Armagnac;67.5;
40088;Dax;15.5;
40089;Doazit;50.7;
40090;Donzacq;44.7;
40091;Duhort-Bachen;36.9;
40092;Dumes;23.4;
40093;Escalans;86.4;
40094;Escource;71.6;
40095;Estibeaux;37.3;
40096;Estigarde;23.4;
40097;Eugénie-les-Bains;30.2;
40098;Eyres-Moncube;33.8;
40099;Fargues;59.6;
40100;Le Frêche;50;
40101;Gaas;37.3;
40102;Gabarret;78.7;
40103;Gaillères;67.9;
40104;Gamarde-les-Bains;30.2;
40105;Garein;86.5;
40106;Garrey;46.3;
40108;Gastes;N/A - division par 0;
40109;Gaujacq;36.4;
40110;Geaune;35.5;
40111;Geloux;105.4;
40112;Gibret;36.3;*
40113;Goos;25;
40114;Gourbera;44.5;
40115;Gousse;131.3;
40116;Gouts;26.5;
40117;Grenade-sur-l'Adour;61.1;
40118;Habas;40;
40119;Hagetmau;36;
40120;Hastingues;45.1;
40121;Hauriet;21.2;
40122;Haut-Mauco;45.9;
40123;Herm;56.5;
40124;Herré;158.9;
40125;Heugas;32.3;
40126;Hinx;21.5;
40127;Hontanx;46;
40128;Horsarrieu;53.4;
40129;Josse;36.9;
40130;Labastide-Chalosse;27.5;
40131;Labastide-d'Armagnac;56.5;
40132;Labatut;37.8;
40133;Labenne;0;
40134;Labouheyre;188.5;
40135;Labrit;86.3;
40136;Lacajunte;50.7;
40137;Lacquy;101.3;
40138;Lacrabe;36;
40139;Laglorieuse;21.3;*
40140;Lagrange;40.4;
40141;Lahosse;44.6;
40142;Laluque;36.9;
40143;Lamothe;68.2;
40144;Larbey;18.4;
40145;Larrivière-Saint-Savin;58.7;
40146;Latrille;33.1;
40147;Laurède;31.9;
40148;Lauret;30.9;
40149;Lencouacq;176.2;
40150;Léon;24.1;
40151;Lesgor;27.2;
40152;Lesperon;80;
40153;Le Leuy;40;
40154;Lévignacq;37.8;
40155;Linxe;23.4;
40156;Liposthey;127.8;
40157;Lit-et-Mixe;11.2;
40158;Losse;74.3;
40159;Louer;29.6;
40160;Lourquen;42.4;
40161;Lubbon;98.4;
40162;Lucbardez-et-Bargues;53.2;
40163;Lüe;74.8;
40164;Retjons;89.1;
40165;Luglon;130;
40166;Lussagnet;62.6;
40167;Luxey;265.7;
40168;Magescq;42.6;
40169;Maillas;58.8;
40170;Maillères;31.4;
40171;Mano;218.4;
40172;Mant;46.1;
40173;Marpaps;34.3;
40174;Mauries;53.8;
40175;Maurrin;58;
40176;Mauvezin-d'Armagnac;92.4;
40177;Maylis;52.4;
40178;Mazerolles;97.8;
40179;Mées;155.6;
40180;Meilhan;56.6;
40181;Messanges;7.9;
40182;Mézos;23.4;
40183;Mimbaste;32.1;
40184;Mimizan;82.8;*
40185;Miramont-Sensacq;46.2;
40186;Misson;35.3;
40187;Moliets-et-Maa;37.1;
40188;Momuy;49.4;
40189;Monget;48.9;
40190;Monségur;42.2;
40191;Montaut;34.4;
40192;Mont-de-Marsan;36;
40193;Montégut;17.6;
40194;Montfort-en-Chalosse;26.9;
40195;Montgaillard;51.5;
40196;Montsoué;35.5;
40197;Morcenx-la-Nouvelle;79.4;
40198;Morganx;42.7;
40199;Mouscardès;53;
40200;Moustey;23.8;
40201;Mugron;28;
40202;Narrosse;21.2;
40203;Nassiet;24.2;
40204;Nerbis;41.5;
40205;Nousse;25.6;
40206;Oeyregave;58.2;
40207;Oeyreluy;52.9;
40208;Onard;35.9;
40209;Ondres;25.1;
40210;Onesse-Laharie;159.7;
40211;Orist;40.9;
40212;Orthevielle;28.3;
40213;Orx;45;
40214;Ossages;27.6;
40215;Ousse-Suzan;59.3;
40216;Ozourt;42.5;
40217;Parentis-en-Born;21;
40218;Parleboscq;45;
40219;Payros-Cazautets;36.4;*
40220;Pécorade;47.1;
40221;Perquie;76.8;
40222;Pey;22.2;
40223;Peyre;35.5;*
40224;Peyrehorade;37.5;
40225;Philondenx;35.9;
40226;Pimbo;29.5;
40227;Pissos;142;
40228;Pomarez;27.1;
40229;Pontenx-les-Forges;1.6;*
40230;Pontonx-sur-l'Adour;33.8;
40231;Port-de-Lanne;34.7;
40232;Poudenx;35.3;
40233;Pouillon;34.4;
40234;Pouydesseaux;43.4;
40235;Poyanne;27;
40236;Poyartin;27.7;
40237;Préchacq-les-Bains;38.7;*
40238;Pujo-le-Plan;59.7;
40239;Puyol-Cazalet;51.4;
40240;Renung;49.5;
40242;Rimbez-et-Baudiets;56.7;
40243;Rion-des-Landes;54.2;
40244;Rivière-Saas-et-Gourby;29.3;
40245;Roquefort;3.4;
40246;Sabres;114.7;*
40247;Saint-Agnet;54.1;
40248;Saint-André-de-Seignanx;27.7;
40249;Saint-Aubin;25.5;
40250;Saint-Avit;40;
40251;Saint-Barthélemy;17.2;*
40252;Sainte-Colombe;45.1;
40253;Saint-Cricq-Chalosse;41.4;
40254;Saint-Cricq-du-Gave;25.7;
40255;Saint-Cricq-Villeneuve;79;
40256;Saint-Étienne-d'Orthe;36.1;
40257;Sainte-Eulalie-en-Born;0.6;
40258;Sainte-Foy;40.9;
40259;Saint-Gein;74.2;
40260;Saint-Geours-d'Auribat;11.3;
40261;Saint-Geours-de-Maremne;44.8;
40262;Saint-Gor;44.1;
40263;Saint-Jean-de-Lier;59.2;
40264;Saint-Jean-de-Marsacq;33.5;
40265;Saint-Julien-d'Armagnac;39.6;
40266;Saint-Julien-en-Born;41.4;
40267;Saint-Justin;31.7;
40268;Saint-Laurent-de-Gosse;21.8;
40269;Saint-Lon-les-Mines;36.6;
40270;Saint-Loubouer;60.5;
40271;Sainte-Marie-de-Gosse;27;
40272;Saint-Martin-de-Hinx;39.5;
40273;Saint-Martin-de-Seignanx;31.3;
40274;Saint-Martin-d'Oney;116;
40275;Saint-Maurice-sur-Adour;47.6;
40276;Saint-Michel-Escalus;24.4;
40277;Saint-Pandelon;28.9;
40278;Saint-Paul-en-Born;106.8;
40279;Saint-Paul-lès-Dax;55.5;
40280;Saint-Perdon;40.9;
40281;Saint-Pierre-du-Mont;35.9;
40282;Saint-Sever;48.2;
40283;Saint-Vincent-de-Paul;31.6;
40284;Saint-Vincent-de-Tyrosse;31.5;
40285;Saint-Yaguen;66.4;
40286;Samadet;41.7;
40287;Sanguinet;160.4;
40288;Sarbazan;4;
40289;Sarraziet;47.8;
40290;Sarron;23.4;
40291;Saubion;5.6;
40292;Saubrigues;38;
40293;Saubusse;36;
40294;Saugnac-et-Cambran;36.8;
40295;Saugnacq-et-Muret;205.6;
40296;Seignosse;N/A - division par 0;
40297;Le Sen;161.1;
40298;Serres-Gaston;25.4;
40299;Serreslous-et-Arribans;53.3;
40300;Seyresse;1.8;
40301;Siest;7.9;
40303;Solférino;157.2;
40304;Soorts-Hossegor;N/A - division par 0;
40305;Sorbets;50.9;
40306;Sorde-l'Abbaye;28;
40307;Sore;217.6;
40308;Sort-en-Chalosse;36.8;
40309;Souprosse;46.8;
40310;Soustons;44.3;
40311;Taller;91.3;
40312;Tarnos;13.7;
40313;Tartas;40.1;
40314;Tercis-les-Bains;45;
40315;Téthieu;45;
40316;Tilh;33.2;
40317;Tosse;30.8;
40318;Toulouzette;44.5;
40319;Trensacq;101.9;
40320;Uchacq-et-Parentis;81.6;
40321;Urgons;131.1;
40322;Uza;58.9;
40323;Vert;91.1;
40324;Vicq-d'Auribat;90;
40325;Vielle-Tursan;43.6;
40326;Vielle-Saint-Girons;81.1;
40327;Vielle-Soubiran;35.9;
40328;Vieux-Boucau-les-Bains;N/A - division par 0;
40329;Le Vignau;37.2;
40330;Villenave;54;
40331;Villeneuve-de-Marsan;43.4;
40332;Ychoux;209.2;
40333;Ygos-Saint-Saturnin;51.1;
40334;Yzosse;28.5;
41001;Ambloy;109.5;
41002;Angé;28.6;
41003;Areines;126.4;
41004;Artins;139.4;
41006;Autainville;131.1;
41007;Authon;140.2;
41008;Avaray;130.7;
41009;Averdon;148.6;
41010;Azé;87.1;
41012;Baillou;152.1;
41013;Bauzy;43.5;
41014;Beauchêne;135.6;
41016;Billy;57;
41017;Binas;135.1;
41018;Blois;23.6;
41019;Boisseau;170.4;
41020;Bonneveau;153;
41022;Bouffry;120;
41024;Boursay;104.3;
41025;Bracieux;N/A - division par 0;
41026;Brévainville;159.7;
41027;Briou;116.3;*
41028;Busloup;139.7;
41029;Candé-sur-Beuvron;81.5;
41030;Cellé;146.2;
41031;Cellettes;35.8;
41032;Chailles;204.9;
41034;Chambord;77.3;
41035;Champigny-en-Beauce;169.6;
41036;Chaon;131.1;
41037;La Chapelle-Enchérie;162.3;
41038;La Chapelle-Montmartin;119.6;
41039;La Chapelle-Saint-Martin-en-Plaine;130.2;
41040;La Chapelle-Vendômoise;137.5;
41041;La Chapelle-Vicomtesse;162.2;
41042;Châteauvieux;84.8;
41043;Châtillon-sur-Cher;37.9;
41044;Châtres-sur-Cher;81.8;
41045;Chaumont-sur-Loire;67.7;
41046;Chaumont-sur-Tharonne;42;*
41047;La Chaussée-Saint-Victor;N/A - division par 0;
41048;Chauvigny-du-Perche;110;
41049;Chémery;58.3;
41050;Cheverny;62.7;
41051;Chissay-en-Touraine;164.8;
41052;Chitenay;32.6;
41053;Choue;109.8;
41054;Choussy;43.7;
41055;Valloire-sur-Cisse;192.6;
41057;Conan;119;
41058;Concriers;135.7;
41059;Le Controis-en-Sologne;68.9;
41060;Cormenon;112.3;
41061;Cormeray;61.6;
41062;Couddes;104.7;
41063;Couffy;68.1;
41065;Coulommiers-la-Tour;104.3;
41066;Courbouzon;169;
41067;Cour-Cheverny;34.5;
41068;Courmemin;45.7;
41069;Cour-sur-Loire;116.1;
41070;Vallée-de-Ronsard;113.3;
41071;Crouy-sur-Cosson;49.8;
41072;Crucheray;137.3;
41073;Danzé;132.4;
41074;Dhuizon;46.3;
41075;Droué;132.3;
41077;Épiais;200.9;
41078;Épuisay;122.8;
41079;Les Essarts;103.9;
41080;Faverolles-sur-Cher;57.4;
41081;Faye;109.8;
41083;La Ferté-Beauharnais;13.5;
41084;La Ferté-Imbault;124.4;
41085;La Ferté-Saint-Cyr;101.5;
41086;Fontaines-en-Sologne;42.2;
41087;Fontaine-les-Coteaux;215.9;
41088;Fontaine-Raoul;98.3;
41089;La Fontenelle;141.8;
41090;Fortan;8.4;*
41091;Fossé;101.6;
41093;Françay;150.7;
41094;Fresnes;24;
41095;Fréteval;160.7;
41096;Le Gault-du-Perche;85.9;
41097;Gièvres;30.5;
41098;Gombergean;155.7;
41099;Gy-en-Sologne;49.9;
41100;Les Hayes;103.3;
41101;Herbault;194.9;
41102;Houssay;107.2;
41103;Huisseau-en-Beauce;124.9;
41104;Huisseau-sur-Cosson;45.3;
41105;Josnes;149.1;
41106;Lamotte-Beuvron;37.5;*
41107;Lancé;89.4;
41108;Lancôme;149.9;
41109;Landes-le-Gaulois;163.2;
41110;Langon-sur-Cher;119.6;
41112;Lassay-sur-Croisne;65.6;
41113;Lavardin;6.5;
41114;Lestiou;238.2;
41115;Lignières;129.7;
41116;Lisle;53.4;
41118;Loreux;41.6;
41119;Lorges;109.4;
41120;Lunay;127.5;
41121;La Madeleine-Villefrouin;188.5;
41122;Maray;151.9;
41123;Marchenoir;159.2;
41124;Marcilly-en-Beauce;151.6;
41125;Marcilly-en-Gault;50.3;
41126;Mareuil-sur-Cher;31.2;
41127;La Marolle-en-Sologne;168.6;*
41128;Marolles;141;
41129;Maslives;76.8;
41130;Maves;138.7;
41131;Mazangé;94.4;
41132;Méhers;70.5;
41134;Menars;77.9;
41135;Mennetou-sur-Cher;81;*
41136;Mer;133.4;
41137;Mesland;54.1;
41138;Meslay;247.8;
41139;Meusnes;62.3;
41140;Millançay;53.6;
41141;Moisy;137.3;
41142;Valencisse;114.1;
41143;Mondoubleau;89.5;
41144;Monteaux;40.5;
41145;Monthou-sur-Bièvre;48;
41146;Monthou-sur-Cher;45;
41147;Les Montils;7.3;
41148;Montlivault;57.1;*
41149;Montoire-sur-le-Loir;62.9;
41150;Mont-près-Chambord;38.7;
41151;Montrichard Val de Cher;15.1;
41152;Montrieux-en-Sologne;51.3;
41153;Montrouveau;87.8;
41154;Morée;141.6;
41155;Muides-sur-Loire;243.4;
41156;Mulsans;106.7;
41157;Mur-de-Sologne;39.9;
41158;Naveil;84.1;
41159;Neung-sur-Beuvron;55.7;
41160;Neuvy;51.6;*
41161;Nouan-le-Fuzelier;56.4;
41163;Nourray;222.1;
41164;Noyers-sur-Cher;24.4;
41166;Oisly;44.3;
41167;Veuzain-sur-Loire;157.4;
41168;Orçay;196.9;
41171;Oucques La Nouvelle;149.3;
41172;Ouzouer-le-Doyen;149.6;
41173;Beauce la Romaine;121.2;
41174;Périgny;164.5;
41175;Pezou;114.2;
41176;Pierrefitte-sur-Sauldre;126.4;*
41177;Le Plessis-Dorin;83.6;
41178;Le Plessis-l'Échelle;135.8;
41179;Le Poislay;110.4;
41180;Pontlevoy;131.1;
41181;Pouillé;41.9;
41182;Pray;133.9;
41184;Prunay-Cassereau;152.6;
41185;Pruniers-en-Sologne;74.3;
41186;Rahart;136.5;
41187;Renay;117.4;
41188;Rhodon;161.3;
41189;Rilly-sur-Loire;134.1;
41190;Rocé;164.2;
41191;Roches;160.6;
41192;Les Roches-l'Évêque;10;
41193;Romilly;87.7;
41194;Romorantin-Lanthenay;42.5;
41195;Rougeou;27.4;
41196;Ruan-sur-Egvonne;199.3;
41198;Saint-Aignan;42.6;
41199;Saint-Amand-Longpré;104.9;
41200;Sainte-Anne;193.2;
41201;Saint-Arnoult;80.2;
41203;Saint-Bohaire;144.8;
41204;Saint-Claude-de-Diray;77.3;
41205;Saint-Cyr-du-Gault;165;
41206;Saint-Denis-sur-Loire;152;
41207;Saint-Dyé-sur-Loire;3;
41208;Saint-Étienne-des-Guérets;231.5;
41209;Saint-Firmin-des-Prés;169.8;
41211;Saint-Georges-sur-Cher;48.2;
41212;Saint-Gervais-la-Forêt;N/A - division par 0;
41213;Saint-Gourgon;145.9;
41214;Saint-Hilaire-la-Gravelle;90;
41215;Saint-Jacques-des-Guérets;N/A - division par 0;
41216;Saint-Jean-Froidmentel;118.3;
41217;Saint-Julien-de-Chédon;50.5;
41218;Saint-Julien-sur-Cher;147.9;
41219;Saint-Laurent-des-Bois;139.7;
41220;Saint-Laurent-Nouan;90.2;
41221;Saint-Léonard-en-Beauce;132.4;
41222;Saint-Loup;169.9;
41223;Saint-Lubin-en-Vergonnois;126.1;
41224;Saint-Marc-du-Cor;96.1;
41225;Saint-Martin-des-Bois;98.5;
41226;Saint-Ouen;188;
41228;Saint-Rimay;227;
41229;Saint-Romain-sur-Cher;53.4;
41230;Saint-Sulpice-de-Pommeray;83.4;
41231;Saint-Viâtre;53.9;
41232;Salbris;42;
41233;Sambin;93.9;
41234;Santenay;204.2;
41235;Sargé-sur-Braye;134.2;
41236;Sasnières;134.2;
41237;Sassay;30.7;
41238;Savigny-sur-Braye;93.4;
41239;Seigy;19.6;
41241;Selles-Saint-Denis;66.3;
41242;Selles-sur-Cher;73.5;
41243;Selommes;105.3;
41245;Séris;169.9;
41246;Seur;351;
41247;Soings-en-Sologne;70;
41248;Couëtron-au-Perche;112.2;
41249;Souesmes;0;*
41250;Sougé;90.9;
41251;Souvigny-en-Sologne;85.1;
41252;Suèvres;152.2;
41253;Talcy;161.7;
41254;Le Temple;257.9;
41255;Ternay;70.6;
41256;Theillay;72.1;
41258;Thésée;34;
41259;Thoré-la-Rochette;119.9;
41260;Thoury;24.7;
41261;Tourailles;127.3;
41262;Tour-en-Sologne;44.2;
41265;Troo;83.4;
41266;Valaire;138.9;
41267;Vallières-les-Grandes;126.3;
41268;Veilleins;48.1;
41269;Vendôme;55.2;
41271;Vernou-en-Sologne;59.5;
41273;Vievy-le-Rayé;125.4;
41274;Villavard;81;
41275;La Ville-aux-Clercs;169;
41276;Villebarou;163.3;
41277;Villebout;144;
41278;Villechauve;90.1;
41279;Villedieu-le-Château;145.2;
41280;Villefranche-sur-Cher;N/A - division par 0;
41281;Villefrancœur;129.8;
41282;Villeherviers;44.1;
41283;Villemardy;120.6;
41284;Villeneuve-Frouville;160.3;
41285;Villeny;35.6;
41286;Villeporcher;183.5;
41287;Villerable;132.9;
41288;Villerbon;157.2;
41289;Villermain;106.8;
41290;Villeromain;136.9;
41291;Villetrun;168.1;
41292;Villexanton;130.9;
41293;Villiersfaux;167.8;
41294;Villiers-sur-Loir;135.2;
41295;Vineuil;76.8;
41296;Vouzon;73.9;
41297;Yvoy-le-Marron;49.2;
42001;Aboën;54.1;
42002;Ailleux;67.4;
42003;Ambierle;41.6;
42005;Andrézieux-Bouthéon;27.3;
42006;Apinac;82.7;
42007;Arcinges;54.5;
42008;Arcon;81.1;
42009;Arthun;66.3;
42010;Aveizieux;45;
42011;Balbigny;54.1;
42012;Bard;44.5;
42013;Bellegarde-en-Forez;61.9;
42014;Belleroche;80.9;
42015;Belmont-de-la-Loire;93.2;
42016;La Bénisson-Dieu;65.7;
42017;Le Bessat;N/A - division par 0;
42018;Bessey;21;
42019;Boën-sur-Lignon;23.4;
42020;Boisset-lès-Montrond;49.6;
42021;Boisset-Saint-Priest;67.9;
42022;Bonson;3.4;
42023;Bourg-Argental;36.5;
42025;Boyer;103.7;
42026;Briennon;115.7;
42027;Bully;86.1;
42028;Burdignes;51.7;
42029;Bussières;51.2;
42030;Bussy-Albieux;75;
42031;Caloire;8.2;
42032;Cellieu;13.3;
42033;Le Cergne;N/A - division par 0;
42034;Cervières;53;
42035;Cezay;97.5;
42036;Chagnon;13.8;
42037;Chalain-d'Uzore;65.7;
42038;Chalain-le-Comtal;82.6;
42039;Chalmazel-Jeansagnière;53.9;
42040;La Chamba;36.9;
42041;Chambéon;77.2;
42042;Chambles;66.3;
42043;Chambœuf;52;
42044;Le Chambon-Feugerolles;37.4;
42045;La Chambonie;20.5;
42046;Champdieu;62.2;
42047;Champoly;49.3;
42048;Chandon;115.9;
42049;Changy;167.1;
42050;La Chapelle-en-Lafaye;25.9;
42051;La Chapelle-Villars;34.9;
42052;Charlieu;61.3;
42053;Châteauneuf;43.4;
42054;Châtelneuf;49.6;
42055;Châtelus;45.4;
42056;Chavanay;12.7;
42058;Chazelles-sur-Lavieu;110.6;
42059;Chazelles-sur-Lyon;39.5;
42060;Chenereilles;71;
42061;Cherier;71.1;
42062;Chevrières;45.3;
42063;Chirassimont;57.9;
42064;Chuyer;60.5;
42065;Civens;76.1;
42066;Cleppé;86.4;
42067;Colombier;34.8;
42068;Combre;51;
42069;Commelle-Vernay;73.2;
42070;Cordelle;82.7;
42071;Le Coteau;37.7;
42072;La Côte-en-Couzan;74.8;
42073;Cottance;42.5;
42074;Coutouvre;92.8;
42075;Craintilleux;49.9;
42076;Cremeaux;72.6;
42077;Croizet-sur-Gand;66.9;
42078;Le Crozet;82.8;
42079;Cuinzier;139.8;
42081;Cuzieu;80.7;
42083;Dargoire;59.9;
42084;Débats-Rivière-d'Orpra;1.4;
42085;Doizieux;30.3;
42086;Écoche;73.9;
42087;Écotay-l'Olme;22.5;
42088;Épercieux-Saint-Paul;53.8;
42089;Essertines-en-Châtelneuf;52.7;
42090;Essertines-en-Donzy;53.3;
42091;Estivareilles;51.9;
42092;L'Étrat;17.9;
42093;Farnay;39.1;
42094;Feurs;58.7;
42095;Firminy;2.1;
42096;Fontanès;44.8;
42097;La Fouillouse;65.4;
42098;Fourneaux;63.5;
42099;Fraisses;18.2;
42100;La Gimond;35;
42101;Graix;28.1;
42102;Grammond;41.1;
42103;La Grand-Croix;2.4;
42104;La Gresle;78.1;
42105;Grézieux-le-Fromental;69.1;
42106;Grézolles;50.7;
42107;Gumières;45.4;
42108;L'Hôpital-le-Grand;73.1;
42109;L'Hôpital-sous-Rochefort;N/A - division par 0;
42110;L'Horme;17.3;
42112;Jarnosse;80.4;
42113;Jas;28.2;
42115;Jonzieux;48.4;
42116;Juré;74.3;
42117;Lavieu;32.7;
42118;Lay;79.3;
42119;Leigneux;71.4;
42120;Lentigny;32;
42121;Lérigneux;59.6;
42122;Lézigneux;67.1;
42123;Lorette;17.7;
42124;Lupé;8.5;
42125;Luré;67.8;
42126;Luriecq;40.1;
42127;Mably;84.7;
42128;Machézal;57.3;
42129;Maclas;13.3;
42130;Magneux-Haute-Rive;116.3;
42131;Maizilly;76.8;
42132;Malleval;11.8;
42133;Marcenod;49.5;
42134;Marcilly-le-Châtel;43.9;
42135;Marclopt;65.9;
42136;Marcoux;59.6;
42137;Margerie-Chantagret;85.7;
42138;Maringes;40.8;
42139;Marlhes;59;
42140;Marols;80.9;
42141;Mars;100.7;
42142;Merle-Leignec;44.9;
42143;Mizérieux;39.8;
42145;Montagny;54.8;
42146;Montarcher;33;
42147;Montbrison;27.1;
42148;Montchal;40.9;
42149;Montrond-les-Bains;62.1;
42150;Montverdun;67.8;
42151;Mornand-en-Forez;75.4;
42152;Nandax;75.9;
42153;Neaux;76.6;
42154;Néronde;49.4;
42155;Nervieux;77.2;
42156;Neulise;54;
42157;Noailly;71.6;
42158;Les Noës;40.5;
42159;Noirétable;48.9;
42160;Nollieux;77.4;
42161;Notre-Dame-de-Boisset;50.5;
42162;Ouches;87.4;
42163;La Pacaudière;86.3;
42164;Palogneux;55.4;
42165;Panissières;37.5;
42166;Parigny;117.6;
42167;Pavezin;27.7;
42168;Pélussin;54;
42169;Périgneux;63.1;
42170;Perreux;84.8;
42171;Pinay;45.1;
42172;Planfoy;52.8;
42173;Pommiers;100;
42174;Poncins;55;
42175;Pouilly-lès-Feurs;53.5;
42176;Pouilly-les-Nonains;119.1;
42177;Pouilly-sous-Charlieu;89.5;
42178;Pradines;62.6;
42179;Pralong;36.7;
42180;Précieux;61.3;
42181;Régny;102;
42182;Renaison;42.5;
42183;La Ricamarie;13.7;
42184;Riorges;30.3;
42185;Rivas;58.5;
42186;Rive-de-Gier;13.1;
42187;Roanne;6.8;
42188;Roche;53.4;
42189;Roche-la-Molière;39;
42191;Roisey;40.4;
42192;Rozier-Côtes-d'Aurec;86.5;
42193;Rozier-en-Donzy;35.1;
42194;Sail-les-Bains;92.3;
42195;Sail-sous-Couzan;34.9;
42196;Sainte-Agathe-en-Donzy;28.5;
42197;Sainte-Agathe-la-Bouteresse;48.9;
42198;Saint-Alban-les-Eaux;38.8;
42199;Saint-André-d'Apchon;37;
42200;Saint-André-le-Puy;37.4;
42201;Saint-Appolinard;25.1;
42202;Saint-Barthélemy-Lestra;37.6;
42203;Saint-Bonnet-des-Quarts;67.5;
42204;Saint-Bonnet-le-Château;8.1;
42205;Saint-Bonnet-le-Courreau;48.3;
42206;Saint-Bonnet-les-Oules;27.5;
42207;Saint-Chamond;38.1;
42208;Saint-Christo-en-Jarez;38.2;
42209;Sainte-Colombe-sur-Gand;59.7;
42210;Sainte-Croix-en-Jarez;59.5;
42211;Saint-Cyprien;39.4;
42212;Saint-Cyr-de-Favières;83.7;
42213;Saint-Cyr-de-Valorges;133;
42214;Saint-Cyr-les-Vignes;77.2;
42215;Saint-Denis-de-Cabanne;46;
42216;Saint-Denis-sur-Coise;46.3;
42217;Saint-Didier-sur-Rochefort;41.7;
42218;Saint-Étienne;39.9;
42219;Saint-Étienne-le-Molard;69.1;
42220;Saint-Forgeux-Lespinasse;96.2;
42221;Sainte-Foy-Saint-Sulpice;78.7;
42222;Saint-Galmier;50.9;
42223;Saint-Genest-Lerpt;54;
42224;Saint-Genest-Malifaux;56.1;
42225;Genilac;11.2;
42226;Saint-Georges-de-Baroille;67.9;
42227;Saint-Georges-en-Couzan;61.1;
42228;Saint-Georges-Haute-Ville;47;
42229;Saint-Germain-la-Montagne;95.3;
42230;Saint-Germain-Laval;92.6;
42231;Saint-Germain-Lespinasse;92.4;
42232;Saint-Haon-le-Châtel;7.9;
42233;Saint-Haon-le-Vieux;92.9;*
42234;Saint-Héand;45;
42235;Saint-Hilaire-Cusson-la-Valmitte;75.8;
42236;Saint-Hilaire-sous-Charlieu;83.2;
42237;Saint-Jean-Bonnefonds;52.3;
42238;Saint-Jean-la-Vêtre;48.9;
42239;Saint-Jean-Saint-Maurice-sur-Loire;91.4;
42240;Saint-Jean-Soleymieux;56.5;
42241;Saint-Jodard;77.1;
42242;Saint-Joseph;123.3;
42243;Saint-Julien-d'Oddes;76.5;
42245;Vêtre-sur-Anzon;78;
42246;Saint-Julien-Molin-Molette;31.8;
42247;Saint-Just-en-Bas;51.7;
42248;Saint-Just-en-Chevalet;57.7;
42249;Saint-Just-la-Pendue;43.5;
42251;Saint-Laurent-la-Conche;54.7;
42252;Saint-Laurent-Rochefort;43.3;
42253;Saint-Léger-sur-Roanne;62.3;
42254;Saint-Marcel-de-Félines;60.5;
42255;Saint-Marcel-d'Urfé;51.4;
42256;Saint-Marcellin-en-Forez;42.6;
42257;Saint-Martin-d'Estréaux;87.1;
42259;Saint-Martin-la-Plaine;128.9;
42260;Saint-Martin-la-Sauveté;43.8;
42261;Saint-Martin-Lestra;46.5;
42262;Saint-Maurice-en-Gourgois;61.3;
42264;Saint-Médard-en-Forez;40;
42265;Saint-Michel-sur-Rhône;27.9;
42266;Saint-Nizier-de-Fornas;89.4;
42267;Saint-Nizier-sous-Charlieu;100;
42268;Vézelin-sur-Loire;58.8;
42269;Saint-Paul-d'Uzore;77.2;
42270;Saint-Paul-en-Cornillon;41.5;
42271;Saint-Paul-en-Jarez;50;
42272;Saint-Pierre-de-Bœuf;9.9;
42273;Saint-Pierre-la-Noaille;87.4;
42274;Saint-Polgues;70.8;
42275;Saint-Priest-en-Jarez;N/A - division par 0;
42276;Saint-Priest-la-Prugne;50.6;
42277;Saint-Priest-la-Roche;47.5;
42278;Saint-Priest-la-Vêtre;30.4;
42279;Saint-Just-Saint-Rambert;34.6;
42280;Saint-Régis-du-Coin;56.6;
42281;Saint-Rirand;43.1;
42282;Saint-Romain-d'Urfé;55.1;
42283;Saint-Romain-en-Jarez;29.6;
42284;Saint-Romain-la-Motte;99.1;
42285;Saint-Romain-le-Puy;38.8;
42286;Saint-Romain-les-Atheux;64.8;
42287;Saint-Sauveur-en-Rue;43.6;
42288;Saint-Sixte;45.7;
42289;Saint-Symphorien-de-Lay;63.5;
42290;Saint-Thomas-la-Garde;105.9;
42293;Saint-Victor-sur-Rhins;85.8;
42294;Saint-Vincent-de-Boisset;121.5;
42295;Les Salles;75.2;
42296;Salt-en-Donzy;96.9;*
42297;Salvizinet;31.6;
42298;Sauvain;61;
42299;Savigneux;52.1;
42300;Sevelinges;64.8;
42301;Soleymieux;62.6;
42302;Sorbiers;47;
42303;Souternon;62.1;
42304;Sury-le-Comtal;94.5;
42305;La Talaudière;44.9;
42306;Tarentaise;39.3;
42307;Tartaras;26.7;
42308;La Terrasse-sur-Dorlay;86;
42310;Thélis-la-Combe;37.8;
42311;La Tour-en-Jarez;67.3;
42312;La Tourette;3.7;
42313;Trelins;44;
42314;La Tuilière;68.6;
42315;Unias;98;
42316;Unieux;12.6;
42317;Urbise;152.2;
42318;Usson-en-Forez;61;
42319;Valeille;54.1;
42320;Valfleury;22.6;
42321;La Valla-sur-Rochefort;61.4;
42322;La Valla-en-Gier;19.6;
42323;Veauche;22.8;
42324;Veauchette;80.4;
42325;Vendranges;68.8;
42326;Véranne;14.2;
42327;Vérin;6.7;
42328;Verrières-en-Forez;55.1;
42329;La Versanne;41.7;
42330;Villars;37.5;
42331;Villemontais;39.7;
42332;Villerest;54.7;
42333;Villers;121.6;
42334;Violay;49.5;
42335;Viricelles;69;
42336;Virigneux;41.3;
42337;Vivans;124.2;
42338;Vougy;82.6;
42339;Chausseterre;42.7;
43001;Agnat;62.7;
43002;Aiguilhe;N/A - division par 0;
43003;Allègre;55.6;
43004;Alleyrac;56.6;
43005;Alleyras;58.5;
43006;Ally;68.1;
43007;Araules;44.1;
43008;Arlempdes;74.5;
43009;Arlet;43.8;
43010;Arsac-en-Velay;62.7;
43011;Aubazat;50.5;
43012;Aurec-sur-Loire;50.3;
43013;Vissac-Auteyrac;65.8;
43014;Autrac;75.4;
43015;Auvers;70.2;
43016;Auzon;80.4;
43017;Azérat;138.9;
43018;Bains;58;
43019;Barges;92;
43020;Bas-en-Basset;59.4;
43021;Beaulieu;74.7;
43022;Beaumont;66.9;
43023;Beaune-sur-Arzon;74.2;
43024;Beaux;54.7;
43025;Beauzac;47;
43026;Bellevue-la-Montagne;78.5;
43027;Berbezit;13;
43028;Bessamorel;28.6;
43029;La Besseyre-Saint-Mary;77;
43030;Blanzac;74.4;
43031;Blassac;63.7;
43032;Blavozy;32.8;
43033;Blesle;59.8;
43034;Boisset;73.2;
43035;Bonneval;52.7;
43036;Borne;60.4;
43037;Le Bouchet-Saint-Nicolas;55.3;
43038;Bournoncle-Saint-Pierre;111.6;
43039;Le Brignon;65.8;
43040;Brioude;37.5;
43041;Brives-Charensac;8.9;*
43042;Cayres;41.6;
43043;Céaux-d'Allègre;61.2;
43044;Cerzat;81.9;
43045;Ceyssac;38.4;
43046;Chadrac;48.5;
43047;Chadron;38.2;
43048;La Chaise-Dieu;68.5;
43049;Chamalières-sur-Loire;53.3;
43050;Chambezon;99.5;
43051;Le Chambon-sur-Lignon;69;
43052;Champagnac-le-Vieux;39.5;
43053;Champclause;57.2;
43054;Chanaleilles;67.1;
43055;Chaniat;53;
43056;Chanteuges;68.7;
43057;La Chapelle-Bertin;55.1;
43058;La Chapelle-d'Aurec;75.8;
43059;La Chapelle-Geneste;87.9;
43060;Charraix;55.6;
43061;Chaspinhac;63.6;
43062;Chaspuzac;74.7;
43063;Chassagnes;76.9;
43064;Chassignolles;92.6;
43065;Chastel;55;
43066;Chaudeyrolles;80.1;
43067;Chavaniac-Lafayette;73;
43068;Chazelles;17.7;
43069;Chenereilles;45.7;
43070;Chilhac;92.5;
43071;Chomelix;92.7;
43072;La Chomette;96.8;
43073;Cistrières;48.8;
43074;Cohade;85.9;
43075;Collat;72.9;
43076;Connangles;62.8;
43077;Costaros;66.3;
43078;Coubon;64.7;
43079;Couteuges;87.5;
43080;Craponne-sur-Arzon;67.2;
43082;Cronce;71.9;
43083;Cubelles;49.9;
43084;Cussac-sur-Loire;60.7;
43085;Desges;60.2;
43086;Domeyrat;40.2;
43087;Dunières;36.3;
43088;Espalem;70.1;
43089;Espaly-Saint-Marcel;18.8;
43090;Esplantas-Vazeilles;66.7;
43091;Les Estables;102.2;
43092;Fay-sur-Lignon;86.9;
43093;Félines;73.3;
43094;Ferrussac;95.8;
43095;Fix-Saint-Geneys;96.3;
43096;Fontannes;71.3;
43097;Freycenet-la-Cuche;66.1;
43098;Freycenet-la-Tour;71.6;
43099;Frugerès-les-Mines;46.1;
43100;Frugières-le-Pin;42.5;
43101;Goudet;181.8;
43102;Grazac;48.4;
43103;Grenier-Montgon;89.2;
43104;Grèzes;44.4;
43105;Javaugues;85.1;
43106;Jax;36.6;
43107;Josat;29.8;
43108;Jullianges;73.5;
43109;Lafarre;62.6;
43110;Lamothe;69.5;
43111;Landos;78.1;
43112;Langeac;51.2;
43113;Lantriac;69.2;
43114;Lapte;39;
43115;Laussonne;59.6;
43116;Laval-sur-Doulon;33.9;
43117;Lavaudieu;47.3;
43118;Lavoûte-Chilhac;59.4;
43119;Lavoûte-sur-Loire;46.4;
43120;Lempdes-sur-Allagnon;35.9;
43121;Léotoing;58.3;
43122;Lissac;109.2;
43123;Lorlanges;79.8;
43124;Loudes;54.2;
43125;Lubilhac;78.3;
43126;Malrevers;50.9;
43127;Malvalette;63.9;
43128;Malvières;58.7;
43129;Le Mas-de-Tence;28;
43130;Mazet-Saint-Voy;51.2;
43131;Mazerat-Aurouze;130.1;
43132;Mazeyrat-d'Allier;75.5;
43133;Mercœur;103.8;
43134;Mézères;53.1;
43135;Le Monastier-sur-Gazeille;55.1;
43136;Monistrol-d'Allier;46.1;
43137;Monistrol-sur-Loire;48.6;
43138;Monlet;68.8;
43139;Montclard;91;
43140;Le Monteil;23.2;
43141;Montfaucon-en-Velay;46.4;
43142;Montregard;38.6;
43143;Montusclat;68.2;
43144;Moudeyres;99.6;
43145;Ouides;66.5;
43147;Paulhac;77;
43148;Paulhaguet;58.9;
43149;Pébrac;49.4;
43150;Le Pertuis;48.5;
43151;Pinols;81;
43152;Polignac;55.2;
43153;Pont-Salomon;31.4;
43154;Pradelles;65.9;
43155;Prades;N/A - division par 0;
43156;Présailles;94.8;
43157;Le Puy-en-Velay;40.3;
43158;Queyrières;42.4;*
43159;Raucoules;35.7;
43160;Rauret;86.3;
43162;Retournac;45.3;
43163;Riotord;42.9;
43164;Roche-en-Régnier;49.4;
43165;Rosières;61.3;
43166;Saint-André-de-Chalencon;55;
43167;Saint-Arcons-d'Allier;73;
43168;Saint-Arcons-de-Barges;78.3;
43169;Saint-Austremoine;46.3;
43170;Saint-Beauzire;84.8;
43171;Saint-Bérain;66.4;
43172;Saint-Bonnet-le-Froid;48.1;
43173;Saint-Christophe-d'Allier;64.9;
43174;Saint-Christophe-sur-Dolaison;52.6;
43175;Saint-Cirgues;53.4;
43177;Saint-Didier-en-Velay;63;
43178;Saint-Didier-sur-Doulon;42.4;
43180;Saint-Étienne-du-Vigan;81;
43181;Saint-Étienne-Lardeyrol;58.3;
43182;Saint-Étienne-sur-Blesle;25.3;
43183;Sainte-Eugénie-de-Villeneuve;41.4;
43184;Saint-Ferréol-d'Auroure;55.4;
43185;Sainte-Florine;103.5;
43186;Saint-Front;78;
43187;Saint-Geneys-près-Saint-Paulien;65.3;
43188;Saint-Georges-d'Aurac;64.4;
43189;Saint-Georges-Lagricol;47.7;
43190;Saint-Germain-Laprade;49.2;
43191;Saint-Géron;77.6;
43192;Saint-Haon;56.1;
43193;Saint-Hilaire;95.3;
43194;Saint-Hostien;48.2;
43195;Saint-Ilpize;41.4;
43196;Saint-Jean-d'Aubrigoux;45.6;
43197;Saint-Jean-de-Nay;56.2;
43198;Saint-Jean-Lachalm;57.6;
43199;Saint-Jeures;35.1;
43200;Saint-Julien-Chapteuil;39.1;
43201;Saint-Julien-d'Ance;69;
43202;Saint-Julien-des-Chazes;69.9;
43203;Saint-Julien-du-Pinet;24.7;
43204;Saint-Julien-Molhesabate;36;
43205;Saint-Just-Malmont;55.6;
43206;Saint-Just-près-Brioude;92.8;
43207;Saint-Laurent-Chabreuges;34.1;
43208;Sainte-Marguerite;41.3;
43210;Saint-Martin-de-Fugères;79.9;
43211;Saint-Maurice-de-Lignon;56.1;
43212;Saint-Pal-de-Chalencon;66.6;
43213;Saint-Pal-de-Mons;47.4;
43214;Saint-Pal-de-Senouire;39.9;
43215;Saint-Paul-de-Tartas;55.5;
43216;Saint-Paulien;56.3;
43217;Saint-Pierre-du-Champ;62.7;
43218;Saint-Pierre-Eynac;43.1;
43219;Saint-Préjet-Armandon;15.4;
43220;Saint-Préjet-d'Allier;58.2;
43221;Saint-Privat-d'Allier;58.1;
43222;Saint-Privat-du-Dragon;79.2;
43223;Saint-Romain-Lachalm;43.5;
43224;Sainte-Sigolène;33.3;
43225;Saint-Vénérand;51.7;
43226;Saint-Vert;32.4;
43227;Saint-Victor-Malescours;40.6;
43228;Saint-Victor-sur-Arlanc;25;
43229;Saint-Vidal;61.1;
43230;Saint-Vincent;35.2;
43231;Salettes;52.7;
43232;Salzuit;92.1;
43233;Sanssac-l'Église;38.7;
43234;Saugues;55.9;
43236;La Séauve-sur-Semène;41.8;
43237;Sembadel;31.8;
43238;Séneujols;27.9;
43239;Siaugues-Sainte-Marie;63.7;
43240;Solignac-sous-Roche;47.7;
43241;Solignac-sur-Loire;56.2;
43242;Tailhac;59.3;
43244;Tence;35.4;
43245;Thoras;69.6;
43246;Tiranges;60.8;
43247;Torsiac;120.8;
43249;Valprivas;57.6;
43250;Vals-le-Chastel;20.6;
43251;Vals-près-le-Puy;161.8;
43252;Varennes-Saint-Honorat;15.8;
43253;Les Vastres;77.4;
43254;Vazeilles-Limandre;54;
43256;Venteuges;45;
43257;Vergezac;69;
43258;Vergongheon;49.5;
43259;Vernassal;84.1;
43260;Le Vernet;32.2;
43261;Vézézoux;63.3;
43262;Vieille-Brioude;45.9;
43263;Vielprat;59.7;
43264;Villeneuve-d'Allier;96.1;
43265;Les Villettes;46.2;
43267;Vorey;49.5;
43268;Yssingeaux;40.7;
44001;Abbaretz;106.6;
44002;Aigrefeuille-sur-Maine;71.4;
44003;Ancenis-Saint-Géréon;95.9;
44005;Chaumes-en-Retz;95.6;
44006;Assérac;82.5;
44007;Avessac;98.9;
44009;Basse-Goulaine;25.2;
44010;Batz-sur-Mer;15;
44012;La Bernerie-en-Retz;N/A - division par 0;
44013;Besné;130.6;*
44014;Le Bignon;94.1;
44015;Blain;84.5;
44016;La Boissière-du-Doré;137.5;
44018;Bouaye;24.5;
44019;Bouée;130.6;
44020;Bouguenais;36.1;
44021;Villeneuve-en-Retz;96.2;
44022;Boussay;105.6;
44023;Bouvron;78.2;
44024;Brains;103.2;
44025;Campbon;88.1;
44026;Carquefou;35;
44027;Casson;63.4;
44028;Le Cellier;80.8;
44029;Divatte-sur-Loire;53.4;
44030;La Chapelle-des-Marais;262.9;
44031;La Chapelle-Glain;61.8;
44032;La Chapelle-Heulin;30.1;
44033;La Chapelle-Launay;244.7;
44035;La Chapelle-sur-Erdre;38.6;
44036;Châteaubriant;85;
44037;Château-Thébaud;37.3;
44038;Chauvé;128.1;
44039;Cheix-en-Retz;179.2;
44041;La Chevrolière;81.6;
44043;Clisson;43.9;
44044;Conquereuil;101.3;
44045;Cordemais;137.3;
44046;Corsept;112.3;
44047;Couëron;69.1;
44048;Couffé;108.3;
44049;Le Croisic;38.7;
44050;Crossac;94.4;
44051;Derval;88.4;
44052;Donges;180;
44053;Drefféac;58.7;
44054;Erbray;73.5;
44055;La Baule-Escoublac;59.9;*
44056;Fay-de-Bretagne;98.9;
44057;Fégréac;93.4;
44058;Fercé;97;
44061;Frossay;153.7;
44062;Le Gâvre;55.8;
44063;Gétigné;72.8;
44064;Gorges;33.9;
44065;Grand-Auverné;81;
44066;Grandchamps-des-Fontaines;101.7;
44067;Guémené-Penfao;117.1;
44068;Guenrouet;66.9;
44069;Guérande;63.5;
44070;La Haie-Fouassière;35.8;
44071;Haute-Goulaine;62.7;
44072;Herbignac;76.1;
44073;Héric;94.8;
44074;Indre;32.7;
44075;Issé;111.8;
44076;Jans;103.5;
44077;Joué-sur-Erdre;97;
44078;Juigné-des-Moutiers;64.2;
44079;Le Landreau;31.2;
44080;Lavau-sur-Loire;135.4;
44081;Legé;94.1;
44082;Ligné;82;
44083;La Limouzinière;72.4;
44084;Le Loroux-Bottereau;51;
44085;Louisfert;83.8;
44086;Lusanger;88.3;
44087;Machecoul-Saint-Même;74.6;
44088;Maisdon-sur-Sèvre;31.9;
44089;Malville;71.2;
44090;La Marne;75.5;
44091;Marsac-sur-Don;93.3;
44092;Massérac;52.7;
44094;Mauves-sur-Loire;72.3;
44095;La Meilleraye-de-Bretagne;84.3;
44096;Mésanger;145.6;
44097;Mesquer;73.5;
44098;Missillac;68.2;
44099;Moisdon-la-Rivière;112.9;
44100;Monnières;23.5;
44101;La Montagne;0.4;*
44102;Montbert;84.9;
44103;Montoir-de-Bretagne;99.5;
44104;Montrelais;75.9;
44105;Mouais;72.7;
44106;Les Moutiers-en-Retz;56.7;
44107;Mouzeil;73.9;*
44108;Mouzillon;35.1;
44109;Nantes;16.4;
44110;Nort-sur-Erdre;86.5;
44111;Notre-Dame-des-Landes;90.2;
44112;Noyal-sur-Brutz;53.5;
44113;Nozay;83.6;
44114;Orvault;87.3;
44115;Oudon;48;
44116;Paimbœuf;N/A - division par 0;
44117;Le Pallet;23.4;
44118;Pannecé;87.6;
44119;Paulx;83.6;
44120;Le Pellerin;70.6;
44121;Petit-Auverné;75.5;
44122;Petit-Mars;72.7;
44123;Pierric;77.2;
44124;Le Pin;84.8;
44125;Piriac-sur-Mer;161.3;
44126;La Plaine-sur-Mer;86.7;
44127;La Planche;95.9;
44128;Plessé;70.4;
44129;Pontchâteau;103.1;
44130;Pont-Saint-Martin;36.4;
44131;Pornic;111.1;
44132;Pornichet;133.3;
44133;Port-Saint-Père;119.7;
44134;Pouillé-les-Côteaux;92.4;
44135;Le Pouliguen;24.8;
44136;Préfailles;0.2;
44137;Prinquiau;143.2;
44138;Puceul;164.9;
44139;Quilly;88.4;
44140;La Regrippière;68.1;
44141;La Remaudière;74.7;
44142;Remouillé;76.9;
44143;Rezé;3.1;
44144;Riaillé;96.9;
44145;Rouans;141.5;
44146;Rougé;79.3;
44148;Ruffigné;97;
44149;Saffré;95.9;
44150;Saint-Aignan-Grandlieu;8.5;
44151;Saint-André-des-Eaux;69.2;
44152;Sainte-Anne-sur-Brivet;73.8;
44153;Saint-Aubin-des-Châteaux;64.5;
44154;Saint-Brevin-les-Pins;43.8;
44155;Saint-Colomban;91;
44156;Corcoué-sur-Logne;93.6;
44157;Saint-Étienne-de-Mer-Morte;148.9;
44158;Saint-Étienne-de-Montluc;109.6;
44159;Saint-Fiacre-sur-Maine;38.5;
44161;Saint-Gildas-des-Bois;88.1;
44162;Saint-Herblain;8.8;
44163;Vair-sur-Loire;91.1;
44164;Saint-Hilaire-de-Chaléons;83.8;
44165;Saint-Hilaire-de-Clisson;127.7;
44166;Saint-Jean-de-Boiseau;43.7;
44168;Saint-Joachim;204.5;
44169;Saint-Julien-de-Concelles;29.5;
44170;Saint-Julien-de-Vouvantes;97.7;
44171;Saint-Léger-les-Vignes;29;
44172;Sainte-Luce-sur-Loire;20;
44173;Saint-Lumine-de-Clisson;88.5;
44174;Saint-Lumine-de-Coutais;70.6;
44175;Saint-Lyphard;66.7;
44176;Saint-Malo-de-Guersac;115.1;
44178;Saint-Mars-de-Coutais;89.8;
44179;Saint-Mars-du-Désert;78.1;
44180;Vallons-de-l'Erdre;92.8;
44182;Saint-Michel-Chef-Chef;131.1;
44183;Saint-Molf;71.4;
44184;Saint-Nazaire;53.8;
44185;Saint-Nicolas-de-Redon;96.6;
44186;Sainte-Pazanne;100.6;
44187;Saint-Père-en-Retz;110.7;
44188;Saint-Philbert-de-Grand-Lieu;70.5;
44189;Sainte-Reine-de-Bretagne;150;
44190;Saint-Sébastien-sur-Loire;N/A - division par 0;
44192;Saint-Viaud;90.7;
44193;Saint-Vincent-des-Landes;90.6;
44194;Sautron;85.5;
44195;Savenay;95.4;
44196;Sévérac;60.7;
44197;Sion-les-Mines;86.8;
44198;Les Sorinières;19.2;
44199;Soudan;72.6;
44200;Soulvache;74.3;
44201;Sucé-sur-Erdre;74.7;
44202;Teillé;89.9;
44203;Le Temple-de-Bretagne;134.4;
44204;Thouaré-sur-Loire;56.5;
44205;Les Touches;108.3;
44206;Touvois;112;
44207;Trans-sur-Erdre;110.1;
44208;Treffieux;89.9;
44209;Treillières;68.5;
44210;Trignac;308.5;
44211;La Turballe;64.5;
44212;Vallet;40.3;
44213;Loireauxence;78.3;
44214;Vay;104.7;
44215;Vertou;24.6;
44216;Vieillevigne;118.6;
44217;Vigneux-de-Bretagne;74.5;
44218;Villepot;70.5;
44220;Vue;93.6;
44221;La Chevallerais;114.2;
44222;La Roche-Blanche;122;
44223;Geneston;23.3;
44224;La Grigonnais;88.3;
45001;Adon;132.5;
45002;Aillant-sur-Milleron;131.4;
45004;Amilly;98.4;
45005;Andonville;151;
45006;Ardon;48.3;
45008;Artenay;112.7;
45009;Aschères-le-Marché;99.9;
45010;Ascoux;129.5;
45011;Attray;140.1;
45012;Audeville;172;
45013;Augerville-la-Rivière;30.8;
45014;Aulnay-la-Rivière;126.5;
45015;Autruy-sur-Juine;113.6;
45016;Autry-le-Châtel;119.6;
45017;Auvilliers-en-Gâtinais;113.2;
45018;Auxy;94.3;
45019;Baccon;153.2;
45020;Le Bardon;158.5;
45021;Barville-en-Gâtinais;138.3;
45022;Batilly-en-Gâtinais;157.1;
45023;Batilly-en-Puisaye;119.9;
45024;Baule;94.4;
45025;Bazoches-les-Gallerandes;124.1;
45026;Bazoches-sur-le-Betz;70;
45027;Beauchamps-sur-Huillard;87.4;
45028;Beaugency;286.1;
45029;Beaulieu-sur-Loire;134.6;
45030;Beaune-la-Rolande;139;
45031;Bellegarde;48.6;
45032;Le Bignon-Mirabeau;154.1;
45033;Boësses;118.7;
45034;Boigny-sur-Bionne;107.6;
45035;Boiscommun;161.7;
45036;Boismorand;64.7;
45037;Boisseaux;75.6;
45038;Bondaroy;142.4;
45039;Bonnée;70.9;
45040;Bonny-sur-Loire;138.3;
45041;Bordeaux-en-Gâtinais;168.6;
45042;Les Bordes;55.9;
45043;Bou;127.7;
45044;Bougy-lez-Neuville;99.9;
45045;Bouilly-en-Gâtinais;130;
45046;Boulay-les-Barres;136.4;
45047;Bouzonville-aux-Bois;145.8;
45049;Bouzy-la-Forêt;94.4;
45050;Boynes;154.5;
45051;Bray-Saint-Aignan;98.3;
45052;Breteau;161.5;
45053;Briare;118.6;
45054;Briarres-sur-Essonne;123.5;
45055;Bricy;130.1;
45056;Bromeilles;167.9;
45058;Bucy-le-Roi;115.5;
45059;Bucy-Saint-Liphard;102.6;
45060;La Bussière;80.2;
45061;Cepoy;N/A - division par 0;
45062;Cercottes;116.4;
45063;Cerdon;96.8;
45064;Cernoy-en-Berry;110.5;
45065;Césarville-Dossainville;175;
45066;Chailly-en-Gâtinais;80.7;
45067;Chaingy;121;
45068;Châlette-sur-Loing;6.1;
45069;Chambon-la-Forêt;107.7;
45070;Champoulet;21.8;
45072;Chanteau;19.4;
45073;Chantecoq;159.7;
45074;La Chapelle-Onzerain;144.7;
45075;La Chapelle-Saint-Mesmin;125.5;
45076;La Chapelle-Saint-Sépulcre;138.2;
45077;La Chapelle-sur-Aveyron;151.5;
45078;Chapelon;115.3;
45079;Le Charme;97.7;
45080;Charmont-en-Beauce;100.7;
45081;Charsonville;131.8;
45082;Châteauneuf-sur-Loire;88.2;
45083;Château-Renard;153;
45084;Châtenoy;71.2;
45085;Châtillon-Coligny;156.8;
45086;Châtillon-le-Roi;109.3;
45087;Châtillon-sur-Loire;143;
45088;Chaussy;123.9;
45089;Chécy;74.2;
45091;Chevannes;200.1;
45092;Chevillon-sur-Huillard;158.7;
45093;Chevilly;169.1;
45094;Chevry-sous-le-Bignon;178.4;
45095;Chilleurs-aux-Bois;95.3;
45096;Les Choux;208.3;
45097;Chuelles;111;
45098;Cléry-Saint-André;69.5;
45099;Coinces;130.5;
45100;Combleux;N/A - division par 0;
45101;Combreux;82.7;
45102;Conflans-sur-Loing;N/A - division par 0;
45103;Corbeilles;108.3;
45104;Corquilleroy;114.2;
45105;Cortrat;116.6;
45107;Coudroy;56.5;
45108;Coullons;108.5;
45109;Coulmiers;152.6;
45110;Courcelles-le-Roi;168.4;
45111;Courcy-aux-Loges;226.1;
45112;La Cour-Marigny;100.1;
45113;Courtemaux;164.4;
45114;Courtempierre;247.1;
45115;Courtenay;151.2;
45116;Cravant;150.7;
45118;Crottes-en-Pithiverais;124.1;
45119;Dadonville;128.4;
45120;Dammarie-en-Puisaye;117.6;
45121;Dammarie-sur-Loing;314.6;
45122;Dampierre-en-Burly;66.1;
45123;Darvoy;102.2;
45124;Desmonts;150.9;
45125;Dimancheville;127.1;
45126;Donnery;124.1;
45127;Dordives;63.1;
45129;Douchy-Montcorbon;109.5;
45130;Dry;58.8;
45131;Échilleuses;150.7;
45132;Égry;135.3;
45133;Engenville;142.7;
45134;Épieds-en-Beauce;118.3;
45135;Erceville;141.4;
45136;Ervauville;115.3;
45137;Escrennes;144.9;
45138;Escrignelles;136.1;
45139;Estouy;156.3;
45141;Faverelles;86.6;
45142;Fay-aux-Loges;87.4;
45143;Feins-en-Gâtinais;103.8;
45144;Férolles;85.4;
45145;Ferrières-en-Gâtinais;137.3;
45146;La Ferté-Saint-Aubin;88.1;
45147;Fleury-les-Aubrais;10;
45148;Fontenay-sur-Loing;N/A - division par 0;
45149;Foucherolles;123.8;
45150;Fréville-du-Gâtinais;63.3;
45151;Gaubertin;112.6;
45152;Gémigny;100.4;
45153;Germigny-des-Prés;85.6;
45154;Gidy;135.2;
45155;Gien;111.4;
45156;Girolles;145.7;
45157;Givraines;117;
45158;Gondreville;125.9;*
45159;Grangermont;110.3;
45160;Greneville-en-Beauce;115.5;
45161;Griselles;241.6;
45162;Guigneville;145;
45164;Guilly;107.3;
45165;Gy-les-Nonains;106.8;
45166;Huêtre;100.9;
45167;Huisseau-sur-Mauves;136.5;
45168;Ingrannes;94;
45169;Ingré;78.2;
45170;Intville-la-Guétard;179.2;
45171;Isdes;125.5;
45173;Jargeau;94.2;
45174;Jouy-en-Pithiverais;103.8;
45175;Jouy-le-Potier;76.3;
45176;Juranville;175.8;
45177;Laas;78.6;
45178;Ladon;126.4;
45179;Lailly-en-Val;111.6;
45180;Langesse;146.8;
45181;Léouville;87.3;
45182;Ligny-le-Ribault;43.3;
45183;Lion-en-Beauce;93.9;
45184;Lion-en-Sullias;99.8;
45185;Lombreuil;105.7;
45186;Lorcy;124;
45187;Lorris;92.2;
45188;Loury;68.8;
45189;Louzouer;114;
45191;Le Malesherbois;138.8;
45193;Marcilly-en-Villette;69.7;
45194;Mardié;19.9;
45195;Mareau-aux-Bois;218.6;
45196;Mareau-aux-Prés;30.7;
45197;Marigny-les-Usages;113.2;*
45198;Marsainvilliers;151.1;
45199;Melleroy;154.4;
45200;Ménestreau-en-Villette;42.7;
45201;Mérinville;103.2;
45202;Messas;180.4;
45203;Meung-sur-Loire;99.6;
45204;Mézières-lez-Cléry;31.3;
45205;Mézières-en-Gâtinais;142.4;
45206;Mignères;110.3;
45207;Mignerette;149.7;
45208;Montargis;N/A - division par 0;
45209;Montbarrois;123.8;
45210;Montbouy;197.1;
45212;Montcresson;143.3;
45213;Montereau;106.7;
45214;Montigny;92.4;
45215;Montliard;139.5;
45216;Mormant-sur-Vernisson;142.6;
45217;Morville-en-Beauce;155.6;
45218;Le Moulinet-sur-Solin;28;
45219;Moulon;125.9;
45220;Nancray-sur-Rimarde;174.4;
45222;Nargis;147.6;
45223;Nesploy;50.4;
45224;Neuville-aux-Bois;92.9;
45225;La Neuville-sur-Essonne;133;
45226;Neuvy-en-Sullias;37.1;
45227;Nevoy;94.2;
45228;Nibelle;107.8;
45229;Nogent-sur-Vernisson;189.1;
45230;Noyers;78.4;
45231;Oison;130;
45232;Olivet;6.6;
45233;Ondreville-sur-Essonne;115.4;
45234;Orléans;32;
45235;Ormes;99.2;
45237;Orville;101;
45238;Ousson-sur-Loire;53;
45239;Oussoy-en-Gâtinais;124.1;
45240;Outarville;142.1;
45241;Ouvrouer-les-Champs;52.4;
45242;Ouzouer-des-Champs;190.1;
45243;Ouzouer-sous-Bellegarde;129;
45244;Ouzouer-sur-Loire;69.9;
45245;Ouzouer-sur-Trézée;209.5;
45246;Pannecières;117.1;
45247;Pannes;177.6;
45248;Patay;99.4;
45249;Paucourt;N/A - division par 0;
45250;Pers-en-Gâtinais;156.8;
45251;Pierrefitte-ès-Bois;119.9;
45252;Pithiviers;104.9;*
45253;Pithiviers-le-Vieil;107.6;
45254;Poilly-lez-Gien;75.1;
45255;Préfontaines;114.6;
45256;Presnoy;96;
45257;Pressigny-les-Pins;211.6;
45258;Puiseaux;176.9;
45259;Quiers-sur-Bézonde;47.3;
45260;Ramoulu;130.9;
45261;Rebréchien;157.6;
45262;Rouvray-Sainte-Croix;211.7;
45263;Rouvres-Saint-Jean;159.3;
45264;Rozières-en-Beauce;49.8;
45265;Rozoy-le-Vieil;81.4;
45266;Ruan;90;
45268;Saint-Aignan-le-Jaillard;140.1;
45269;Saint-Ay;101.3;
45270;Saint-Benoît-sur-Loire;107.8;
45271;Saint-Brisson-sur-Loire;124;
45272;Saint-Cyr-en-Val;45.2;
45273;Saint-Denis-de-l'Hôtel;78;
45274;Saint-Denis-en-Val;15.9;
45275;Saint-Firmin-des-Bois;105.2;
45276;Saint-Firmin-sur-Loire;98;
45277;Saint-Florent;162.9;
45278;Sainte-Geneviève-des-Bois;148.8;
45279;Saint-Germain-des-Prés;171.5;
45280;Saint-Gondon;140.8;
45281;Saint-Hilaire-les-Andrésis;144.4;
45282;Saint-Hilaire-Saint-Mesmin;24.8;
45283;Saint-Hilaire-sur-Puiseaux;138.9;
45284;Saint-Jean-de-Braye;15.7;
45285;Saint-Jean-de-la-Ruelle;N/A - division par 0;
45286;Saint-Jean-le-Blanc;26.7;
45288;Saint-Loup-des-Vignes;99.3;
45289;Saint-Lyé-la-Forêt;96.9;
45290;Saint-Martin-d'Abbat;72.5;
45291;Saint-Martin-sur-Ocre;107;
45292;Saint-Maurice-sur-Aveyron;145.1;
45293;Saint-Maurice-sur-Fessard;59.2;
45294;Saint-Michel;62;
45296;Saint-Péravy-la-Colombe;149.7;
45297;Saint-Père-sur-Loire;101.5;
45298;Saint-Pryvé-Saint-Mesmin;26.9;
45299;Saint-Sigismond;154.6;
45300;Sandillon;82.5;
45301;Santeau;112;
45302;Saran;52.2;
45303;Sceaux-du-Gâtinais;126.5;
45305;Seichebrières;216.6;
45306;La Selle-en-Hermoy;93.7;
45307;La Selle-sur-le-Bied;158.1;
45308;Semoy;6.5;
45309;Sennely;25.3;
45310;Sermaises;140.2;
45311;Sigloy;120.4;
45312;Solterre;289.8;
45313;Sougy;121.7;
45314;Sully-la-Chapelle;73.6;
45315;Sully-sur-Loire;112.1;
45316;Sury-aux-Bois;77.8;
45317;Tavers;135.1;
45320;Thignonville;120.7;
45321;Thimory;106.3;
45322;Thorailles;252.2;
45323;Thou;227.8;
45324;Tigy;61.3;
45325;Tivernon;231.9;
45326;Tournoisis;111.9;
45327;Traînou;203.1;
45328;Treilles-en-Gâtinais;84.8;
45329;Triguères;133.1;
45330;Trinay;91;
45331;Vannes-sur-Cosson;0.5;
45332;Varennes-Changy;163.4;
45333;Vennecy;121.7;
45334;Vieilles-Maisons-sur-Joudry;137.3;
45335;Vienne-en-Val;114.6;
45336;Viglain;72.5;
45337;Villamblain;111.4;
45338;Villemandeur;71.4;
45339;Villemoutiers;105.9;
45340;Villemurlin;109.9;
45341;Villeneuve-sur-Conie;166.3;
45342;Villereau;128.8;
45343;Villevoques;101.8;
45344;Villorceau;89.6;
45345;Vimory;138.5;
45346;Vitry-aux-Loges;138.1;
45347;Vrigny;105;
45348;Yèvre-la-Ville;91.1;
46001;Albas;26.7;
46002;Albiac;99.9;
46003;Alvignac;83.3;
46004;Anglars;48.9;
46005;Anglars-Juillac;31.8;
46006;Anglars-Nozac;39.5;
46007;Arcambal;31.4;
46008;Les Arques;31.8;
46009;Assier;85.5;
46010;Aujols;23.8;*
46011;Autoire;37.9;
46012;Aynac;34;
46013;Bach;66.8;
46015;Bagnac-sur-Célé;50.8;
46016;Baladou;63.7;
46017;Bannes;29.9;
46018;Le Bastit;204.7;
46020;Beauregard;75.2;
46021;Béduer;43.9;
46022;Bélaye;27.8;
46023;Belfort-du-Quercy;59.3;
46024;Belmont-Bretenoux;91.7;
46026;Belmont-Sainte-Foi;52.5;
46027;Berganty;91.5;
46028;Bétaille;23.2;
46029;Biars-sur-Cère;2.2;
46030;Bio;64.6;
46031;Blars;157.2;
46032;Boissières;30.6;
46033;Porte-du-Quercy;60.5;
46034;Le Bourg;54.6;
46035;Boussac;113.7;
46036;Le Bouyssou;50.9;
46037;Bouziès;95.7;
46038;Bretenoux;22;*
46039;Brengues;46.4;
46040;Cabrerets;179.1;
46041;Cadrieu;56.3;
46042;Cahors;18.8;
46043;Cahus;17.6;
46044;Caillac;25.1;
46045;Cajarc;38.4;*
46046;Calamane;18.2;
46047;Calès;108;
46049;Calvignac;55.5;
46050;Cambayrac;24.8;
46051;Cambes;95;
46052;Camboulit;43.5;
46053;Camburat;88.3;
46054;Caniac-du-Causse;141.6;
46055;Capdenac;38.1;
46056;Carayac;104.1;
46057;Cardaillac;29;
46058;Carennac;67.7;
46059;Carlucet;124.5;
46060;Carnac-Rouffiac;31.8;
46061;Cassagnes;20.4;
46062;Castelfranc;12.5;
46063;Castelnau Montratier-Sainte Alauzie;56.7;
46064;Catus;106.9;
46065;Cavagnac;50.4;
46066;Cazals;40.3;
46068;Cénevières;44.5;
46069;Cézac;38.2;
46070;Cieurac;51.1;
46072;Concorès;33;
46073;Concots;128.9;
46074;Condat;22.2;
46075;Corn;74.6;
46076;Cornac;40.9;
46078;Couzou;405.5;*
46079;Cras;81;
46080;Crayssac;3.2;
46081;Crégols;48.5;
46082;Cremps;63.5;
46083;Cressensac-Sarrazac;53;
46084;Creysse;27.1;
46085;Cuzac;10.1;
46086;Cuzance;57.1;
46087;Dégagnac;35.1;
46088;Douelle;9.9;
46089;Duravel;15.8;
46090;Durbans;145.1;
46091;Escamps;51.7;
46092;Esclauzels;14.6;
46093;Espagnac-Sainte-Eulalie;N/A - division par 0;
46094;Espédaillac;160.6;
46095;Espère;4.9;
46096;Espeyroux;37.1;
46097;Estal;47;
46098;Fajoles;19.2;
46100;Faycelles;43.5;
46101;Felzins;47.3;
46102;Figeac;41;
46103;Saint-Paul-Flaugnac;41.5;
46104;Flaujac-Gare;92.2;
46105;Flaujac-Poujols;60;
46106;Floirac;59;
46107;Floressas;58.8;
46108;Fons;44;
46109;Fontanes;41.8;
46111;Fourmagnac;32.4;
46112;Francoulès;40.1;
46113;Frayssinet;68.2;
46114;Frayssinet-le-Gélat;31.5;
46115;Frayssinhes;50.9;
46116;Frontenac;81;*
46117;Gagnac-sur-Cère;40.4;*
46118;Gignac;47.3;
46119;Gigouzac;47.1;*
46120;Gindou;28.8;
46121;Ginouillac;77.7;
46122;Gintrac;109.8;
46123;Girac;28.4;
46124;Glanes;30.8;
46125;Gorses;59.8;
46126;Goujounac;86.2;
46127;Gourdon;31;
46128;Gramat;68.1;
46129;Gréalou;167;
46130;Grézels;17;
46131;Grèzes;273.4;
46132;Issendolus;43.8;
46133;Issepts;36;
46134;Les Junies;16.4;
46135;Labastide-du-Haut-Mont;83.6;
46136;Labastide-du-Vert;26.9;
46137;Labastide-Marnhac;50.7;
46138;Cœur de Causse;136.9;
46139;Labathude;47.2;
46140;Laburgade;35.2;
46142;Lacapelle-Cabanac;33.7;
46143;Lacapelle-Marival;49.5;
46144;Lacave;45.6;
46145;Lachapelle-Auzac;49.3;
46146;Ladirat;25.8;
46147;Lagardelle;34;
46148;Lalbenque;58.9;
46149;Lamagdelaine;24.9;
46151;Lamothe-Cassel;84.7;
46152;Lamothe-Fénelon;31.1;
46153;Lanzac;34.5;
46154;Laramière;56.3;
46155;Larnagol;70.8;
46156;Bellefont-La Rauze;25.5;
46157;Larroque-Toirac;141.5;
46159;Latouille-Lentillac;36.7;
46160;Latronquière;49.3;
46161;Lauresses;48.5;
46162;Lauzès;127.9;
46163;Laval-de-Cère;8;
46164;Lavercantière;91.3;
46165;Lavergne;41.1;
46167;Lentillac-du-Causse;89;
46168;Lentillac-Saint-Blaise;80.9;
46169;Léobard;37.3;
46170;Leyme;41.2;*
46171;Lherm;67.5;
46172;Lhospitalet;46.3;
46173;Limogne-en-Quercy;129.7;
46174;Linac;24.9;
46175;Lissac-et-Mouret;69.4;
46176;Livernon;138;
46177;Loubressac;55.6;
46178;Loupiac;63.8;
46179;Lugagnac;54.4;
46180;Lunan;42.1;
46181;Lunegarde;404;
46182;Luzech;18.8;
46183;Marcilhac-sur-Célé;89.7;
46184;Marminiac;32.3;*
46185;Martel;32;
46186;Masclat;46;
46187;Mauroux;40.2;
46188;Maxou;10.1;
46189;Mayrinhac-Lentour;118.5;
46190;Mechmont;100.1;
46191;Mercuès;42.5;
46192;Meyronne;50.5;
46193;Miers;66.1;
46194;Milhac;38.2;
46195;Molières;43.5;
46196;Montamel;64.1;
46197;Le Montat;57.8;*
46198;Montbrun;57.9;
46199;Montcabrier;28.3;
46200;Montcléra;17.8;
46201;Montcuq-en-Quercy-Blanc;74.1;
46202;Montdoumerc;80.2;
46203;Montet-et-Bouxal;47.9;
46204;Montfaucon;93;
46205;Montgesty;62.1;
46206;Montlauzun;36.3;
46207;Montredon;60.5;
46208;Montvalent;123.8;
46209;Nadaillac-de-Rouge;71.4;
46210;Nadillac;N/A - division par 0;
46211;Nuzéjouls;107;
46212;Orniac;140.4;
46213;Padirac;54.9;
46214;Parnac;27.5;
46215;Payrac;44.4;
46216;Payrignac;21.9;
46217;Pern;68.4;
46218;Pescadoires;19.9;
46219;Peyrilles;100.3;
46220;Pinsac;33;
46221;Planioles;36.7;
46222;Pomarède;40;
46223;Pontcirq;43;
46224;Pradines;12.2;
46225;Prayssac;17.4;
46226;Prendeignes;35;
46227;Promilhanes;57.1;
46228;Prudhomat;56;*
46229;Puybrun;50.8;
46230;Puyjourdes;33.5;
46231;Puy-l'Évêque;22.6;
46232;Le Vignon-en-Quercy;47.7;
46233;Quissac;259.1;
46234;Rampoux;79.4;
46235;Reilhac;136.6;
46236;Reilhaguet;132;
46237;Reyrevignes;56.6;
46238;Rignac;48;
46239;Le Roc;21.1;
46240;Rocamadour;85.4;
46241;Rouffilhac;51.7;
46242;Rudelle;55.3;
46243;Rueyres;83.7;
46244;Sabadel-Latronquière;25.4;
46245;Sabadel-Lauzès;83.3;
46246;Saignes;49;
46247;Saillac;66.7;
46249;Saint-Bressou;31.6;
46250;Saint-Caprais;40.6;
46251;Saint-Céré;22.2;
46252;Les Pechs du Vers;94.6;
46253;Saint-Chamarand;49.3;
46254;Saint-Chels;87.3;
46255;Saint-Cirgues;43.4;
46256;Saint-Cirq-Lapopie;41.1;
46257;Saint-Cirq-Madelon;27.6;
46258;Saint-Cirq-Souillaguet;10.1;
46259;Saint-Clair;20.2;
46260;Sainte-Colombe;74;
46262;Lendou-en-Quercy;51.6;
46263;Barguelonne-en-Quercy;62;
46264;Saint-Denis-Catus;113.8;
46265;Saint-Denis-lès-Martel;32.5;
46266;Saint-Félix;46.9;
46267;Saint-Germain-du-Bel-Air;64.4;
46268;Saint Géry-Vers;74.7;
46269;Saint-Hilaire;30;
46270;Saint-Jean-de-Laur;124.6;
46271;Saint-Jean-Lespinasse;68.3;
46272;Saint-Jean-Mirabel;41.1;
46273;Saint-Laurent-les-Tours;48.8;
46276;Saint-Martin-Labouval;63.4;
46277;Saint-Martin-le-Redon;34;
46279;Saint-Maurice-en-Quercy;48.6;
46280;Saint-Médard;30.4;
46281;Saint-Médard-de-Presque;49.5;
46282;Saint-Médard-Nicourby;83.2;
46283;Saint-Michel-de-Bannières;27.5;
46284;Saint-Michel-Loubéjou;29.1;
46286;Saint-Paul-de-Vern;26.4;
46288;Saint-Perdoux;31.7;
46289;Saint-Pierre-Toirac;28.6;
46290;Saint-Projet;58.7;
46292;Saint-Simon;72.9;
46293;Saint-Sozy;19.7;
46294;Saint-Sulpice;107.2;
46295;Saint-Vincent-du-Pendit;62.6;
46296;Saint-Vincent-Rive-d'Olt;25.4;
46297;Salviac;60.8;
46299;Sauliac-sur-Célé;83;
46301;Sauzet;59.1;
46302;Sénaillac-Latronquière;78.9;
46303;Sénaillac-Lauzès;163.1;
46304;Séniergues;120.4;
46305;Sérignac;64.4;
46306;Sonac;90.3;*
46307;Soturac;47.9;
46308;Soucirac;76.7;
46309;Souillac;10.8;
46310;Soulomès;125.3;
46311;Sousceyrac-en-Quercy;56.8;
46312;Strenquels;25.4;
46313;Tauriac;18.3;
46314;Terrou;33.5;
46315;Teyssieu;39.1;
46316;Thédirac;75.4;
46317;Thégra;66.6;
46318;Thémines;43.6;
46319;Théminettes;37.7;
46320;Tour-de-Faure;32.3;
46321;Touzac;39.2;
46322;Trespoux-Rassiels;22.7;
46323;Ussel;56.6;*
46324;Uzech;44.4;
46328;Varaire;174.1;
46329;Vaylats;53.4;
46330;Vayrac;24.7;
46332;Viazac;44.8;
46333;Vidaillac;102.4;
46334;Le Vigan;46.6;
46335;Villesèque;40.5;
46336;Vire-sur-Lot;35.5;
46337;Mayrac;33.4;
46338;Bessonies;60.7;
46339;Saint-Jean-Lagineste;47;
46340;Saint-Pierre-Lafeuille;6.1;
47001;Agen;24.7;
47002;Agmé;82;
47003;Agnac;51.2;
47004;Aiguillon;31.1;
47005;Allemans-du-Dropt;31.2;
47006;Allez-et-Cazeneuve;44;
47007;Allons;59.3;
47008;Ambrus;135;
47009;Andiran;65.4;
47010;Antagnac;16.3;
47011;Anthé;57.9;
47012;Anzex;64.5;
47013;Argenton;124.8;*
47014;Armillac;43.1;
47015;Astaffort;90.4;
47016;Aubiac;80.7;
47017;Auradou;58.7;
47018;Auriac-sur-Dropt;44.2;
47019;Bajamont;95.5;
47020;Baleyssagues;91.3;
47021;Barbaste;17.2;
47022;Bazens;28.3;
47023;Beaugas;59.5;
47024;Beaupuy;17.9;
47025;Beauville;63.2;
47026;Beauziac;25.7;
47027;Bias;25.4;
47028;Birac-sur-Trec;41.4;
47029;Blanquefort-sur-Briolance;25.7;
47030;Blaymont;59.9;
47031;Boé;27.8;
47032;Bon-Encontre;42;
47033;Boudy-de-Beauregard;66.7;
47034;Bouglon;43.2;
47035;Bourgougnague;36.8;
47036;Bourlens;49.5;
47037;Bournel;60.5;
47038;Bourran;27.4;
47039;Boussès;168.7;
47040;Brax;39;
47041;Bruch;51.8;
47042;Brugnac;62.7;
47043;Buzet-sur-Baïse;33.5;
47044;Cahuzac;64.5;
47045;Calignac;51.6;
47046;Calonges;39.6;
47047;Cambes;50.9;
47048;Cancon;78;
47049;Casseneuil;27.6;
47050;Cassignas;87.7;
47051;Castelculier;62.9;
47052;Casteljaloux;101.4;*
47053;Castella;109.8;
47054;Castelmoron-sur-Lot;51.9;
47055;Castelnaud-de-Gratecambe;77.7;
47056;Castelnau-sur-Gupie;29;
47057;Castillonnès;75.9;
47058;Caubeyres;18.8;
47059;Caubon-Saint-Sauveur;53.1;
47060;Caudecoste;53.6;
47061;Caumont-sur-Garonne;34.7;
47062;Cauzac;40;
47063;Cavarc;58.9;
47064;Cazideroque;76.4;
47065;Clairac;28.3;
47066;Clermont-Dessous;25.8;
47067;Clermont-Soubiran;53.2;
47068;Cocumont;40;
47069;Colayrac-Saint-Cirq;30.5;
47070;Condezaygues;75.1;
47071;Coulx;65.3;
47072;Courbiac;66.2;
47073;Cours;86.4;
47074;Couthures-sur-Garonne;15.7;
47075;La Croix-Blanche;35.7;
47076;Cuq;68.6;
47077;Cuzorn;41.1;
47078;Damazan;31.7;
47079;Dausse;32.1;
47080;Dévillac;44.3;
47081;Dolmayrac;53.9;
47082;Dondas;71.9;
47083;Doudrac;90.3;
47084;Douzains;66.8;
47085;Durance;96.7;
47086;Duras;57.8;
47087;Engayrac;73.3;
47088;Escassefort;72.2;
47089;Esclottes;40.1;
47090;Espiens;48.4;
47091;Estillac;20.2;
47092;Fals;93.2;
47093;Fargues-sur-Ourbise;13.9;*
47094;Fauguerolles;31.3;
47095;Fauillet;25.8;
47096;Ferrensac;106.9;
47097;Feugarolles;47.5;
47098;Fieux;59.6;
47099;Fongrave;26.3;
47100;Foulayronnes;52.7;
47101;Fourques-sur-Garonne;34.1;
47102;Francescas;60.1;
47103;Fréchou;56.6;
47104;Frégimont;56.9;
47105;Frespech;54.5;
47106;Fumel;40.5;
47107;Galapian;38.5;
47108;Gaujac;47.7;
47109;Gavaudun;30.3;
47110;Gontaud-de-Nogaret;39.3;
47111;Granges-sur-Lot;32.6;
47112;Grateloup-Saint-Gayrand;52.3;
47113;Grayssas;64.2;
47114;Grézet-Cavagnan;55.3;
47115;Guérin;40.3;
47117;Hautefage-la-Tour;33.1;
47118;Hautesvignes;103.2;
47119;Houeillès;N/A - division par 0;
47120;Jusix;52.7;
47121;Labastide-Castel-Amouroux;61.5;
47122;Labretonie;81.3;
47123;Lacapelle-Biron;16.2;
47124;Lacaussade;47;
47125;Lacépède;31.8;
47126;Lachapelle;36.8;
47127;Lafitte-sur-Lot;48.8;
47128;Lafox;51.3;
47129;Lagarrigue;49.5;
47130;Lagruère;30.9;
47131;Lagupie;18.1;
47132;Lalandusse;62.4;
47133;Lamontjoie;56.9;
47134;Lannes;110.8;
47135;Laparade;65.4;
47136;Laperche;78.5;
47137;Laplume;76.9;
47138;Laroque-Timbaut;47.3;
47139;Lasserre;179;
47140;Laugnac;32.4;
47141;Laussou;53.2;
47142;Lauzun;43.3;
47143;Lavardac;23.9;
47144;Lavergne;46.6;
47145;Layrac;33.1;
47146;Lédat;30.9;
47147;Lévignac-de-Guyenne;43;
47148;Leyritz-Moncassin;75;
47150;Longueville;78.2;
47151;Loubès-Bernac;31.7;
47152;Lougratte;69.2;
47154;Lusignan-Petit;46.4;
47155;Madaillan;44.5;
47156;Marcellus;34.7;
47157;Marmande;31.4;
47158;Marmont-Pachas;89.3;
47159;Le Mas-d'Agenais;28.5;
47160;Masquières;87.2;
47161;Massels;82.4;
47162;Massoulès;61;
47163;Mauvezin-sur-Gupie;19.1;
47164;Mazières-Naresse;90.8;
47165;Meilhan-sur-Garonne;42;
47167;Mézin;74.9;
47168;Miramont-de-Guyenne;37.2;
47169;Moirax;42.4;
47170;Monbahus;65.3;
47171;Monbalen;50.6;
47172;Moncaut;79.9;
47173;Monclar;50.4;
47174;Moncrabeau;52.1;
47175;Monflanquin;75;
47176;Mongaillard;63.5;
47177;Monheurt;26.6;
47178;Monségur;70.4;
47179;Monsempron-Libos;52;
47180;Montagnac-sur-Auvignon;73.1;
47181;Montagnac-sur-Lède;79.3;
47182;Montastruc;58.7;
47183;Montauriol;78.2;
47184;Montaut;33;
47185;Montayral;41.6;
47186;Montesquieu;25.9;
47187;Monteton;65.5;
47188;Montignac-de-Lauzun;55.7;
47189;Montignac-Toupinerie;75;
47190;Montpezat;32;
47191;Montpouillan;16.8;
47192;Monviel;73.5;
47193;Moulinet;57.7;
47194;Moustier;24.9;
47195;Nérac;51;
47196;Nicole;67.5;
47197;Nomdieu;84.4;
47198;Pailloles;44.5;
47199;Pardaillan;64.9;
47200;Parranquet;43.3;
47201;Le Passage;12;
47202;Paulhiac;58.6;
47203;Penne-d'Agenais;44.5;
47204;Peyrière;33.2;
47205;Pindères;2.1;
47206;Pinel-Hauterive;74.1;
47207;Pompiey;31.6;
47208;Pompogne;291.5;
47209;Pont-du-Casse;55.2;
47210;Port-Sainte-Marie;31.4;
47211;Poudenas;76;
47212;Poussignac;22;
47213;Prayssas;33.4;
47214;Puch-d'Agenais;48.4;
47215;Pujols;54.5;
47216;Puymiclan;79;
47217;Puymirol;58.4;
47218;Puysserampion;38.3;
47219;Rayet;69.6;
47220;Razimet;30;
47221;Réaup-Lisse;52.4;
47222;La Réunion;78.1;
47223;Rives;52.9;
47224;Romestaing;61.6;
47225;Roquefort;14.8;
47226;Roumagne;55.2;
47227;Ruffiac;14;
47228;Saint-Antoine-de-Ficalba;61;
47229;Saint-Astier;64.7;
47230;Saint-Aubin;50.2;
47231;Saint-Avit;64.4;
47232;Saint-Barthélemy-d'Agenais;50.4;
47233;Sainte-Bazeille;40.5;
47234;Saint-Caprais-de-Lerm;52.1;
47235;Saint-Colomb-de-Lauzun;67.5;
47236;Sainte-Colombe-de-Duras;55.1;
47237;Sainte-Colombe-de-Villeneuve;70.4;
47238;Sainte-Colombe-en-Bruilhois;32.8;
47239;Saint-Étienne-de-Fougères;33.2;
47240;Saint-Étienne-de-Villeréal;35.2;
47241;Saint-Eutrope-de-Born;67.2;
47242;Saint-Front-sur-Lémance;32.3;
47244;Sainte-Gemme-Martaillac;44;
47245;Saint-Géraud;46;*
47246;Saint-Hilaire-de-Lusignan;23.8;
47247;Saint-Jean-de-Duras;63.2;
47248;Saint-Jean-de-Thurac;33.2;
47249;Saint-Laurent;11.1;
47250;Saint-Léger;22.9;
47251;Saint-Léon;62.3;
47252;Sainte-Livrade-sur-Lot;17.1;
47253;Sainte-Marthe;63.4;
47254;Saint-Martin-Curton;32.6;
47255;Saint-Martin-de-Beauville;70.5;
47256;Saint-Martin-de-Villeréal;71.6;
47257;Saint-Martin-Petit;34.7;
47258;Sainte-Maure-de-Peyriac;57.7;
47259;Saint-Maurice-de-Lestapel;64.5;
47260;Saint-Maurin;52.8;
47262;Saint-Nicolas-de-la-Balerme;36.2;
47263;Saint-Pardoux-du-Breuil;18.2;
47264;Saint-Pardoux-Isaac;52;
47265;Saint-Pastour;49.4;
47266;Saint-Pé-Saint-Simon;30.6;
47267;Saint-Pierre-de-Buzet;39.9;
47269;Saint-Pierre-de-Clairac;54;
47271;Saint-Pierre-sur-Dropt;43.6;
47272;Saint-Quentin-du-Dropt;65.8;
47273;Saint-Robert;50.4;
47274;Saint-Romain-le-Noble;57.1;
47275;Saint-Salvy;47.9;
47276;Saint-Sardos;33.1;
47277;Saint-Sauveur-de-Meilhan;49.7;
47278;Saint-Sernin;40.7;
47279;Saint-Sixte;38;
47280;Saint-Sylvestre-sur-Lot;18.2;
47281;Saint-Urcisse;58.8;
47282;Saint-Vincent-de-Lamontjoie;46.5;
47283;Saint-Vite;36.3;
47284;Salles;84.8;
47285;Samazan;23.7;
47286;Sauméjan;11.3;
47287;Saumont;73.7;
47288;Sauvagnas;57;
47289;La Sauvetat-de-Savères;22.7;
47290;La Sauvetat-du-Dropt;53.7;
47291;La Sauvetat-sur-Lède;42.4;
47292;Sauveterre-la-Lémance;24.4;
47293;Sauveterre-Saint-Denis;59.1;
47294;Savignac-de-Duras;47.3;
47295;Savignac-sur-Leyze;44.7;
47296;Ségalas;50.6;
47297;Sembas;90.3;
47298;Sénestis;31.7;
47299;Sérignac-Péboudou;29.6;
47300;Sérignac-sur-Garonne;27.8;
47301;Seyches;62.1;
47302;Sos;23;
47303;Soumensac;37.7;
47304;Taillebourg;139.3;
47305;Tayrac;69.3;
47306;Le Temple-sur-Lot;28.9;
47307;Thézac;56.2;
47308;Thouars-sur-Garonne;41.1;
47309;Tombebœuf;64.9;
47310;Tonneins;32;
47311;Tourliac;78.9;
47312;Tournon-d'Agenais;40.1;
47313;Tourtrès;55.1;
47314;Trémons;29.3;
47315;Trentels;38.7;
47316;Varès;60.5;
47317;Verteuil-d'Agenais;47.2;
47318;Vianne;30;
47319;Villebramar;67.1;
47320;Villefranche-du-Queyran;32;
47321;Villeneuve-de-Duras;36.4;
47323;Villeneuve-sur-Lot;34.5;
47324;Villeréal;42.3;
47325;Villeton;42.1;
47326;Virazeil;54.8;
47327;Xaintrailles;20.5;
47328;Saint-Georges;31.4;
48001;Albaret-le-Comtal;89.5;
48002;Albaret-Sainte-Marie;37.6;
48003;Allenc;107.5;
48004;Altier;72.9;
48005;Antrenas;105.3;
48007;Arzenc-d'Apcher;91.7;
48008;Arzenc-de-Randon;115;
48009;Peyre en Aubrac;99.5;
48010;Auroux;87.3;
48012;Les Monts-Verts;59.3;
48013;Badaroux;187.3;
48015;Pied-de-Borne;80.4;
48016;Balsièges;136.5;
48017;Banassac-Canilhac;58.7;
48018;Barjac;108;
48019;Barre-des-Cévennes;78.1;
48020;Bassurels;67.7;
48021;La Bastide-Puylaurent;107.4;
48025;Les Bessons;80.8;
48026;Blavignac;63.4;
48027;Mont Lozère et Goulet;135.3;
48028;Les Bondons;129.1;
48029;Le Born;118.6;
48030;Brenoux;136.6;
48031;Brion;93.5;
48032;Le Buisson;117.5;
48034;La Canourgue;131.3;
48036;Cassagnas;72.3;
48037;Chadenet;151.7;
48038;Bel-Air-Val-d'Ance;89.1;
48039;Chanac;179.7;
48041;Chastanier;89;
48042;Chastel-Nouvel;114.7;
48043;Châteauneuf-de-Randon;105.8;
48044;Chauchailles;88.6;
48045;Chaudeyrac;148.3;
48046;Chaulhac;95.4;
48048;Cheylard-l'Évêque;100.1;
48050;Bédouès-Cocurès;32.8;
48051;Le Collet-de-Dèze;15.2;
48053;Cubières;137.5;
48054;Cubiérettes;117.2;
48055;Cultures;10.8;
48056;Esclanèdes;131.1;
48058;La Fage-Montivernoux;115.3;
48059;La Fage-Saint-Julien;73.3;
48061;Florac Trois Rivières;95.1;
48063;Fontans;101.7;
48064;Fournels;78.2;
48065;Fraissinet-de-Fourques;237.6;
48067;Gabriac;24.1;
48068;Gabrias;85.2;
48069;Gatuzières;237;
48070;Grandrieu;73.8;
48071;Grandvals;95;
48072;Grèzes;79.4;
48073;Les Hermaux;95.4;
48074;Hures-la-Parade;310.4;
48075;Ispagnac;120.8;
48077;Julianges;57.6;
48079;Lajo;75.9;
48080;Langogne;118.7;
48081;Lanuéjols;103.8;
48082;Laubert;118.3;
48083;Les Laubies;118.6;
48085;Laval-du-Tarn;208.9;
48086;Luc;110.8;
48087;Prinsuéjols-Malbouzon;100.4;
48088;La Malène;130.9;
48089;Le Malzieu-Forain;86.8;
48090;Le Malzieu-Ville;85.1;
48091;Marchastel;58.4;
48092;Marvejols;56.4;
48094;Massegros Causses Gorges;148.6;
48095;Mende;70;
48096;Meyrueis;216.2;
48097;Moissac-Vallée-Française;36.6;
48098;Molezon;33.1;
48099;Bourgs sur Colagne;71.7;
48100;Montbel;119.3;
48103;Montrodat;86.7;
48104;Nasbinals;108.2;
48105;Naussac-Fontanes;48.6;
48106;Noalhac;73.7;
48107;Palhers;79.9;
48108;La Panouse;170.2;
48110;Paulhac-en-Margeride;60.6;
48111;Pelouse;261.7;
48112;Pierrefiche;111.3;
48115;Le Pompidou;46.9;
48116;Pont de Montvert - Sud Mont Lozère;115.3;
48117;Pourcharesses;14.1;
48119;Prévenchères;145.7;
48121;Prunières;64.2;
48123;Recoules-d'Aubrac;115.2;
48124;Recoules-de-Fumas;122.3;
48126;Lachamp-Ribennes;100.1;
48127;Monts-de-Randon;122.5;
48128;Rimeize;80.2;
48129;Rocles;74.4;
48130;Rousses;207.5;
48131;Le Rozier;0.9;
48132;Saint-Alban-sur-Limagnole;77.4;
48135;Saint-André-Capcèze;4.9;
48136;Saint-André-de-Lancize;20.3;
48137;Saint-Bauzile;131.8;
48138;Saint-Bonnet-de-Chirac;128.9;*
48139;Saint Bonnet-Laval;80.8;
48140;Saint-Chély-d'Apcher;88.5;
48141;Mas-Saint-Chély;281;
48144;Sainte-Croix-Vallée-Française;15.7;
48145;Saint-Denis-en-Margeride;120.3;
48146;Gorges du Tarn Causses;220.3;
48147;Saint-Étienne-du-Valdonnez;147.9;
48148;Saint-Étienne-Vallée-Française;16;
48149;Sainte-Eulalie;184.7;
48150;Saint-Flour-de-Mercoire;122.6;
48151;Saint-Frézal-d'Albuges;189.1;
48152;Ventalon en Cévennes;23.5;
48153;Saint-Gal;69.9;
48155;Saint-Germain-de-Calberte;33.5;
48156;Saint-Germain-du-Teil;58.4;
48157;Sainte-Hélène;101.8;
48158;Saint-Hilaire-de-Lavit;13;
48160;Saint-Jean-la-Fouillouse;101.3;
48161;Saint-Juéry;124.6;
48163;Saint-Julien-des-Points;6.8;
48165;Saint-Laurent-de-Muret;126.9;
48166;Cans et Cévennes;74;
48167;Saint-Laurent-de-Veyrès;138.9;
48168;Saint-Léger-de-Peyre;72.2;
48169;Saint-Léger-du-Malzieu;78.4;
48170;Saint-Martin-de-Boubaux;21.6;
48171;Saint-Martin-de-Lansuscle;20;
48173;Saint-Michel-de-Dèze;25.4;
48174;Saint-Paul-le-Froid;101.3;
48175;Saint-Pierre-de-Nogaret;107.3;
48176;Saint-Pierre-des-Tripiers;177.2;
48177;Saint-Pierre-le-Vieux;80.8;
48178;Saint-Privat-de-Vallongue;28.2;
48179;Saint-Privat-du-Fau;64;
48181;Saint-Saturnin;97.4;
48182;Saint-Sauveur-de-Ginestoux;174.4;
48185;Les Salelles;56.4;
48187;Les Salces;151;
48188;Serverette;126.3;
48190;Termes;75.1;
48191;La Tieule;90.2;
48192;Trélans;137.6;
48193;Vebron;164.4;
48194;Vialas;48.3;
48198;Villefort;18.7;
49002;Allonnes;44.9;
49003;Tuffalun;66.5;
49007;Angers;17.3;
49008;Angrie;90.7;
49009;Antoigné;120.3;
49010;Armaillé;93;
49011;Artannes-sur-Thouet;107.9;
49012;Aubigné-sur-Layon;75.3;
49015;Avrillé;125.2;
49017;Baracé;77.6;
49018;Baugé-en-Anjou;92.2;
49020;Beaucouzé;96.3;
49021;Beaufort-en-Anjou;63.8;
49022;Beaulieu-sur-Layon;34;
49023;Beaupréau-en-Mauges;63.9;
49026;Bécon-les-Granits;80.2;
49027;Bégrolles-en-Mauges;42.4;
49028;Béhuard;N/A - division par 0;
49029;Blaison-Saint-Sulpice;52.9;
49030;Blou;71.5;
49035;Bouchemaine;73.5;
49036;Bouillé-Ménard;89.8;
49038;Bourg-l'Évêque;42.3;
49041;Brain-sur-Allonnes;45.8;
49045;La Breille-les-Pins;8.6;
49048;Briollay;90.7;
49050;Brissac Loire Aubance;67.6;
49053;Brossay;32.5;
49054;Candé;44.4;
49055;Cantenay-Épinard;133.6;
49056;Carbay;83;
49057;Cernusson;76.2;
49058;Les Cerqueux;88.5;
49060;Bellevigne-les-Châteaux;38.7;
49061;Challain-la-Potherie;94.1;
49063;Chalonnes-sur-Loire;71.4;
49064;Chambellay;92.8;
49067;Chenillé-Champteussé;87.9;
49068;Champtocé-sur-Loire;81.7;
49069;Orée d'Anjou;71.3;
49070;Chanteloup-les-Bois;59.8;
49076;La Chapelle-Saint-Laud;95.2;
49080;Les Hauts-d'Anjou;90.4;
49082;Chaudefonds-sur-Layon;35.5;
49086;Terranjou;55.5;
49089;Chazé-sur-Argos;76.4;
49090;Cheffes;53.5;
49092;Chemillé-en-Anjou;63.1;
49099;Cholet;82.3;
49100;Cizay-la-Madeleine;72.7;
49102;Cléré-sur-Layon;128.9;
49107;Cornillé-les-Caves;58.5;*
49109;Coron;95.1;
49110;Corzé;104.4;
49112;Le Coudray-Macouard;101.4;*
49113;Courchamps;61.9;
49114;Courléon;98;
49120;Denée;106.4;
49121;Dénezé-sous-Doué;76.8;
49123;Distré;84.3;
49125;Doué-en-Anjou;68;
49127;Durtal;79.3;
49129;Écouflant;80.3;
49130;Écuillé;66.1;
49131;Épieds;129.9;
49132;Étriché;56.7;
49135;Feneu;102.7;
49138;Les Bois d'Anjou;74.2;
49140;Fontevraud-l'Abbaye;N/A - division par 0;
49155;Grez-Neuville;89.6;
49160;Ingrandes-Le Fresne sur Loire;64.4;
49161;La Jaille-Yvon;65.8;
49163;Jarzé Villages;110.3;
49167;Les Garennes sur Loire;74.8;
49170;Juvardeil;92.8;
49171;La Lande-Chasles;37.4;
49174;Huillé-Lézigné;63.7;
49176;Le Lion-d'Angers;66.5;
49178;Loiré;108.2;
49180;Longué-Jumelles;60.5;
49182;Louresse-Rochemenier;83.4;
49183;Val d'Erdre-Auxence;88.4;
49188;Marcé;114.4;
49192;Maulévrier;72.3;
49193;Le May-sur-Èvre;68.4;
49194;Mazé-Milon;61.3;
49195;Mazières-en-Mauges;60.1;
49200;Longuenée-en-Anjou;81.1;
49201;La Ménitré;63.3;
49205;Miré;96.8;
49209;Montigné-lès-Rairies;60.5;
49211;Montilliers;58.1;
49214;Montreuil-Juigné;54.4;
49215;Montreuil-Bellay;67.1;
49216;Montreuil-sur-Loir;117.8;
49217;Montreuil-sur-Maine;77.4;
49218;Montrevault-sur-Èvre;69.3;
49219;Montsoreau;41.8;
49220;Morannes sur Sarthe-Daumeray;99.2;
49221;Mouliherne;56.6;
49222;Mozé-sur-Louet;89.1;
49223;Mûrs-Erigné;83.9;
49224;Neuillé;27.3;
49228;Noyant-Villages;111.2;
49231;Nuaillé;61.5;
49235;Parnay;25.1;
49236;Passavant-sur-Layon;52.5;
49237;La Pellerine;38.8;
49240;La Plaine;60.5;
49241;Le Plessis-Grammoire;61.6;
49244;Mauges-sur-Loire;72.8;
49246;Les Ponts-de-Cé;49.8;
49247;La Possonnière;63.6;
49248;Ombrée d'Anjou;76.3;
49253;Le Puy-Notre-Dame;51.9;
49257;Les Rairies;15.1;
49259;Rochefort-sur-Loire;40.8;
49260;La Romagne;102.3;
49261;Gennes-Val-de-Loire;73;
49262;Rou-Marson;143.4;
49266;Saint-Augustin-des-Bois;84.3;
49267;Saint-Barthélemy-d'Anjou;37.5;
49269;Saint-Christophe-du-Bois;78.9;
49271;Saint-Clément-de-la-Place;75.4;
49272;Saint-Clément-des-Levées;59;
49278;Sainte-Gemmes-sur-Loire;16.1;
49283;Saint-Georges-sur-Loire;92.3;
49284;Saint-Germain-des-Prés;133.3;
49288;Saint-Jean-de-la-Croix;20.2;
49291;Saint-Just-sur-Dive;28.1;
49292;Val-du-Layon;31.2;
49294;Saint-Lambert-la-Potherie;112.7;
49298;Saint-Léger-de-Linières;120;*
49299;Saint-Léger-sous-Cholet;85;
49301;Sèvremoine;68.6;
49302;Saint-Macaire-du-Bois;93.2;
49306;Saint-Martin-du-Fouilloux;84.8;
49307;Loire-Authion;63;
49308;Saint-Melaine-sur-Aubance;34.4;
49310;Saint-Paul-du-Bois;112.2;
49311;Saint-Philbert-du-Peuple;51.6;
49321;Saint-Sigismond;99.1;
49323;Verrières-en-Anjou;53.3;*
49326;Sarrigné;163;
49328;Saumur;37.1;
49329;Savennières;60.6;
49330;Sceaux-d'Anjou;56;
49331;Segré-en-Anjou Bleu;74.6;
49332;La Séguinière;93.4;
49333;Seiches-sur-le-Loir;98.2;
49334;Sermaise;147;
49336;Somloire;87.3;
49338;Soulaines-sur-Aubance;51.1;
49339;Soulaire-et-Bourg;93.8;
49341;Souzay-Champigny;20.9;
49343;La Tessoualle;65.2;
49344;Thorigné-d'Anjou;59.6;
49345;Bellevigne-en-Layon;37.8;
49347;Tiercé;83.1;
49352;Toutlemonde;86.5;
49353;Trélazé;45.1;*
49355;Trémentines;66.8;
49358;Turquant;14.3;
49359;Les Ulmes;76.5;
49361;Varennes-sur-Loire;50.3;
49362;Varrains;24.2;
49364;Vaudelnay;54.8;
49367;Erdre-en-Anjou;95.5;
49368;Vernantes;73.9;
49369;Vernoil-le-Fourrier;76.1;
49370;Verrie;113;
49371;Vezins;75;
49373;Lys-Haut-Layon;72.9;
49374;Villebernier;36.4;
49377;Rives-du-Loir-en-Anjou;59.9;
49378;Vivy;65.5;
49381;Yzernay;93.5;
50002;Agneaux;21.2;
50003;Agon-Coutainville;27.7;
50004;Airel;116.6;
50006;Amigny;18.5;
50008;Anctoville-sur-Boscq;28.6;
50013;Anneville-en-Saire;39.5;
50015;Annoville;42.8;
50016;Appeville;48.9;
50019;Aucey-la-Plaine;80.3;
50021;Audouville-la-Hubert;50.9;
50022;Aumeville-Lestre;193.2;
50023;Auvers;74.6;
50024;Auxais;56;
50025;Avranches;16.1;
50026;Azeville;48.2;
50027;Bacilly;48;
50028;La Baleine;24.8;
50029;Barenton;38.9;
50030;Barfleur;62.5;
50031;Barneville-Carteret;17.1;
50032;La Barre-de-Semilly;27;
50033;Baubigny;34.9;
50034;Baudre;38.6;
50036;Baupte;58.8;
50038;Beauchamps;36.4;
50039;Beaucoudray;26.9;
50040;Beauficel;57.6;
50041;La Hague;64.5;
50042;Beauvoir;64.6;
50044;Belval;20.5;
50045;Benoîtville;66.7;
50046;Bérigny;65.6;
50048;Beslon;47.3;
50049;Besneville;76.8;
50050;Beuvrigny;63.9;
50052;Beuzeville-la-Bastille;128.5;
50054;Biéville;61.3;
50055;Biniville;105.8;
50058;Blainville-sur-Mer;41.4;
50059;Blosville;43.6;
50060;La Bloutière;51.4;
50062;Boisyvon;60.1;
50064;La Bonneville;54.2;*
50066;Jullouville;37.7;
50069;Bourguenolles;28.8;
50070;Boutteville;24.2;
50072;Brainville;65.2;
50074;Brécey;32.2;
50076;Bréhal;15.5;
50077;Bretteville;32.9;
50078;Bretteville-sur-Ay;51.8;
50079;Breuville;71.2;
50081;Bréville-sur-Mer;78.9;
50082;Bricquebec-en-Cotentin;60.2;
50083;Bricquebosq;57.5;
50084;Bricqueville-la-Blouette;27.6;
50085;Bricqueville-sur-Mer;63.7;
50086;Brillevast;54.4;
50087;Brix;34.1;
50088;Brouains;23.3;
50090;Buais-Les-Monts;36.6;
50092;Cambernon;47;
50093;Cametours;54.1;
50094;Camprond;63.5;
50095;Canisy;98.9;
50096;Canteloup;50.3;
50097;Canville-la-Rocque;142.2;*
50098;Carantilly;64.9;
50099;Carentan-les-Marais;76.6;
50101;Carneville;33;
50102;Carolles;6.9;
50105;Catteville;53.9;
50106;Cavigny;93.2;
50108;Céaux;50.6;
50109;Cérences;50.2;
50110;Cerisy-la-Forêt;49.7;
50111;Cerisy-la-Salle;83.6;
50112;La Chaise-Baudouin;43.5;
50115;Le Grippon;37.1;
50117;Champeaux;48.8;
50118;Champrepus;38.9;
50120;Chanteloup;42;
50121;La Chapelle-Cécelin;19.8;
50124;La Chapelle-Urée;60.1;
50126;Chavoy;78.5;
50129;Cherbourg-en-Cotentin;37.2;
50130;Chérencé-le-Héron;25.4;
50135;Clitourps;96.4;
50137;La Colombe;79.5;
50138;Colomby;58.7;
50139;Condé-sur-Vire;50.2;
50142;Vicq-sur-Mer;58.8;
50143;Coudeville-sur-Mer;54.1;
50144;Coulouvray-Boisbenâtre;46.5;
50145;Courcy;43;
50146;Courtils;56.4;
50147;Coutances;70;
50148;Couvains;86.7;
50149;Couville;78.1;
50150;Crasville;59.4;
50151;Créances;39.4;
50152;Les Cresnays;52.1;
50155;Crollon;36;
50156;Crosville-sur-Douve;83.5;
50158;Cuves;44.8;
50159;Dangy;66;
50161;Le Dézert;62.9;
50162;Digosville;72.1;
50164;Domjean;56.1;
50165;Donville-les-Bains;8.3;
50166;Doville;53.9;
50167;Dragey-Ronthon;38.9;
50168;Ducey-Les Chéris;30.3;
50169;Écausseville;121.4;
50172;Émondeville;75.5;
50174;Équilly;55.4;
50175;Éroudeville;96.3;
50176;L'Étang-Bertrand;95.9;
50177;Étienville;63.9;
50178;Fermanville;4.1;*
50181;Feugères;84.4;
50182;La Feuillie;59.1;
50183;Fierville-les-Mines;29.7;
50184;Flamanville;71.1;
50185;Fleury;41.1;
50186;Flottemanville;115.9;
50188;Folligny;33.8;
50190;Fontenay-sur-Mer;136;
50192;Fourneaux;93.4;
50193;Le Fresne-Poret;75.6;
50194;Fresville;65.8;
50195;Gathemo;60.2;
50196;Gatteville-le-Phare;38.5;
50197;Gavray-sur-Sienne;40.4;
50198;Geffosses;59.6;
50199;Genêts;20.1;
50200;Ger;50.1;
50205;La Godefroy;27.5;
50207;Golleville;59.4;
50208;Gonfreville;82.5;
50209;Gonneville-Le Theil;66.5;
50210;Gorges;114.5;
50214;Gouvets;49.8;
50215;Gouville-sur-Mer;63.8;
50216;Graignes-Mesnil-Angot;69;
50217;Le Grand-Celland;34.9;
50218;Granville;43.7;
50219;Gratot;60;
50221;Grimesnil;25.7;
50222;Grosville;90.7;
50225;Le Guislain;43.2;
50227;Le Ham;44.6;
50228;Hambye;57.9;
50229;Hamelin;59.2;
50230;Hardinvast;74.6;
50231;Hauteville-sur-Mer;5.3;
50232;Hauteville-la-Guichard;101.7;
50233;Hautteville-Bocage;24.1;
50234;La Haye-Bellefond;85.1;
50235;La Haye-d'Ectot;25.3;
50236;La Haye;68.9;
50237;La Haye-Pesnel;10.1;
50238;Héauville;67.5;
50239;Thèreval;57.5;
50240;Helleville;63.1;
50241;Hémevez;97.4;
50243;Heugueville-sur-Sienne;53.8;
50246;Hiesville;62.6;*
50247;Hocquigny;36.2;
50251;Huberville;52.8;
50252;Hudimesnil;46.2;
50253;Huisnes-sur-Mer;57.8;
50256;Isigny-le-Buat;39.3;
50258;Joganville;99.4;
50259;Juilley;55.7;
50260;Juvigny les Vallées;50.3;
50261;Lamberville;56.7;
50262;La Lande-d'Airou;37.8;
50263;Lapenty;39;
50265;Laulne;90.6;
50266;Lengronne;64.6;
50267;Lessay;58.4;
50268;Lestre;61.8;
50269;Liesville-sur-Douve;75.9;
50270;Lieusaint;68.3;
50271;Lingeard;57.3;
50272;Lingreville;35.7;
50273;Montsenelle;112.8;
50274;Les Loges-Marchis;40.7;
50275;Les Loges-sur-Brécey;61.7;
50276;Lolif;42.3;
50277;Longueville;65.4;
50278;Le Loreur;35.6;
50279;Le Lorey;48.5;
50281;La Lucerne-d'Outremer;27.2;
50282;Le Luot;52;
50283;La Luzerne;46.5;
50285;Magneville;91;
50288;Marcey-les-Grèves;35.8;
50289;Marchésieux;62.6;
50290;Marcilly;21.3;
50291;Margueray;31.6;
50292;Marigny-Le-Lozon;50.8;
50294;Martinvast;40.4;
50295;Maupertuis;60.3;
50296;Maupertus-sur-Mer;144.3;
50297;La Meauffe;62.6;
50298;Méautis;94.5;
50299;Le Mesnil;51.2;
50300;Le Mesnil-Adelée;41.7;
50302;Le Mesnil-Amey;20.2;
50304;Le Mesnil-Aubert;72.5;
50305;Le Mesnil-au-Val;120.3;
50310;Le Mesnil-Eury;28.4;*
50311;Le Mesnil-Garnier;65.6;
50312;Le Mesnil-Gilbert;55.1;
50315;Le Mesnillard;38.6;
50317;Le Mesnil-Ozenne;36;
50321;Le Mesnil-Rouxelin;52.3;
50324;Le Mesnil-Véneron;71.4;
50326;Le Mesnil-Villeman;44.6;
50327;La Meurdraquière;78.2;*
50328;Millières;74.4;
50332;Les Moitiers-d'Allonne;130.2;
50334;Montabot;62;
50335;Montaigu-la-Brisette;53.9;
50336;Montaigu-les-Bois;30.3;*
50338;Montbray;61;
50340;Montcuit;26.3;
50341;Montebourg;78.8;
50342;Montfarville;22.3;
50345;Monthuchon;37.2;
50347;Montjoie-Saint-Martin;78.5;
50349;Montmartin-sur-Mer;32.4;
50350;Montpinchon;74.4;
50351;Montrabot;19.4;
50352;Montreuil-sur-Lozon;45.3;
50353;Le Mont-Saint-Michel;93.1;
50356;Moon-sur-Elle;61;
50357;Morigny;79.5;
50359;Mortain-Bocage;41.3;
50360;Morville;46.9;
50361;La Mouche;35.6;
50362;Moulines;39;
50363;Moyon Villages;48.6;
50364;Muneville-le-Bingard;47.9;
50365;Muneville-sur-Mer;31;
50368;Nay;68.6;
50369;Négreville;32.6;
50370;Néhou;66.7;
50371;Le Neufbourg;53.6;
50372;Neufmesnil;113.8;
50373;Neuville-au-Plain;125.6;
50374;Neuville-en-Beaumont;70.4;
50376;Nicorps;55.2;
50378;Notre-Dame-de-Cenilly;106.4;
50379;Notre-Dame-de-Livoye;19.4;
50382;Nouainville;133.7;
50384;Octeville-l'Avenel;74.8;
50387;Orglandes;73;
50388;Orval sur Sienne;59.3;
50389;Ouville;65.4;
50390;Ozeville;59.1;
50391;Grandparigny;35;
50393;Percy-en-Normandie;59.4;
50394;Périers;64.3;
50395;La Pernelle;47.6;*
50397;Perriers-en-Beauficel;31;
50398;Le Perron;120.2;
50399;Le Petit-Celland;40.3;
50400;Picauville;86.1;
50401;Pierreville;41.4;
50402;Les Pieux;59.6;
50403;Pirou;49.3;
50405;Le Plessis-Lastelle;91.6;
50407;Poilley;48.4;
50408;Pontaubault;54;
50409;Pont-Hébert;51.4;
50410;Pontorson;55.7;
50411;Ponts;44.8;
50412;Port-Bail-sur-Mer;54.4;
50413;Précey;47.7;
50417;Quettehou;45.1;
50419;Quettreville-sur-Sienne;56.8;
50420;Quibou;37.5;
50421;Quinéville;67.6;
50422;Raids;40.5;
50423;Rampan;40.9;
50425;Rauville-la-Bigot;70.2;
50426;Rauville-la-Place;77.3;
50428;Reffuveille;45.1;
50429;Regnéville-sur-Mer;23.8;
50430;Reigneville-Bocage;53.1;
50431;Remilly Les Marais;60.5;
50433;Réville;38.3;
50435;Rocheville;31.1;
50436;Romagny Fontenay;39.6;
50437;Roncey;53.7;
50442;Le Rozel;43;
50443;Sacey;69;
50444;Saint-Amand-Villages;52.9;
50445;Saint-André-de-Bohon;72.2;
50446;Saint-André-de-l'Épine;23.1;
50447;Saint-Aubin-des-Préaux;37.3;
50448;Saint-Aubin-de-Terregatte;47.6;
50450;Saint-Barthélemy;21.4;
50451;Saint-Brice;55.8;
50452;Saint-Brice-de-Landelles;29.3;
50453;Sainte-Cécile;31.3;
50454;Saint-Christophe-du-Foc;122.4;
50455;Saint-Clair-sur-l'Elle;80.1;
50456;Saint-Clément-Rancoudray;54.5;
50457;Sainte-Colombe;52.7;
50461;Saint-Cyr;67.6;
50462;Saint-Cyr-du-Bailleul;60.5;
50463;Saint-Denis-le-Gast;55.7;
50464;Saint-Denis-le-Vêtu;63.2;
50467;Saint-Floxel;39.4;
50468;Saint-Fromond;88.7;
50469;Sainte-Geneviève;47.9;
50471;Saint-Georges-de-la-Rivière;82.5;
50472;Saint-Georges-de-Livoye;28.9;*
50473;Saint-Georges-d'Elle;36.9;
50474;Saint-Georges-de-Rouelley;62;
50475;Saint-Georges-Montcocq;60.4;
50476;Saint-Germain-d'Elle;66.3;
50478;Saint-Germain-de-Tournebut;64.8;
50479;Saint-Germain-de-Varreville;44.4;
50480;Saint-Germain-le-Gaillard;40.3;
50481;Saint-Germain-sur-Ay;69.6;
50482;Saint-Germain-sur-Sèves;89.1;
50483;Saint-Gilles;71.1;
50484;Saint-Hilaire-du-Harcouët;36.8;
50486;Saint-Jacques-de-Néhou;43.6;
50487;Saint-James;58.2;
50488;Saint-Jean-de-Daye;39.1;
50489;Saint-Jean-de-la-Haize;35.5;
50490;Saint-Jean-de-la-Rivière;9.3;
50491;Saint-Jean-de-Savigny;58.4;
50492;Saint-Jean-d'Elle;38.8;
50493;Saint-Jean-des-Champs;49.4;
50495;Saint-Jean-du-Corail-des-Bois;58.4;
50496;Saint-Jean-le-Thomas;5.9;*
50498;Saint-Joseph;46.6;
50499;Saint-Laurent-de-Cuves;32.6;
50500;Saint-Laurent-de-Terregatte;36.3;
50502;Saint-Lô;52.3;
50504;Saint-Louet-sur-Vire;101.1;
50505;Saint-Loup;38;
50506;Saint-Malo-de-la-Lande;49.2;
50507;Saint-Marcouf;87.9;
50509;Sainte-Marie-du-Mont;93.1;
50510;Saint-Martin-d'Aubigny;69.4;
50511;Saint-Martin-d'Audouville;33.7;
50512;Saint-Martin-de-Bonfossé;27.8;
50513;Saint-Martin-de-Cenilly;82;
50514;Chaulieu;33.6;
50517;Saint-Martin-de-Varreville;79.5;*
50518;Saint-Martin-le-Bouillant;46;
50519;Saint-Martin-le-Gréard;37.6;
50521;Saint-Maur-des-Bois;29.6;
50522;Saint-Maurice-en-Cotentin;58.8;
50523;Sainte-Mère-Église;64.7;
50525;Saint-Michel-de-Montjoie;55.2;
50528;Saint-Nicolas-de-Pierrepont;60;
50529;Saint-Nicolas-des-Bois;41.7;
50531;Saint-Ovin;39;
50532;Saint-Pair-sur-Mer;49.4;
50533;Saint-Patrice-de-Claids;79.6;
50535;Le Parc;30.7;
50536;Saint-Pierre-d'Arthéglise;74.9;
50537;Saint-Pierre-de-Coutances;35.5;
50538;Saint-Pierre-de-Semilly;41.2;
50539;Saint-Pierre-Église;52.1;
50540;Saint-Pierre-Langers;41.5;
50541;Saint-Planchers;72.6;
50542;Saint-Pois;22.7;
50543;Saint-Quentin-sur-le-Homme;47.7;
50546;Bourgvallées;51.7;
50548;Saint-Sauveur-de-Pierrepont;100.5;
50549;Saint-Sauveur-la-Pommeraye;37.9;
50550;Saint-Sauveur-Villages;47.2;
50551;Saint-Sauveur-le-Vicomte;71.4;
50552;Saint-Sébastien-de-Raids;78;
50553;Saint-Senier-de-Beuvron;51.4;
50554;Saint-Senier-sous-Avranches;44.8;
50556;Sainte-Suzanne-sur-Vire;31.9;
50562;Saint-Vaast-la-Hougue;63.8;
50563;Saint-Vigor-des-Monts;49.4;
50564;Terre-et-Marais;97.4;
50565;Sartilly-Baie-Bocage;46.2;
50567;Saussemesnil;44.3;
50568;Saussey;47.5;
50569;Savigny;65.6;
50570;Savigny-le-Vieux;41;
50571;Sébeville;96.7;
50572;Sénoville;47.9;
50574;Servon;44.4;
50575;Sideville;90.3;
50576;Siouville-Hague;51.3;
50577;Sortosville-en-Beaumont;41.6;
50578;Sortosville;93;
50579;Sottevast;38.2;
50580;Sotteville;19.4;
50582;Sourdeval;60.3;
50584;Subligny;47.6;
50585;Surtainville;28.9;
50587;Taillepied;98.1;
50588;Tamerville;48.6;
50589;Tanis;36.1;
50590;Le Tanu;32;
50591;Le Teilleul;44.5;
50592;Tessy-Bocage;65.9;
50593;Teurthéville-Bocage;66.5;
50594;Teurthéville-Hague;35.2;
50596;Théville;77.5;*
50597;Tirepied-sur-Sée;33.7;
50598;Tocqueville;51;
50599;Tollevast;46.1;
50601;Torigny-les-Villes;44.7;
50603;Tourville-sur-Sienne;57.5;
50604;Tréauville;59.1;
50606;Tribehou;74.5;
50607;La Trinité;44.6;
50609;Turqueville;44.3;
50610;Urville;76.1;
50612;Vains;19.7;
50613;Valcanville;66.4;
50615;Valognes;16.8;
50616;Le Val-Saint-Père;33.9;
50617;Varenguebec;35.1;
50618;Varouville;61.7;
50619;Le Vast;45.1;
50621;Vaudreville;94;
50624;La Vendelée;52.7;
50626;Ver;55.1;
50628;Vernix;36.3;
50629;Vesly;80.4;
50633;Le Vicel;61.4;
50634;Videcosville;7.4;*
50637;Villebaudon;74.2;
50639;Villedieu-les-Poêles-Rouffigny;27.2;
50641;Villiers-Fossard;27.7;
50643;Virandeville;40.4;
50647;Yquelon;0.5;
50648;Yvetot-Bocage;61.4;
51001;Ablancourt;305.1;
51002;Saint-Martin-d'Ablois;12.2;
51003;Aigny;75.8;
51004;Allemanche-Launay-et-Soyer;126.8;
51005;Allemant;36.1;
51006;Alliancelles;137.6;
51007;Ambonnay;6.1;
51008;Ambrières;181;
51009;Anglure;93.1;
51010;Angluzelles-et-Courcelles;110.1;
51012;Anthenay;132;
51013;Aougny;203.8;
51014;Arcis-le-Ponsart;97.2;
51015;Argers;107.6;
51016;Arrigny;77.4;
51017;Arzillières-Neuville;220;
51018;Athis;78.2;
51019;Aubérive;135;
51020;Aubilly;102.4;
51022;Aulnay-l'Aître;83.9;*
51023;Aulnay-sur-Marne;101.1;
51025;Auménancourt;89.3;
51027;Auve;132.7;
51028;Avenay-Val-d'Or;5;
51029;Avize;5.7;
51030;Aÿ-Champagne;6.2;
51031;Baconnes;107.2;
51032;Bagneux;86.3;
51033;Le Baizil;17;
51034;Bannay;169.6;
51035;Bannes;107.7;
51036;Barbonne-Fayel;23.8;
51037;Baslieux-lès-Fismes;193.5;
51038;Baslieux-sous-Châtillon;15;
51039;Bassu;64.2;*
51040;Bassuet;27.5;
51041;Baudement;146.7;
51042;Baye;20.9;
51043;Bazancourt;116.5;
51044;Beaumont-sur-Vesle;6.2;
51045;Beaunay;9.6;
51046;Beine-Nauroy;124.5;
51047;Belval-en-Argonne;80.5;
51048;Belval-sous-Châtillon;7.1;
51049;Bergères-lès-Vertus;8.5;*
51050;Bergères-sous-Montmirail;37.1;
51051;Berméricourt;159.2;
51052;Berru;23.9;
51053;Berzieux;213.4;
51054;Bétheniville;149;
51055;Bétheny;124;
51056;Bethon;11.4;
51057;Bettancourt-la-Longue;43.3;
51058;Bezannes;118;
51059;Bignicourt-sur-Marne;N/A - division par 0;
51060;Bignicourt-sur-Saulx;232.3;
51061;Billy-le-Grand;51.9;
51062;Binarville;179.4;*
51063;Binson-et-Orquigny;5.7;
51065;Blacy;165.2;
51066;Blaise-sous-Arzillières;200.1;
51068;Blesme;N/A - division par 0;
51069;Bligny;8.8;
51070;Boissy-le-Repos;133.4;
51071;Bouchy-Saint-Genest;214.9;
51072;Bouilly;9.7;
51073;Bouleuse;111.8;
51074;Boult-sur-Suippe;129.9;
51075;Bourgogne-Fresne;115.2;
51076;Boursault;1.8;
51077;Bouvancourt;89.8;
51078;Bouy;177.7;
51079;Bouzy;5.6;
51080;Brandonvillers;94.8;
51081;Branscourt;22.9;
51082;Braux-Sainte-Cohière;132;
51083;Braux-Saint-Remy;156.8;
51084;Bréban;161.1;
51085;Le Breuil;11.1;
51086;Breuil-sur-Vesle;333.9;
51087;Breuvery-sur-Coole;130.9;
51088;Brimont;38.1;
51089;Brouillet;14;
51090;Broussy-le-Grand;95.6;
51091;Broussy-le-Petit;88.5;
51092;Broyes;11.8;
51093;Brugny-Vaudancourt;12.3;
51094;Brusson;62.3;
51095;Le Buisson;151.6;
51097;Bussy-le-Château;101;
51098;Bussy-le-Repos;164.8;
51099;Bussy-Lettrée;172.8;
51100;La Caure;129;
51101;Caurel;96.7;
51102;Cauroy-lès-Hermonville;39;
51103;La Celle-sous-Chantemerle;16.7;
51104;Cernay-en-Dormois;123.6;
51105;Cernay-lès-Reims;70.9;
51106;Cernon;129.6;
51107;Chaintrix-Bierges;77.1;
51108;Châlons-en-Champagne;129.8;
51109;Châlons-sur-Vesle;136.6;*
51110;Chaltrait;87.1;
51111;Chambrecy;4;
51112;Chamery;4.9;
51113;Champaubert;134.2;
51115;Champfleury;77.1;
51116;Champguyon;140.2;
51117;Champigneul-Champagne;123.6;
51118;Champigny;75.6;
51119;Champillon;2.1;
51120;Champlat-et-Boujacourt;53.4;
51121;Champvoisy;49.8;
51122;Changy;20.3;
51124;Chantemerle;43.8;
51125;Chapelaine;169.8;
51126;La Chapelle-Felcourt;189.3;
51127;La Chapelle-Lasson;116.4;
51128;La Chapelle-sous-Orbais;163.9;
51129;Charleville;124.6;
51130;Charmont;145.6;
51132;Les Charmontois;158.9;
51133;Le Châtelier;129.2;
51134;Châtelraould-Saint-Louvent;161;
51135;Châtillon-sur-Broué;206.6;
51136;Châtillon-sur-Marne;3;
51137;Châtillon-sur-Morin;50.9;*
51138;Châtrices;245.4;
51139;Chaudefontaine;19.6;
51140;Chaumuzy;27.6;
51141;La Chaussée-sur-Marne;152.8;
51142;Chavot-Courcourt;2.5;
51143;Le Chemin;102.5;
51144;Cheminon;62.3;*
51145;Chenay;9.6;
51146;Cheniers;127.6;
51147;La Cheppe;121.7;
51148;Cheppes-la-Prairie;114.9;
51149;Chepy;78.9;
51150;Cherville;104.7;
51151;Chichey;112.8;
51152;Chigny-les-Roses;5.3;
51153;Chouilly;4.5;
51154;Clamanges;149.3;
51155;Clesles;91.1;
51156;Cloyes-sur-Marne;188.4;
51157;Coizard-Joches;43.4;
51158;Val-des-Marais;88.5;
51160;Compertrix;159.3;
51161;Condé-sur-Marne;70.3;
51162;Conflans-sur-Seine;65.8;
51163;Congy;20.5;
51164;Connantray-Vaurefroy;260.5;
51165;Connantre;152;
51166;Contault;81.3;
51167;Coole;172.9;
51168;Coolus;158.3;
51169;Corbeil;179.6;
51170;Corfélix;109.3;
51171;Cormicy;50.7;
51172;Cormontreuil;64.7;
51173;Cormoyeux;2.3;
51174;Corribert;8.1;
51175;Corrobert;91.9;
51176;Corroy;135;
51177;Coulommes-la-Montagne;2.9;
51178;Coupetz;127.6;
51179;Coupéville;203.3;
51181;Courcelles-Sapicourt;22.6;
51182;Courcemain;82.6;
51183;Courcy;128.5;
51184;Courdemanges;116.8;
51185;Courgivaux;148.8;
51186;Courjeonnet;52.5;
51187;Courlandon;161.8;
51188;Courmas;2.1;
51190;Courtagnon;91.8;
51191;Courtémont;82.4;
51192;Courthiézy;16.9;
51193;Courtisols;148;
51194;Courville;65.1;
51195;Couvrot;71.5;
51196;Cramant;2.8;
51197;La Croix-en-Champagne;162.8;
51198;Crugny;63.9;
51199;Cuchery;3.5;
51200;Cuis;8.1;
51201;Cuisles;8.4;
51202;Cumières;1.5;
51203;Cuperly;166.8;
51204;Damery;5.4;
51205;Dampierre-au-Temple;108.7;
51206;Dampierre-le-Château;91.8;
51208;Dampierre-sur-Moivre;108.8;
51210;Dizy;2.5;
51211;Dommartin-Dampierre;149.9;
51212;Dommartin-Lettrée;186.4;
51213;Dommartin-sous-Hans;133.4;
51214;Dommartin-Varimont;133.1;
51215;Dompremy;133.7;
51216;Dontrien;84.2;
51217;Dormans;5.9;
51218;Val-de-Vière;87.7;
51219;Drosnay;74.7;
51220;Drouilly;121.9;
51222;Éclaires;184;
51223;Écollemont;96.9;
51224;Écriennes;129.1;
51225;Écueil;11.7;
51226;Écury-le-Repos;103.7;
51227;Écury-sur-Coole;188;
51228;Élise-Daucourt;220.1;
51229;Épense;137.4;
51230;Épernay;16.3;
51231;L'Épine;135.8;
51232;Époye;142.1;
51233;Escardes;148.6;
51234;Esclavolles-Lurey;103.4;
51235;Les Essarts-lès-Sézanne;131.1;
51236;Les Essarts-le-Vicomte;191.4;
51237;Esternay;109.4;
51238;Étoges;14.3;
51239;Étréchy;41.4;
51240;Étrepy;118.1;
51241;Euvy;135.5;
51242;Fagnières;135.4;
51243;Faux-Fresnay;137.5;
51244;Faux-Vésigneul;125.4;
51245;Faverolles-et-Coëmy;4.7;
51246;Favresse;152.4;
51247;Fèrebrianges;6.8;
51248;Fère-Champenoise;118.1;
51249;Festigny;10.9;
51250;Fismes;165;
51251;Flavigny;53.7;
51252;Fleury-la-Rivière;2.4;
51253;Florent-en-Argonne;0.1;
51254;Fontaine-Denis-Nuisy;14.1;
51255;Fontaine-en-Dormois;70.4;
51256;Fontaine-sur-Ay;6.3;
51258;La Forestière;112.2;
51259;Francheville;135.6;
51260;Le Fresne;180.1;
51262;Frignicourt;101;
51263;Fromentières;143.1;
51264;Le Gault-Soigny;116.5;
51265;Gaye;130.7;
51266;Germaine;33.8;*
51267;Germigny;3;
51268;Germinon;153.6;
51269;Giffaumont-Champaubert;97.8;
51270;Gigny-Bussy;106.1;
51272;Givry-en-Argonne;98.5;*
51273;Givry-lès-Loisy;38.6;
51274;Gizaucourt;184.7;
51275;Glannes;80;
51276;Gourgançon;151.8;
51277;Sainte-Marie-du-Lac-Nuisement;83.5;
51278;Les Grandes-Loges;121.9;
51279;Granges-sur-Aube;101;
51280;Gratreuil;176.4;
51281;Grauves;1.7;
51282;Gueux;18;
51283;Hans;172.5;
51284;Haussignémont;149.5;
51285;Haussimont;196.8;
51286;Hauteville;85.1;
51287;Hautvillers;1.4;
51288;Heiltz-le-Hutier;122.2;
51289;Heiltz-le-Maurupt;129.7;
51290;Heiltz-l'Évêque;98.1;*
51291;Hermonville;15.6;
51292;Herpont;153.4;
51293;Heutrégiville;121.5;
51294;Hourges;37.4;
51295;Huiron;129.9;
51296;Humbauville;172.1;
51298;Igny-Comblizy;88.4;
51299;Isles-sur-Suippe;106.6;*
51300;Isle-sur-Marne;129.3;
51301;Isse;131.7;
51302;Les Istres-et-Bury;72.6;
51303;Jâlons;143;
51304;Janvilliers;119.1;
51305;Janvry;14.3;*
51306;Joiselle;131.1;
51307;Jonchery-sur-Suippe;112.4;
51308;Jonchery-sur-Vesle;4.5;
51309;Jonquery;19.9;
51310;Jouy-lès-Reims;3;
51311;Jussecourt-Minecourt;130.3;
51312;Juvigny;97.8;
51313;Lachy;105.6;
51314;Lagery;37.3;
51315;Landricourt;N/A - division par 0;
51316;Larzicourt;159.6;
51317;Laval-sur-Tourbe;127.3;
51318;Lavannes;117.3;
51319;Lenharrée;152.6;
51320;Leuvrigny;7;
51321;Lhéry;62.2;
51322;Lignon;201;
51323;Linthelles;127.7;
51324;Linthes;108;
51325;Lisse-en-Champagne;44.5;
51326;Livry-Louvercy;156.3;
51327;Loisy-en-Brie;24.4;
51328;Loisy-sur-Marne;84.1;
51329;Loivre;85.9;
51333;Ludes;4.8;
51334;Luxémont-et-Villotte;86.5;
51336;Maffrécourt;114.8;
51337;Magneux;81.8;
51338;Mailly-Champagne;2;
51339;Mairy-sur-Marne;153.5;
51340;Maisons-en-Champagne;137;
51341;Malmy;127.5;
51342;Mancy;2.8;
51343;Marcilly-sur-Seine;124.2;
51344;Mardeuil;5.8;
51345;Mareuil-en-Brie;126.9;
51346;Mareuil-le-Port;7.9;
51348;Marfaux;19.7;
51349;Margerie-Hancourt;127.7;
51350;Margny;124;
51351;Marigny;129;
51352;Marolles;159.1;
51353;Marsangis;79.8;
51354;Marson;179.4;
51355;Massiges;138.7;
51356;Matignicourt-Goncourt;318.2;
51357;Matougues;112;
51358;Maurupt-le-Montois;83.1;
51359;Mécringes;123.9;
51360;Le Meix-Saint-Epoing;N/A - division par 0;
51361;Le Meix-Tiercelin;115.6;
51362;Merfy;33.6;
51363;Merlaut;104.8;
51364;Méry-Prémecy;50.1;
51365;Les Mesneux;25.2;
51367;Le Mesnil-sur-Oger;2.7;
51368;Minaucourt-le-Mesnil-lès-Hurlus;145.9;
51369;Mœurs-Verdey;164.3;
51370;Moiremont;123.9;
51371;Moivre;103.2;
51372;Moncetz-Longevas;167.5;
51373;Moncetz-l'Abbaye;314.3;
51374;Mondement-Montgivroux;25.6;
51375;Montbré;18.9;
51376;Montgenost;16.6;
51377;Montépreux;198.4;
51378;Monthelon;2.7;
51379;Montigny-sur-Vesle;29.8;
51380;Montmirail;117.1;
51381;Montmort-Lucy;54.1;
51382;Mont-sur-Courville;225.8;
51384;Morangis;20.5;
51386;Morsains;115.9;
51387;Moslins;12.2;
51388;Mourmelon-le-Grand;110.4;
51389;Mourmelon-le-Petit;107.1;
51390;Moussy;5.4;
51391;Muizon;85.3;
51392;Mutigny;2;
51393;Nanteuil-la-Forêt;52.4;
51395;Nesle-la-Reposte;99.2;
51396;Nesle-le-Repons;22.9;
51397;La Neuville-aux-Bois;141.2;
51398;La Neuville-aux-Larris;4.6;
51399;La Neuville-au-Pont;123.2;
51402;Neuvy;198;
51403;Nogent-l'Abbesse;10.5;
51404;Noirlieu;165.2;
51406;Norrois;N/A - division par 0;
51407;La Noue;157.6;
51409;Nuisement-sur-Coole;145.1;
51410;Œuilly;3;
51412;Ognes;120.4;
51413;Oiry;11.9;
51414;Olizy;34.9;
51415;Omey;84;
51416;Orbais-l'Abbaye;111;
51417;Orconte;132.9;
51418;Ormes;70.7;
51419;Outines;190.2;
51420;Outrepont;128.8;
51421;Oyes;6.2;
51422;Pargny-lès-Reims;6.9;
51423;Pargny-sur-Saulx;253.2;
51424;Passavant-en-Argonne;147.1;
51425;Passy-Grigny;9.5;
51426;Péas;98.5;
51428;Les Petites-Loges;82.3;
51429;Pévy;14.3;
51430;Pierre-Morains;113.4;
51431;Pierry;4.4;
51432;Pleurs;101.7;
51433;Plichancourt;86.1;
51434;Plivot;62;
51435;Pocancy;176;
51436;Pogny;132.9;
51437;Poilly;49.1;
51438;Poix;194.3;
51439;Pomacle;104.9;
51440;Pontfaverger-Moronvilliers;136.8;
51441;Ponthion;146.4;
51442;Possesse;121.9;
51443;Potangis;64.1;
51444;Pouillon;5.4;
51445;Pourcy;12.2;
51446;Pringy;132.8;
51447;Prosnes;130.3;
51448;Prouilly;15;
51449;Prunay;76.5;
51450;Puisieulx;41.6;
51451;Queudes;83.5;
51452;Rapsécourt;145.1;
51453;Recy;138.3;
51454;Reims;34.4;
51455;Reims-la-Brûlée;113.7;
51456;Remicourt;177.4;
51457;Reuil;2.9;
51458;Reuves;97.9;
51459;Réveillon;98.6;
51460;Rieux;112.3;
51461;Rilly-la-Montagne;4.4;
51463;Les Rivières-Henruel;171.8;
51464;Romain;77.9;
51465;Romery;2.4;
51466;Romigny;100.2;
51468;Rosnay;53.6;
51469;Rouffy;55.6;
51470;Rouvroy-Ripont;N/A - division par 0;
51471;Sacy;6.2;
51472;Saint-Amand-sur-Fion;96.2;
51473;Saint-Bon;153.5;
51474;Saint-Brice-Courcelles;0.2;
51475;Saint-Chéron;129.3;
51476;Saint-Étienne-au-Temple;137.2;
51477;Saint-Étienne-sur-Suippe;193;
51478;Saint-Eulien;89.3;
51479;Saint-Euphraise-et-Clairizet;5.5;
51480;Sainte-Gemme;23.7;
51482;Saint-Germain-la-Ville;133.8;
51483;Saint-Gibrien;88.7;
51484;Saint-Gilles;38.5;
51485;Saint-Hilaire-au-Temple;94.6;
51486;Saint-Hilaire-le-Grand;137.7;
51487;Saint-Hilaire-le-Petit;153.9;
51488;Saint-Imoges;0.1;
51489;Saint-Jean-devant-Possesse;173.7;
51490;Saint-Jean-sur-Moivre;149.7;
51491;Saint-Jean-sur-Tourbe;148.2;
51492;Saint-Just-Sauvage;52.2;
51493;Saint-Léonard;63.1;
51495;Saint-Loup;110.4;
51496;Saint-Lumier-en-Champagne;24;
51497;Saint-Lumier-la-Populeuse;168.7;
51498;Saint-Mard-sur-Auve;111.7;
51499;Saint-Mard-lès-Rouffy;119.3;
51500;Saint-Mard-sur-le-Mont;168.5;
51501;Sainte-Marie-à-Py;127.9;
51502;Saint-Martin-aux-Champs;158.2;
51503;Saint-Martin-l'Heureux;139.9;
51504;Saint-Martin-sur-le-Pré;100.6;
51505;Saint-Masmes;148.3;
51506;Saint-Memmie;126.7;
51507;Sainte-Menehould;118.6;
51508;Saint-Ouen-Domprot;133.1;
51509;Saint-Pierre;117.3;
51510;Saint-Quentin-les-Marais;95.8;
51511;Saint-Quentin-le-Verger;106.5;
51512;Saint-Quentin-sur-Coole;259.5;
51513;Saint-Remy-en-Bouzemont-Saint-Genest-et-Isson;102.1;
51514;Saint-Remy-sous-Broyes;184.2;
51515;Saint-Remy-sur-Bussy;157.2;
51516;Saint-Saturnin;107.3;
51517;Saint-Souplet-sur-Py;105.5;
51518;Saint-Thierry;39.5;
51519;Saint-Thomas-en-Argonne;N/A - division par 0;
51520;Saint-Utin;73.6;
51521;Saint-Vrain;406.2;
51522;Sapignicourt;209.1;
51523;Sarcy;68.2;
51524;Saron-sur-Aube;133.4;*
51525;Sarry;130.3;
51526;Saudoy;25.1;
51527;Savigny-sur-Ardres;11.3;
51528;Scrupt;78.6;
51529;Selles;97.2;
51530;Sept-Saulx;58.9;
51531;Sermaize-les-Bains;N/A - division par 0;
51532;Sermiers;14.5;
51533;Servon-Melzicourt;252.6;
51534;Serzy-et-Prin;14.6;
51535;Sézanne;32.7;
51536;Sillery;18.8;
51537;Sivry-Ante;134.5;
51538;Sogny-aux-Moulins;73.8;
51539;Sogny-en-l'Angle;185.3;
51542;Soizy-aux-Bois;82.2;*
51543;Somme-Bionne;151.9;
51544;Sommepy-Tahure;139.1;
51545;Sommesous;156.5;
51546;Somme-Suippe;98.8;
51547;Somme-Tourbe;148.2;
51548;Somme-Vesle;153.4;
51549;Somme-Yèvre;150;
51550;Sompuis;200.8;
51551;Somsois;145.6;
51552;Songy;140.6;
51553;Souain-Perthes-lès-Hurlus;171.7;
51555;Soudé;223.3;
51556;Soudron;145.1;
51557;Soulanges;124;
51558;Soulières;32.6;
51559;Suippes;108.5;
51560;Suizy-le-Franc;65.6;
51562;Taissy;22.5;
51563;Talus-Saint-Prix;2.4;
51564;Val de Livre;9.4;
51565;Thaas;178.6;
51566;Thibie;146.9;
51567;Thiéblemont-Farémont;92.5;
51568;Thil;5.1;
51569;Thillois;108.3;
51570;Le Thoult-Trosnay;119.5;
51571;Val-de-Vesle;125.4;
51572;Tilloy-et-Bellay;137;
51573;Tinqueux;1.5;
51574;Togny-aux-Bœufs;201.9;
51576;Tours-sur-Marne;44.6;
51577;Tramery;51.2;
51578;Trécon;95.5;
51579;Tréfols;134.6;
51580;Trépail;4.1;
51581;Treslon;17.7;
51582;Trigny;3.5;
51583;Trois-Fontaines-l'Abbaye;128;
51584;Trois-Puits;7.4;
51585;Troissy;8;
51586;Unchair;41.4;
51587;Vadenay;102.1;
51588;Valmy;136.7;
51589;Vanault-le-Châtel;142.5;
51590;Vanault-les-Dames;155.6;
51591;Vandeuil;12.7;
51592;Vandières;9.3;
51594;Vassimont-et-Chapelaine;184.2;
51595;Vatry;185.7;
51596;Vauchamps;107.3;
51597;Vauciennes;2.1;
51598;Vauclerc;180.5;
51599;Vaudemange;44.1;
51600;Vaudesincourt;89.2;
51601;Vavray-le-Grand;73.3;
51602;Vavray-le-Petit;27.4;
51603;Vélye;127.5;
51604;Ventelay;170.7;
51605;Venteuil;3.1;
51607;Verdon;200.5;
51608;Vernancourt;143.8;
51609;Verneuil;8.1;
51610;Verrières;212.4;
51611;Vert-Toulon;33.5;
51612;Blancs-Coteaux;6.9;
51613;Verzenay;4.7;
51614;Verzy;4.8;
51616;Vésigneul-sur-Marne;110.8;
51617;La Veuve;120.5;
51618;Le Vézier;140.3;
51619;Le Vieil-Dampierre;84.5;
51620;Vienne-la-Ville;77.5;
51621;Vienne-le-Château;158.5;
51622;Ville-Dommange;2.1;
51623;Ville-en-Selve;N/A - division par 0;
51624;Ville-en-Tardenois;114.1;*
51625;Villeneuve-la-Lionne;181.1;
51626;La Villeneuve-lès-Charleville;124.4;
51627;Villeneuve-Renneville-Chevigny;35.4;
51628;Villeneuve-Saint-Vistre-et-Villevotte;90.2;
51629;Villers-Allerand;6.6;
51630;Villers-aux-Bois;55.7;
51631;Villers-aux-Nœuds;21.8;
51632;Villers-en-Argonne;76;
51633;Villers-Franqueux;72.5;
51634;Villers-le-Château;82.5;
51635;Villers-le-Sec;N/A - division par 0;
51636;Villers-Marmery;3.7;
51637;Villers-sous-Châtillon;21.1;
51638;Villeseneux;96.5;
51639;La Ville-sous-Orbais;193.2;
51640;Ville-sur-Tourbe;142;
51641;Villevenard;26.4;
51642;Villiers-aux-Corneilles;88.2;
51643;Vinay;1.2;
51644;Vincelles;2.6;
51645;Vindey;11.2;
51646;Virginy;132.1;
51647;Vitry-en-Perthois;34.6;*
51648;Vitry-la-Ville;182.1;
51649;Vitry-le-François;2.2;
51650;Voilemont;232.7;
51652;Vouarces;160.2;
51654;Vouillers;154.9;
51655;Vouzy;86.5;
51656;Vraux;105.1;
51657;Vrigny;14.9;
51658;Vroil;153.4;
51659;Wargemoulin-Hurlus;98;
51660;Warmeriville;113.8;
51662;Witry-lès-Reims;73.6;
51663;Magenta;0.8;
52001;Ageville;249.4;
52002;Aigremont;2.3;
52003;Aillianville;439.8;
52004;Aingoulaincourt;296.6;
52005;Aizanville;230.4;
52006;Allichamps;168.1;
52007;Ambonville;187;
52008;Andelot-Blancheville;323.6;
52009;Andilly-en-Bassigny;90.2;
52011;Annéville-la-Prairie;284;
52012;Annonville;180.8;
52013;Anrosey;138.9;
52014;Aprey;186.1;
52015;Arbigny-sous-Varennes;38.2;
52016;Arbot;209.8;
52017;Arc-en-Barrois;173.5;
52019;Arnancourt;96.7;
52021;Attancourt;143.6;
52022;Aubepierre-sur-Aube;199.8;
52023;Auberive;258.1;
52025;Audeloncourt;393;
52027;Aujeurres;175;
52028;Aulnoy-sur-Aube;229.7;*
52029;Autigny-le-Grand;N/A - division par 0;
52030;Autigny-le-Petit;N/A - division par 0;
52031;Autreville-sur-la-Renne;264.5;
52033;Avrecourt;64.6;
52034;Bailly-aux-Forges;181.3;
52035;Baissey;137.6;
52037;Bannes;108.5;
52038;Bassoncourt;76.8;
52039;Baudrecourt;97.8;
52040;Bay-sur-Aube;130.5;
52042;Beauchemin;212.7;
52043;Belmont;215.9;
52044;Roches-Bettaincourt;189;
52045;Bettancourt-la-Ferrée;N/A - division par 0;
52047;Beurville;246.7;
52050;Biesles;210.3;
52051;Bize;N/A - division par 0;
52053;Blaisy;225.1;
52055;Blécourt;206.9;
52056;Blessonville;133.6;
52057;Blumeray;99.4;
52058;Bologne;187.2;
52059;Bonnecourt;854.9;
52060;Bourbonne-les-Bains;192.5;
52061;Bourdons-sur-Rognon;190.8;
52062;Bourg;185.5;
52063;Bourg-Sainte-Marie;132.2;
52064;Bourmont-entre-Meuse-et-Mouzon;125.3;
52065;Bouzancourt;339.7;
52066;Brachay;395.3;
52067;Brainville-sur-Meuse;314.2;
52069;Braux-le-Châtel;113.1;
52070;Brennes;250.3;
52072;Brethenay;191;
52074;Breuvannes-en-Bassigny;185.2;
52075;Briaucourt;91;
52076;Bricon;180.9;
52079;Brousseval;1;
52082;Bugnières;183.2;
52083;Champsevraine;105;
52084;Busson;240.9;
52085;Buxières-lès-Clefmont;128;
52087;Buxières-lès-Villiers;N/A - division par 0;
52088;Ceffonds;163.4;
52089;Celles-en-Bassigny;148.1;
52090;Celsoy;N/A - division par 0;
52091;Cerisières;95.7;
52092;Chalancey;488.9;
52093;Chalindrey;76.6;
52094;Vals-des-Tilles;111.5;
52095;Chalvraines;134;
52097;Chambroncourt;209.1;*
52099;Chamouilley;110.4;
52101;Champigneulles-en-Bassigny;149.4;
52102;Champigny-lès-Langres;200;
52103;Champigny-sous-Varennes;269.7;
52104;Chancenay;235.2;
52105;Changey;140.8;
52106;Chanoy;N/A - division par 0;
52107;Chantraines;223.3;
52108;Charmes;189.6;*
52109;Charmes-en-l'Angle;N/A - division par 0;
52110;Charmes-la-Grande;242.2;
52113;Chassigny;227;
52114;Châteauvillain;143.5;
52115;Chatenay-Mâcheron;359.2;
52116;Chatenay-Vaudin;77.7;
52118;Chatonrupt-Sommermont;91.7;
52119;Chaudenay;261.9;
52120;Chauffourt;38.7;
52121;Chaumont;240.3;
52122;Chaumont-la-Ville;235.3;
52123;Chevillon;102;
52124;Chézeaux;88.9;
52125;Chamarandes-Choignes;88.7;
52126;Choilley-Dardenay;136.3;
52127;Choiseul;82.8;
52128;Cirey-lès-Mareilles;268.2;
52129;Cirey-sur-Blaise;165.9;
52130;Cirfontaines-en-Azois;234.8;
52131;Cirfontaines-en-Ornois;131;
52132;Clefmont;3;
52133;Clinchamp;69.6;
52134;Cohons;146.2;
52135;Coiffy-le-Bas;0.7;
52136;Coiffy-le-Haut;198.6;
52137;Colmier-le-Bas;313.6;
52138;Colmier-le-Haut;143.8;
52140;Colombey les Deux Églises;127.4;
52141;Condes;293.6;*
52142;Consigny;254.8;
52145;Coublanc;220.5;
52146;Coupray;313.2;
52147;Courcelles-en-Montagne;251.9;
52149;Courcelles-sur-Blaise;221.6;
52151;Cour-l'Évêque;52.9;
52155;Culmont;135.9;
52156;Curel;N/A - division par 0;
52157;Curmont;N/A - division par 0;
52158;Cusey;267.9;
52159;Cuves;21.1;*
52160;Daillancourt;129.4;
52161;Daillecourt;107.1;
52162;Dammartin-sur-Meuse;187.5;
52163;Dampierre;252;
52164;Damrémont;206.1;
52165;Dancevoir;179.1;
52167;Darmannes;253.8;
52168;Dinteville;202.6;
52169;Domblain;124.9;
52170;Dommarien;129.6;
52171;Dommartin-le-Franc;183.7;
52172;Dommartin-le-Saint-Père;306.3;
52173;Domremy-Landéville;278.2;
52174;Doncourt-sur-Meuse;81.3;
52175;Donjeux;112;
52177;Doulaincourt-Saucourt;247.8;
52178;Doulevant-le-Château;185.5;
52179;Doulevant-le-Petit;N/A - division par 0;
52181;Échenay;195.4;
52182;Éclaron-Braucourt-Sainte-Livière;157.1;
52183;Ecot-la-Combe;265.8;
52184;Effincourt;247;
52185;Enfonvelle;169.2;
52187;Épizon;136.6;
52189;Le Val-d'Esnoms;163.5;
52190;Esnouveaux;188.3;
52193;Euffigneix;249.4;
52194;Eurville-Bienville;99.7;
52195;Farincourt;195.6;
52196;Faverolles;206.4;*
52197;Fayl-Billot;70.7;
52198;Fays;93.8;
52199;Ferrière-et-Lafolie;360.6;
52200;Flagey;234.2;
52201;Flammerécourt;47;
52203;Fontaines-sur-Marne;5.6;
52204;Forcey;152.4;
52205;Foulain;204.5;
52206;Frampas;123;
52207;Frécourt;117.2;
52208;Fresnes-sur-Apance;186.8;
52211;Froncles;107.6;
52212;Fronville;216.5;
52213;Genevrières;190.1;
52214;La Genevroye;106.5;
52216;Germaines;269.6;
52217;Germainvilliers;110.8;
52218;Germay;152.3;
52219;Germisay;108.4;
52220;Giey-sur-Aujon;141.5;
52221;Gillancourt;130.1;
52222;Gillaumé;190.5;
52223;Gilley;244.9;
52227;Graffigny-Chemin;137.9;
52228;Grandchamp;179.5;
52229;Grenant;113.7;
52230;Gudmont-Villiers;191.6;
52231;Guindrecourt-aux-Ormes;188.5;
52232;Guindrecourt-sur-Blaise;121.5;
52233;Guyonvelle;406.8;
52234;Hâcourt;492.1;
52235;Hallignicourt;150.4;
52237;Harréville-les-Chanteurs;304.7;*
52240;Heuilley-le-Grand;255.4;
52242;Haute-Amance;135.1;
52243;Huilliécourt;2.6;
52244;Humbécourt;102.2;
52245;Humberville;83.1;
52246;Humes-Jorquenay;269.7;
52247;Illoud;107;
52248;Is-en-Bassigny;68.9;
52249;Isômes;172.6;
52250;Joinville;119.4;
52251;Jonchery;261.1;
52253;Juzennecourt;134.6;
52254;Lachapelle-en-Blaisy;202.3;
52256;Lafauche;110;
52257;Laferté-sur-Amance;36.6;
52258;Laferté-sur-Aube;111.4;
52260;Lamancine;216.8;
52264;Laneuvelle;N/A - division par 0;
52265;Bayard-sur-Marne;209;
52266;Laneuville-à-Rémy;138.6;
52267;Laneuville-au-Pont;175.2;
52269;Langres;103;
52271;Lanques-sur-Rognon;391.7;
52272;Lanty-sur-Aube;209;
52273;Larivière-Arnoncourt;171.1;
52274;Latrecey-Ormoy-sur-Aube;186.3;
52275;Lavernoy;155.8;
52276;Laville-aux-Bois;241.8;
52277;Lavilleneuve;104.2;
52278;Lavilleneuve-au-Roi;125.5;
52280;Lecey;201.4;
52282;Leffonds;181.3;
52284;Leschères-sur-le-Blaiseron;215.4;
52285;Leuchey;140.3;
52286;Leurville;164;
52287;Levécourt;359.8;
52288;Lezéville;252.8;
52289;Liffol-le-Petit;159.6;
52290;Les Loges;135.7;
52291;Longchamp;77.4;*
52292;Longeau-Percey;109.7;
52294;Louvemont;124.1;*
52295;Louvières;111.7;
52297;Luzy-sur-Marne;287.8;
52298;Maâtz;409.3;
52300;Magneux;193.8;
52301;Maisoncelles;89.8;
52302;Maizières;110.7;
52303;Maizières-sur-Amance;89.1;*
52304;Malaincourt-sur-Meuse;305.3;
52305;Mandres-la-Côte;72;
52306;Manois;137.1;
52307;Marac;211.4;
52308;Maranville;96.1;
52310;Marbéville;280.5;
52311;Marcilly-en-Bassigny;44.5;
52312;Mardor;154.3;
52313;Mareilles;240.4;
52315;Marnay-sur-Marne;45.8;
52316;Mathons;240.6;
52318;Melay;240.6;
52319;Mennouveaux;84.8;
52320;Merrey;124;
52321;Mertrud;217.9;
52322;Meures;75.3;
52325;Millières;299.9;
52326;Mirbel;163.3;
52327;Moëslains;N/A - division par 0;
52328;Montcharvot;0.5;
52330;Montheries;155.8;
52331;La Porte du Der;110;
52332;Val-de-Meuse;159.5;
52335;Montot-sur-Rognon;N/A - division par 0;
52336;Montreuil-sur-Blaise;57.2;
52337;Montreuil-sur-Thonnance;185.3;
52341;Morancourt;130.8;
52342;Morionvilliers;60.9;
52344;Mouilleron;422.1;
52346;Mussey-sur-Marne;166.9;
52347;Narcy;157.8;
52348;Neuilly-l'Évêque;60;
52349;Neuilly-sur-Suize;155.1;*
52350;Neuvelle-lès-Voisey;N/A - division par 0;
52352;Ninville;164.8;
52353;Nogent;174.2;
52354;Noidant-Chatenoy;284.7;
52355;Noidant-le-Rocheux;103.5;
52356;Nomécourt;133.2;
52357;Noncourt-sur-le-Rongeant;76.1;
52358;Noyers;170.4;
52359;Nully;146.1;
52360;Occey;226;
52362;Orbigny-au-Mont;87.2;
52363;Orbigny-au-Val;135.9;
52364;Orcevaux;105.1;
52365;Orges;131.7;
52366;Ormancey;155.7;
52367;Ormoy-lès-Sexfontaines;113.2;
52369;Orquevaux;384.5;
52370;Osne-le-Val;228;
52371;Oudincourt;182.6;
52372;Outremécourt;123.6;
52373;Ozières;296.5;
52374;Le Pailly;60;
52375;Palaiseul;25.4;
52376;Pansey;N/A - division par 0;
52377;Parnoy-en-Bassigny;170.7;
52378;Paroy-sur-Saulx;253.2;
52380;Peigney;99.3;
52383;Perrancey-les-Vieux-Moulins;176.9;
52384;Perrogney-les-Fontaines;262.3;
52385;Perrusse;265.8;
52386;Perthes;143.4;
52388;Pierremont-sur-Amance;161.4;
52390;Pisseloup;221.2;
52391;Planrupt;146.3;
52392;Plesnoy;113.9;
52393;Poinsenot;N/A - division par 0;
52394;Poinson-lès-Fayl;198.4;
52395;Poinson-lès-Grancey;370.5;
52396;Poinson-lès-Nogent;97.3;
52397;Poiseul;303;
52398;Poissons;407.5;
52399;Pont-la-Ville;204;
52400;Le Châtelet-sur-Meuse;235.8;
52401;Poulangy;0;
52403;Praslay;232.8;
52405;Le Montsaugeonnais;173;
52406;Pressigny;200.2;
52407;Prez-sous-Lafauche;154.7;
52411;Rives Dervoises;161.2;
52413;Rachecourt-Suzémont;115.5;
52414;Rachecourt-sur-Marne;339;
52415;Rançonnières;85.5;
52416;Rangecourt;109;
52419;Rennepont;261.4;
52420;Reynel;257.6;
52421;Riaucourt;133.2;
52422;Richebourg;154.9;
52423;Rimaucourt;324.2;
52424;Rivières-le-Bois;139.1;
52425;Rivière-les-Fosses;201.2;
52426;Rizaucourt-Buchey;147.5;
52428;Rochefort-sur-la-Côte;290.5;
52429;Roches-sur-Marne;123.1;
52431;Rochetaillée;150.2;
52432;Rolampont;110.3;
52433;Romain-sur-Meuse;266.9;
52436;Rouécourt;164.6;
52437;Rouelles;N/A - division par 0;
52438;Rougeux;249.4;
52439;Rouvres-sur-Aube;142.2;
52440;Rouvroy-sur-Marne;198.7;
52442;Rupt;117.7;
52443;Sailly;21.7;
52444;Saint-Blin;135.5;
52445;Saint-Broingt-le-Bois;48.9;
52446;Saint-Broingt-les-Fosses;98.8;
52447;Saint-Ciergues;398.7;
52448;Saint-Dizier;184.8;
52449;Saints-Geosmes;182.1;
52450;Saint-Loup-sur-Aujon;120.3;
52452;Saint-Martin-lès-Langres;776.9;
52453;Saint-Maurice;430.8;
52455;Saint-Thiébault;95.1;
52456;Saint-Urbain-Maconcourt;170.8;
52457;Saint-Vallier-sur-Marne;225.9;
52459;Sarcey;127.5;
52461;Sarrey;193.2;
52463;Saudron;215.7;
52464;Saulles;344.4;
52465;Saulxures;194;
52467;Savigny;268.1;
52468;Semilly;101.3;
52469;Semoutiers-Montsaon;160.2;
52470;Serqueux;55;
52472;Sexfontaines;127.9;
52473;Signéville;165;
52474;Silvarouvres;248.1;
52475;Sommancourt;N/A - division par 0;
52476;Sommerécourt;215.6;
52479;Sommevoire;155.6;
52480;Soncourt-sur-Marne;202.9;
52482;Soulaucourt-sur-Mouzon;160.2;
52483;Soyers;148.7;
52484;Suzannecourt;97.9;
52486;Ternat;239.8;
52487;Thilleux;168.1;
52488;Thivet;830;
52489;Thol-lès-Millières;254.7;
52490;Thonnance-lès-Joinville;166.8;
52491;Thonnance-les-Moulins;210.7;
52492;Torcenay;0;
52493;Tornay;85.6;
52494;Treix;208;
52495;Trémilly;143.4;
52497;Troisfontaines-la-Ville;201.6;
52499;Vaillant;205.3;
52500;Valcourt;N/A - division par 0;
52502;Valleret;281.8;
52503;Valleroy;N/A - division par 0;
52504;Varennes-sur-Amance;9.8;
52505;Vaudrecourt;344.2;
52506;Vaudrémont;182;
52507;Vauxbons;322.8;
52510;Vaux-sur-Blaise;238.7;
52511;Vaux-sur-Saint-Urbain;193.7;
52512;Vecqueville;78.5;
52513;Velles;142.2;
52514;Verbiesles;239.3;
52515;Verseilles-le-Bas;184.3;
52516;Verseilles-le-Haut;197.5;
52517;Vesaignes-sous-Lafauche;114.1;
52518;Vesaignes-sur-Marne;13.7;
52519;Vesvres-sous-Chalancey;274.7;
52520;Vicq;134.7;
52522;Viéville;168.7;
52523;Vignes-la-Côte;205.6;
52524;Vignory;N/A - division par 0;
52525;Villars-en-Azois;N/A - division par 0;
52526;Villars-Santenoge;219;
52528;Ville-en-Blaisois;119.5;
52529;Villegusien-le-Lac;176.5;
52534;Villiers-en-Lieu;288.1;
52535;Villiers-le-Sec;370.8;
52536;Villiers-lès-Aprey;161.3;
52538;Villiers-sur-Suize;184.9;
52539;Violot;191.4;
52540;Vitry-en-Montagne;217.4;
52541;Vitry-lès-Nogent;20.8;
52542;Vivey;159.3;
52543;Voillecomte;99.1;
52544;Voisey;150;
52545;Voisines;369.9;
52546;Voncourt;N/A - division par 0;
52547;Vouécourt;204.2;
52548;Vraincourt;137;
52549;Vroncourt-la-Côte;279.4;
52550;Wassy;137;*
53001;Ahuillé;49.6;
53002;Alexain;77.6;
53003;Ambrières-les-Vallées;54.7;
53005;Andouillé;72.1;
53007;Argentré;73.8;
53008;Aron;52.4;
53009;Arquenay;103.1;
53010;Assé-le-Bérenger;71;
53011;Astillé;54.7;
53012;Athée;47.8;
53013;Averton;80.4;
53015;La Baconnière;52.8;
53016;Bais;59.6;
53017;Val-du-Maine;113;
53018;Ballots;73.8;
53019;Bannes;125.6;
53021;La Bazoge-Montpinçon;47.9;
53022;La Bazouge-de-Chemeré;59.5;
53023;La Bazouge-des-Alleux;73.1;
53025;Bazougers;76.4;
53026;Beaulieu-sur-Oudon;80.7;
53027;Beaumont-Pied-de-Bœuf;81.2;
53028;Belgeard;71.8;
53029;Bierné-les-Villages;81;
53030;Le Bignon-du-Maine;60.2;
53031;La Bigottière;79.7;
53033;La Boissière;66.1;
53034;Bonchamp-lès-Laval;64.9;
53035;Bouchamps-lès-Craon;69;
53036;Bouère;60.9;
53037;Bouessay;95.3;
53038;Boulay-les-Ifs;60.9;
53039;Le Bourgneuf-la-Forêt;46.3;
53040;Bourgon;55.7;
53041;Brains-sur-les-Marches;46.1;
53042;Brecé;64.8;
53043;Brée;93.4;
53045;La Brûlatte;58.8;
53046;Le Buret;72.2;
53047;Carelles;49.6;
53048;Chailland;56.2;
53049;Châlons-du-Maine;46.6;
53051;Champéon;39.2;
53052;Champfrémont;38.1;
53053;Champgenéteux;75.7;
53054;Changé;78.5;
53055;Chantrigné;61.5;
53056;La Chapelle-Anthenaise;92.2;
53057;La Chapelle-au-Riboul;59.4;
53058;La Chapelle-Craonnaise;71.9;
53059;La Chapelle-Rainsouin;75.5;
53061;Charchigné;63.8;
53062;Château-Gontier-sur-Mayenne;56.8;
53063;Châtelain;79.7;
53064;Châtillon-sur-Colmont;67.7;
53066;Chemazé;74;
53067;Chémeré-le-Roi;78.4;
53068;Chérancé;47.5;
53069;Chevaigné-du-Maine;47;
53071;Colombiers-du-Plessis;38.7;
53072;Commer;77;
53073;Congrier;79.7;
53074;Contest;72.6;
53075;Cosmes;53.7;
53076;Cossé-en-Champagne;74.6;
53077;Cossé-le-Vivien;56.7;
53078;Coudray;87;
53079;Couesmes-Vaucé;71.4;
53080;Couptrain;13.7;
53082;Courbeveille;42.4;
53083;Courcité;67.1;
53084;Craon;55.9;
53085;Crennes-sur-Fraubée;62.5;*
53086;La Croixille;56.2;
53087;La Cropte;82.2;
53088;Cuillé;45.7;
53089;Daon;60;
53090;Denazé;109.3;
53091;Désertines;66.2;
53093;La Dorée;31.7;
53094;Entrammes;53.7;
53096;Ernée;56.6;
53097;Évron;62.8;
53098;Fontaine-Couverte;57.8;
53099;Forcé;16.4;
53100;Fougerolles-du-Plessis;57.4;
53101;Fromentières;66.7;
53102;Gastines;57.9;
53103;Le Genest-Saint-Isle;43.5;
53104;Gennes-Longuefuye;72.3;
53105;Gesnes;107.8;
53106;Gesvres;63.8;
53107;Gorron;41.3;
53108;La Gravelle;39.4;
53109;Grazay;64.1;
53110;Grez-en-Bouère;54.5;
53111;La Haie-Traversaine;73.2;
53112;Le Ham;96.1;
53113;Hambers;85.2;
53114;Hardanges;47.5;
53115;Hercé;51.4;
53116;Le Horps;86.6;
53117;Houssay;50.8;
53118;Le Housseau-Brétignolles;65.1;
53119;L'Huisserie;73.5;
53120;Izé;93.1;
53121;Javron-les-Chapelles;89.4;
53122;Jublains;63.8;
53123;Juvigné;59.8;
53124;Prée-d'Anjou;72.2;
53125;Landivy;46.5;
53126;Larchamp;45.6;
53127;Lassay-les-Châteaux;54;
53128;Laubrières;84.8;
53129;Launay-Villiers;72.3;
53130;Laval;48.7;
53131;Lesbois;52.6;
53132;Levaré;60;
53133;Lignières-Orgères;65.6;
53134;Livet;82.6;
53135;Livré-la-Touche;50.2;
53136;La Roche-Neuville;65.7;
53137;Loiron-Ruillé;55.7;
53139;Loupfougères;81.6;
53140;Louverné;52.1;
53141;Louvigné;36.5;
53142;Madré;67.3;
53143;Maisoncelles-du-Maine;80.9;
53144;Marcillé-la-Ville;60.1;
53145;Marigné-Peuton;67.7;
53146;Martigné-sur-Mayenne;67.4;
53147;Mayenne;49;
53148;Mée;71.5;
53150;Ménil;57.3;
53151;Méral;45.9;
53152;Meslay-du-Maine;65.9;
53153;Mézangers;52.6;
53154;Montaudin;50.1;
53155;Montenay;69.8;
53156;Montflours;59.1;
53157;Montigné-le-Brillant;57;
53158;Montjean;91.5;
53160;Montreuil-Poulay;64.5;
53161;Montsûrs;64.6;
53162;Moulay;57.2;
53163;Neau;66.7;
53164;Neuilly-le-Vendin;56.7;
53165;Niafles;41.1;
53168;Nuillé-sur-Vicoin;68.3;
53169;Olivet;58.1;
53170;Oisseau;74.1;
53172;Origné;66.1;
53173;La Pallu;85.8;
53174;Parigné-sur-Braye;63.5;
53175;Parné-sur-Roc;81;
53176;Le Pas;58.9;
53177;La Pellerine;46;
53178;Peuton;91.2;
53179;Placé;78.4;
53180;Pommerieux;64.4;
53181;Pontmain;30.8;
53182;Port-Brillet;127.5;
53184;Préaux;76.4;
53185;Pré-en-Pail-Saint-Samson;82.7;
53186;Quelaines-Saint-Gault;66.6;
53187;Ravigny;148.8;
53188;Renazé;51.7;
53189;Rennes-en-Grenouilles;70.2;
53190;Le Ribay;75.4;
53191;La Roë;58.4;
53192;La Rouaudière;66.8;
53193;Ruillé-Froid-Fonds;63.9;
53195;Sacé;46.6;
53196;Saint-Aignan-de-Couptrain;67.7;
53197;Saint-Aignan-sur-Roë;51.1;
53198;Saint-Aubin-du-Désert;77.6;
53199;Saint-Aubin-Fosse-Louvain;52.6;
53200;Saint-Baudelle;40.6;
53201;Saint-Berthevin;44.6;
53202;Saint-Berthevin-la-Tannière;46.5;
53203;Saint-Brice;33;
53204;Saint-Calais-du-Désert;110.2;
53206;Saint-Charles-la-Forêt;68.2;
53208;Saint-Cyr-en-Pail;74.7;
53209;Saint-Cyr-le-Gravelais;78.2;
53210;Saint-Denis-d'Anjou;78.4;
53211;Saint-Denis-de-Gastines;60.1;
53212;Saint-Denis-du-Maine;88.5;
53213;Saint-Ellier-du-Maine;39.3;
53214;Saint-Erblon;74.9;
53216;Saint-Fraimbault-de-Prières;57.4;
53218;Sainte-Gemmes-le-Robert;37.5;
53219;Saint-Georges-Buttavent;45;
53220;Saint-Georges-le-Fléchard;71.8;
53221;Saint-Georges-sur-Erve;52.6;
53222;Saint-Germain-d'Anxure;61.7;
53223;Saint-Germain-de-Coulamer;64.8;
53224;Saint-Germain-le-Fouilloux;61.8;
53225;Saint-Germain-le-Guillaume;51.6;
53226;Saint-Hilaire-du-Maine;58.3;
53228;Blandouet-Saint Jean;56.4;
53229;Saint-Jean-sur-Mayenne;76.8;
53230;Saint-Julien-du-Terroux;73;
53232;Saint-Léger;46.6;
53233;Saint-Loup-du-Dorat;26.6;
53234;Saint-Loup-du-Gast;69.3;
53235;Sainte-Marie-du-Bois;57.3;
53236;Saint-Mars-du-Désert;103.5;
53237;Saint-Mars-sur-Colmont;61.5;
53238;Saint-Mars-sur-la-Futaie;69.4;
53239;Saint-Martin-de-Connée;88.1;
53240;Saint-Martin-du-Limet;53.5;
53242;Saint-Michel-de-la-Roë;48.5;
53243;Saint-Ouën-des-Toits;37.8;
53245;Saint-Pierre-des-Landes;44.1;
53246;Saint-Pierre-des-Nids;52.1;
53247;Saint-Pierre-la-Cour;82.1;
53248;Saint-Pierre-sur-Erve;55.2;
53249;Saint-Pierre-sur-Orthe;93.5;
53250;Saint-Poix;52;
53251;Saint-Quentin-les-Anges;93.7;
53253;Saint-Saturnin-du-Limet;80.8;
53255;Sainte-Suzanne-et-Chammes;63.2;
53256;Saint-Thomas-de-Courceriers;81.1;
53257;Saulges;93.5;
53258;La Selle-Craonnaise;73.1;
53259;Senonnes;79.5;
53260;Simplé;64.2;
53261;Soucé;61.7;
53262;Soulgé-sur-Ouette;72.4;
53263;Thubœuf;77.8;
53264;Thorigné-en-Charnie;73.9;
53265;Torcé-Viviers-en-Charnie;65.7;
53266;Trans;66.6;
53267;Vaiges;80.7;
53269;Vautorte;50.6;
53270;Vieuvy;59.7;
53271;Villaines-la-Juhel;100.3;
53272;Villepail;70.4;
53273;Villiers-Charlemagne;57.8;
53274;Vimarcé;133.1;
53276;Voutré;71.4;
54001;Abaucourt;100.9;
54002;Abbéville-lès-Conflans;174.1;
54003;Aboncourt;111.6;
54004;Affléville;181.4;
54005;Affracourt;172.9;
54006;Agincourt;221.5;
54007;Aingeray;162.9;
54008;Allain;N/A - division par 0;
54009;Allamont;131.7;
54010;Allamps;7.7;
54011;Allondrelle-la-Malmaison;93.1;
54012;Amance;45.9;
54013;Amenoncourt;124.9;
54014;Ancerviller;121.4;
54015;Anderny;178.4;
54016;Andilly;167.2;
54017;Angomont;N/A - division par 0;
54018;Anoux;149.3;
54019;Ansauville;93.6;
54020;Anthelupt;170.5;
54021;Armaucourt;148;
54022;Arnaville;386.4;
54023;Arracourt;137.5;
54024;Arraye-et-Han;155.8;
54025;Art-sur-Meurthe;97.3;
54026;Athienville;119.4;
54027;Atton;109.6;
54028;Auboué;N/A - division par 0;
54029;Audun-le-Roman;91.6;
54030;Autrepierre;122.9;
54031;Autreville-sur-Moselle;122;
54032;Autrey;181.6;
54033;Avillers;55.2;
54034;Avrainville;102.3;
54035;Avricourt;51.5;
54036;Avril;124.3;
54037;Azelot;53.8;
54038;Azerailles;92.7;
54039;Baccarat;42.1;
54040;Badonviller;48.1;
54041;Bagneux;252.1;
54042;Bainville-aux-Miroirs;225.3;
54043;Bainville-sur-Madon;76.4;
54044;Barbas;213.7;
54045;Barbonville;119.3;
54046;Barisey-au-Plain;218;
54047;Barisey-la-Côte;210;
54048;Les Baroches;143.4;
54049;Baslieux;74.2;
54050;Bathelémont;119.7;
54051;Batilly;106.9;
54052;Battigny;90.4;
54053;Bauzemont;139.2;
54054;Bayon;147.6;
54055;Bayonville-sur-Mad;111.1;
54056;Bazailles;83.4;
54057;Beaumont;17.2;
54058;Béchamps;213.5;
54059;Belleau;120.4;
54060;Belleville;207.8;
54061;Bénaménil;3.6;
54062;Benney;168.8;
54063;Bernécourt;105.3;
54064;Bertrambois;29.9;
54065;Bertrichamps;N/A - division par 0;
54066;Bettainvillers;107.8;
54067;Beuveille;137.9;
54068;Beuvezin;183.4;
54069;Beuvillers;177.9;
54070;Bey-sur-Seille;22.4;
54071;Bezange-la-Grande;128;*
54072;Bezaumont;197.8;
54073;Bicqueley;102.5;
54074;Bienville-la-Petite;112.1;
54075;Bionville;17.6;
54076;Blainville-sur-l'Eau;54.5;
54077;Blâmont;96.8;
54078;Blémerey;145.6;
54079;Blénod-lès-Pont-à-Mousson;110.3;
54080;Blénod-lès-Toul;35.6;
54081;Boismont;155.3;
54082;Boncourt;186;
54083;Bonviller;106.4;
54084;Mont-Bonvillers;111.4;
54085;Borville;127.6;
54086;Boucq;123.8;
54087;Bouillonville;274.5;
54088;Bouvron;323.5;
54089;Bouxières-aux-Chênes;145.8;
54090;Bouxières-aux-Dames;N/A - division par 0;
54091;Bouxières-sous-Froidmont;156.8;
54092;Bouzanville;121.9;
54093;Brainville;179.9;
54094;Bralleville;211.7;
54095;Bratte;189.2;
54096;Bréhain-la-Ville;259;
54097;Bréménil;60.4;
54098;Brémoncourt;198.7;
54099;Val de Briey;163.3;
54100;Brin-sur-Seille;N/A - division par 0;
54101;Brouville;183.4;
54102;Bruley;28.6;
54103;Bruville;166.5;
54104;Buissoncourt;85.2;
54105;Bulligny;5;
54106;Bures;210;
54107;Buriville;131.8;
54108;Burthecourt-aux-Chênes;47.5;
54109;Ceintrey;126.8;
54110;Cerville;159.1;
54111;Chaligny;10.3;
54112;Chambley-Bussières;156.3;
54113;Champenoux;155.3;
54114;Champey-sur-Moselle;N/A - division par 0;
54115;Champigneulles;N/A - division par 0;
54116;Chanteheux;49.4;
54117;Chaouilley;219.2;
54118;Charency-Vezin;152.5;*
54119;Charey;153.2;
54120;Charmes-la-Côte;2.5;
54121;Charmois;66.1;
54122;Chaudeney-sur-Moselle;22.9;*
54123;Chavigny;N/A - division par 0;
54124;Chazelles-sur-Albe;98.8;
54125;Chenevières;93.1;
54126;Chenicourt;201.8;
54127;Chenières;147.5;
54128;Choloy-Ménillot;69.6;
54129;Cirey-sur-Vezouze;11.3;*
54130;Clayeures;106.6;
54131;Clémery;142.4;
54132;Clérey-sur-Brenon;317.1;
54133;Coincourt;165;
54134;Colmey;238;
54135;Colombey-les-Belles;138.5;*
54136;Conflans-en-Jarnisy;51.9;
54137;Cons-la-Grandville;251.4;
54138;Cosnes-et-Romain;161.9;*
54139;Courbesseaux;105;
54140;Courcelles;124.4;
54141;Coyviller;141.9;
54142;Crantenoy;86.2;
54143;Crépey;127.5;
54144;Crévéchamps;47.6;
54145;Crévic;67.1;
54146;Crézilles;97.6;
54147;Crion;161.3;
54148;Croismare;41.6;
54149;Crusnes;87.8;
54150;Custines;109.8;
54151;Cutry;112.5;
54152;Damelevières;137.8;
54153;Dampvitoux;261;
54154;Deneuvre;213;
54155;Deuxville;169.5;
54156;Diarville;176.7;
54157;Dieulouard;163.8;
54158;Dolcourt;23.7;
54159;Dombasle-sur-Meurthe;108.9;
54160;Domèvre-en-Haye;150;
54161;Domèvre-sur-Vezouze;154.3;
54162;Domgermain;44;
54163;Domjevin;98.2;*
54164;Dommarie-Eulmont;216.9;
54165;Dommartemont;N/A - division par 0;
54166;Dommartin-la-Chaussée;221.4;
54167;Dommartin-lès-Toul;303.1;
54168;Dommartin-sous-Amance;70.4;
54169;Domprix;90.1;
54170;Domptail-en-l'Air;160.8;
54171;Doncourt-lès-Conflans;268.9;
54172;Doncourt-lès-Longuyon;112.9;
54173;Drouville;308;
54174;Écrouves;0;
54175;Einvaux;101.5;
54176;Einville-au-Jard;195.3;
54177;Emberménil;102.7;
54178;Épiez-sur-Chiers;231.2;
54179;Éply;109.5;
54180;Erbéviller-sur-Amezule;85.1;
54181;Errouville;129.9;
54182;Essey-et-Maizerais;240.6;
54183;Essey-la-Côte;127.4;
54184;Essey-lès-Nancy;12.2;
54185;Étreval;78.3;
54186;Eulmont;5.5;
54187;Euvezin;175;
54188;Faulx;87.4;
54189;Favières;60.8;
54190;Fécocourt;157.1;
54191;Fenneviller;61.4;
54192;Ferrières;188;
54193;Fey-en-Haye;139.1;
54194;Fillières;124.9;
54195;Flainval;N/A - division par 0;
54196;Flavigny-sur-Moselle;94;
54197;Fléville-devant-Nancy;48.2;
54198;Fléville-Lixières;172.1;
54199;Flin;130.7;
54200;Flirey;152.4;
54201;Fontenoy-la-Joûte;96.4;
54202;Fontenoy-sur-Moselle;29.1;
54203;Forcelles-Saint-Gorgon;121.7;
54204;Forcelles-sous-Gugney;159.3;
54205;Foug;125.8;
54206;Fraimbois;137.9;*
54207;Fraisnes-en-Saintois;69.3;
54208;Francheville;66.3;
54209;Franconville;169.7;
54210;Fréménil;13.8;
54211;Frémonville;196.3;
54212;Fresnois-la-Montagne;117;
54213;Friauville;136.1;
54214;Frolois;106.9;
54215;Frouard;N/A - division par 0;
54216;Froville;172.5;
54217;Gélacourt;112.5;
54218;Gélaucourt;N/A - division par 0;
54219;Gellenoncourt;113.5;
54220;Gémonville;148.7;*
54221;Gerbécourt-et-Haplemont;152.9;
54222;Gerbéviller;137.4;
54223;Germiny;203.2;
54224;Germonville;97.1;
54225;Gézoncourt;269.6;
54226;Gibeaumeix;149.6;
54227;Giraumont;80.4;
54228;Giriviller;157.7;
54229;Glonville;126;
54230;Gogney;82.4;
54231;Gondrecourt-Aix;186;
54232;Gondreville;146.7;
54233;Gondrexon;80.4;
54234;Gorcy;N/A - division par 0;
54235;Goviller;150.6;
54236;Grand-Failly;164.4;
54237;Grimonviller;163.6;
54238;Gripport;130.2;
54239;Griscourt;104.5;
54240;Grosrouvres;101.5;
54241;Gugney;16.1;
54242;Gye;132.5;
54243;Hablainville;186.3;
54244;Hagéville;99;
54245;Haigneville;72.4;
54246;Halloville;168;
54247;Hammeville;147.5;
54248;Hamonville;160.3;
54249;Hannonville-Suzémont;146.2;
54250;Haraucourt;81.1;
54251;Harbouey;97.5;*
54252;Haroué;154.6;
54253;Hatrize;194.6;
54254;Haucourt-Moulaine;121.3;
54255;Haudonville;173.8;
54256;Haussonville;167.4;
54257;Heillecourt;N/A - division par 0;
54258;Hénaménil;181.5;
54259;Herbéviller;102.9;
54260;Hériménil;148.6;
54261;Herserange;N/A - division par 0;
54262;Hoéville;97.9;
54263;Homécourt;N/A - division par 0;
54264;Houdelmont;142.4;
54265;Houdemont;N/A - division par 0;
54266;Houdreville;126;
54268;Housséville;98.4;
54269;Hudiviller;167.7;
54270;Hussigny-Godbrange;68.1;
54271;Igney;372.9;
54272;Jaillon;92;
54273;Jarny;108.2;
54274;Jarville-la-Malgrange;N/A - division par 0;
54275;Jaulny;160.8;
54276;Jeandelaincourt;74.5;*
54277;Jeandelize;252.8;
54278;Jevoncourt;N/A - division par 0;
54279;Jezainville;162.1;
54280;Jœuf;N/A - division par 0;
54281;Jolivet;207.9;
54282;Joppécourt;140.5;
54283;Jouaville;129.9;
54284;Joudreville;118.8;
54285;Juvrecourt;108.9;
54286;Labry;136;
54287;Lachapelle;N/A - division par 0;
54288;Lagney;113.6;
54289;Laître-sous-Amance;84.5;
54290;Laix;99.4;
54291;Lalœuf;141.7;*
54292;Lamath;189;
54293;Landécourt;94.4;
54294;Landremont;44.7;
54295;Landres;95.6;
54296;Laneuvelotte;135.1;
54297;Laneuveville-aux-Bois;134.6;
54298;Laneuveville-derrière-Foug;40.6;
54299;Laneuveville-devant-Bayon;140.4;
54300;Laneuveville-devant-Nancy;208.1;
54301;Lanfroicourt;86.3;
54302;Lantéfontaine;102.7;
54303;Laronxe;59.2;*
54304;Laxou;N/A - division par 0;
54305;Lay-Saint-Christophe;101.9;
54306;Lay-Saint-Remy;192.9;
54307;Lebeuville;116.6;
54308;Leintrey;137.1;
54309;Lemainville;58.2;
54310;Leménil-Mitry;32.4;
54311;Lenoncourt;100.1;
54312;Lesménils;87.8;
54313;Létricourt;166;
54314;Lexy;136.8;
54315;Leyr;175.1;
54316;Limey-Remenauville;173.2;
54317;Lironville;144.5;
54318;Liverdun;46;
54320;Loisy;222.5;
54321;Longlaville;N/A - division par 0;
54322;Longuyon;153;
54323;Longwy;N/A - division par 0;
54324;Lorey;79.1;
54325;Loromontzey;86.5;
54326;Lubey;N/A - division par 0;
54327;Lucey;8.4;
54328;Ludres;93.5;
54329;Lunéville;6.5;
54330;Lupcourt;289.9;
54331;Magnières;236.2;
54332;Maidières;418.9;
54333;Mailly-sur-Seille;263.9;
54334;Mairy-Mainville;104.5;
54335;Maixe;258.5;
54336;Maizières;63;
54337;Malavillers;503.2;
54338;Malleloy;N/A - division par 0;
54339;Malzéville;94.8;
54340;Mamey;91.7;
54343;Mandres-aux-Quatre-Tours;208.7;
54344;Mangonville;108.1;
54345;Manoncourt-en-Vermois;136.5;
54346;Manoncourt-en-Woëvre;124.9;
54348;Manonville;101.6;
54349;Manonviller;83.6;*
54350;Marainviller;151;
54351;Marbache;35;
54352;Maron;N/A - division par 0;
54353;Mars-la-Tour;149.1;*
54354;Marthemont;N/A - division par 0;
54355;Martincourt;195.3;
54356;Mattexey;101.2;
54357;Maxéville;N/A - division par 0;
54358;Mazerulles;149.3;
54359;Méhoncourt;173.9;
54360;Ménil-la-Tour;9.9;
54362;Mercy-le-Bas;106.7;
54363;Mercy-le-Haut;127.2;
54364;Méréville;96.9;
54365;Merviller;143;
54366;Messein;N/A - division par 0;
54367;Mexy;79.1;
54368;Mignéville;89.5;
54369;Millery;145.4;
54370;Minorville;168;
54371;Moineville;193.9;
54372;Moivrons;62.5;
54373;Moncel-lès-Lunéville;96.8;
54374;Moncel-sur-Seille;135.6;
54375;Montauville;145.4;
54376;Montenoy;198.7;
54377;Montigny;119.9;
54378;Montigny-sur-Chiers;149;
54379;Mont-l'Étroit;110.1;
54380;Mont-le-Vignoble;9.7;
54381;Montreux;62.8;
54382;Mont-Saint-Martin;62.8;
54383;Mont-sur-Meurthe;43.2;
54385;Morfontaine;180.3;
54386;Moriviller;132.7;
54387;Morville-sur-Seille;281.2;
54388;Mouacourt;127.1;
54389;Mouaville;149.5;
54390;Mousson;79;
54391;Moutiers;58;
54392;Moutrot;102.7;
54393;Moyen;78.5;
54394;Murville;116;*
54395;Nancy;1;
54396;Neufmaisons;N/A - division par 0;
54397;Neuves-Maisons;77.9;
54398;Neuviller-lès-Badonviller;36.5;
54399;Neuviller-sur-Moselle;0.6;
54400;Nomeny;168;
54401;Nonhigny;218.3;
54402;Norroy-le-Sec;325.7;
54403;Norroy-lès-Pont-à-Mousson;24;
54404;Noviant-aux-Prés;228.9;
54405;Ochey;33.9;
54406;Ogéviller;159.6;
54407;Ognéville;96.2;
54408;Olley;193.2;
54409;Omelmont;107.6;*
54410;Onville;N/A - division par 0;
54411;Ormes-et-Ville;119.6;
54412;Othe;5.5;
54413;Ozerailles;159.6;
54414;Pagney-derrière-Barine;74.9;
54415;Pagny-sur-Moselle;79.8;
54416;Pannes;98.2;
54417;Parey-Saint-Césaire;150.9;
54418;Parroy;79.9;
54419;Parux;15.4;
54420;Petit-Failly;83.6;*
54421;Petitmont;168.8;
54422;Pettonville;119.7;
54423;Pexonne;92;
54424;Phlin;19.6;
54425;Piennes;157.8;
54426;Pierre-la-Treiche;79;*
54427;Pierre-Percée;N/A - division par 0;
54428;Pierrepont;188;
54429;Pierreville;180;
54430;Pompey;24.4;
54431;Pont-à-Mousson;38.1;
54432;Pont-Saint-Vincent;18.9;
54433;Port-sur-Seille;164.6;
54434;Praye;169.9;
54435;Prény;127.2;
54436;Preutin-Higny;171.2;
54437;Pulligny;160.4;
54438;Pulney;40.8;
54439;Pulnoy;N/A - division par 0;
54440;Puxe;N/A - division par 0;
54441;Puxieux;182.7;
54442;Quevilloncourt;58.4;*
54443;Raon-lès-Leau;0.4;
54444;Raucourt;72.9;
54445;Raville-sur-Sânon;124.8;
54446;Réchicourt-la-Petite;265.7;
54447;Réclonville;92.5;
54449;Rehainviller;149.4;
54450;Reherrey;182;
54451;Réhon;32.7;
54452;Reillon;160;
54453;Rembercourt-sur-Mad;212.8;
54455;Remenoville;117.5;
54456;Réméréville;176.1;
54457;Remoncourt;322.5;
54458;Repaix;238.1;
54459;Richardménil;N/A - division par 0;
54460;Rogéville;110.6;
54461;Romain;69.6;*
54462;Rosières-aux-Salines;107.5;
54463;Rosières-en-Haye;94.5;
54464;Rouves;108.2;
54465;Roville-devant-Bayon;72.1;
54466;Royaumeix;115;
54467;Rozelieures;185.1;
54468;Saffais;45.3;
54469;Saint-Ail;184.7;
54470;Saint-Baussant;183.3;
54471;Saint-Boingt;130;
54472;Saint-Clément;76.4;
54473;Saint-Firmin;131.1;
54474;Sainte-Geneviève;65.8;
54475;Saint-Germain;84.3;
54476;Saint-Jean-lès-Longuyon;89.7;
54477;Saint-Julien-lès-Gorze;146.1;
54478;Saint-Marcel;183.1;
54479;Saint-Mard;157.3;
54480;Saint-Martin;101.4;
54481;Saint-Maurice-aux-Forges;124.4;
54482;Saint-Max;N/A - division par 0;
54483;Saint-Nicolas-de-Port;34.4;
54484;Sainte-Pôle;244.8;
54485;Saint-Pancré;57.9;
54486;Saint-Remimont;240.7;
54487;Saint-Rémy-aux-Bois;119.1;
54488;Saint-Sauveur;N/A - division par 0;
54489;Saint-Supplet;370.9;
54490;Saizerais;101.1;
54491;Sancy;101.1;
54492;Sanzey;92.4;
54493;Saulnes;N/A - division par 0;
54494;Saulxerotte;166.4;
54495;Saulxures-lès-Nancy;179;
54496;Saulxures-lès-Vannes;133.3;
54497;Saxon-Sion;110.9;
54498;Seichamps;126;
54499;Seicheprey;173;
54500;Selaincourt;241.2;
54501;Seranville;140.4;
54502;Serres;159.1;
54504;Serrouville;178.3;
54505;Sexey-aux-Forges;186.3;
54507;Sionviller;N/A - division par 0;
54508;Sivry;119.7;
54509;Sommerviller;124;
54510;Sornéville;81.8;
54511;Sponville;140.8;
54512;Tanconville;N/A - division par 0;
54513;Tantonville;134;
54514;Tellancourt;161.5;
54515;Thélod;253.2;
54516;They-sous-Vaudemont;140.1;
54517;Thézey-Saint-Martin;163.8;
54518;Thiaucourt-Regniéville;195.1;
54519;Thiaville-sur-Meurthe;9.2;
54520;Thiébauménil;220.8;
54521;Thil;N/A - division par 0;
54522;Thorey-Lyautey;193.6;
54523;Thuilley-aux-Groseilles;130.5;
54524;Thumeréville;229.2;
54525;Tiercelet;255.8;
54526;Tomblaine;64.6;
54527;Tonnoy;215.9;
54528;Toul;128.7;
54529;Tramont-Émy;80.5;
54530;Tramont-Lassus;59.7;
54531;Tramont-Saint-André;19.6;
54532;Tremblecourt;201.4;*
54533;Trieux;178.6;
54534;Trondes;105;
54535;Tronville;171.1;
54536;Tucquegnieux;76;
54537;Ugny;148.7;
54538;Uruffe;186.6;
54539;Vacqueville;134.6;
54540;Val-et-Châtillon;41;
54541;Valhey;179.7;
54542;Valleroy;15.9;
54543;Vallois;169.1;
54544;Vandelainville;43.4;
54545;Vandeléville;37.4;
54546;Vandières;54.5;
54547;Vandœuvre-lès-Nancy;N/A - division par 0;
54548;Vannes-le-Châtel;70.1;
54549;Varangéville;290.4;
54550;Vathiménil;120.2;
54551;Vaucourt;130.5;
54552;Vaudémont;63.9;
54553;Vaudeville;115.1;
54554;Vaudigny;227.3;
54555;Vaxainville;125;
54556;Vého;174.8;
54557;Bois-de-Haye;172.3;
54558;Velaine-sous-Amance;135.1;
54559;Velle-sur-Moselle;196.4;
54560;Veney;N/A - division par 0;
54561;Vennezey;36.8;
54562;Verdenal;161.3;
54563;Vézelise;160.7;
54564;Viéville-en-Haye;151.4;
54565;Vigneulles;217.1;
54566;Vilcey-sur-Trey;39.6;
54567;Villacourt;107.1;
54568;Ville-au-Montois;149.6;
54569;Ville-au-Val;133;
54570;Villecey-sur-Mad;74.4;*
54571;Ville-en-Vermois;147.8;
54572;Ville-Houdlémont;121.2;
54573;Villers-en-Haye;195.2;
54574;Villers-la-Chèvre;75.1;
54575;Villers-la-Montagne;81.1;
54576;Villers-le-Rond;138.3;
54577;Villers-lès-Moivrons;215.3;
54578;Villers-lès-Nancy;N/A - division par 0;
54579;Villers-sous-Prény;176;
54580;Villerupt;23.4;
54581;Ville-sur-Yron;162.8;
54582;Villette;102.1;
54583;Villey-le-Sec;171.8;
54584;Villey-Saint-Étienne;100.6;
54585;Virecourt;N/A - division par 0;
54586;Viterne;129.1;
54587;Vitrey;129.7;
54588;Vitrimont;174;
54589;Vittonville;120.5;
54590;Viviers-sur-Chiers;153.9;
54591;Voinémont;429.8;
54592;Vroncourt;81.9;
54593;Waville;579.6;
54594;Xammes;119;
54595;Xermaménil;N/A - division par 0;
54596;Xeuilley;214.1;
54597;Xirocourt;41.4;
54598;Xivry-Circourt;175.1;
54599;Xonville;275.9;
54600;Xousse;101.5;
54601;Xures;139.4;
54602;Han-devant-Pierrepont;168.9;
55001;Abainville;217.7;
55002;Abaucourt-Hautecourt;178.7;
55004;Aincreville;199;
55005;Amanty;142.3;
55007;Ambly-sur-Meuse;57.1;
55008;Amel-sur-l'Étang;229.1;
55009;Ancemont;147.9;
55010;Ancerville;183.2;
55011;Andernay;177.2;
55012;Apremont-la-Forêt;160.1;
55013;Arrancy-sur-Crusne;140.6;
55014;Aubréville;105.3;
55015;Aulnois-en-Perthois;142.2;
55017;Autrécourt-sur-Aire;125.4;
55018;Autréville-Saint-Lambert;239.3;
55021;Avillers-Sainte-Croix;124.5;
55022;Avioth;209.4;
55023;Avocourt;259.4;
55024;Azannes-et-Soumazannes;242;
55025;Baâlon;171.1;
55026;Badonvilliers-Gérauvilliers;164.4;
55027;Bannoncourt;245.8;
55028;Bantheville;148.1;
55029;Bar-le-Duc;43.1;*
55031;Baudonvilliers;17.8;*
55032;Baudrémont;150.6;
55033;Baulny;150.9;
55034;Bazeilles-sur-Othain;118;
55035;Bazincourt-sur-Saulx;127.5;
55036;Beauclair;108.1;
55037;Beaufort-en-Argonne;77;
55038;Beaulieu-en-Argonne;0.4;
55039;Beaumont-en-Verdunois;N/A - division par 0;
55040;Beausite;112.4;
55041;Behonne;149.1;
55042;Belleray;94.2;
55043;Belleville-sur-Meuse;13.4;
55044;Belrain;171.2;
55045;Belrupt-en-Verdunois;46.1;
55046;Beney-en-Woëvre;119;*
55047;Béthelainville;145.8;
55048;Béthincourt;125.2;
55049;Beurey-sur-Saulx;96.6;
55050;Bezonvaux;N/A - division par 0;
55051;Biencourt-sur-Orge;172.3;
55053;Billy-sous-Mangiennes;159.7;
55054;Bislée;89.9;
55055;Blanzée;187.9;
55057;Boinville-en-Woëvre;63.2;
55058;Boncourt-sur-Meuse;270;*
55059;Bonnet;208.7;
55060;Bonzée;76;
55061;Le Bouchon-sur-Saulx;88.2;
55062;Bouconville-sur-Madt;183.7;
55063;Bouligny;221.5;
55064;Bouquemont;140.3;
55065;Boureuilles;193.5;
55066;Bovée-sur-Barboure;314.1;
55067;Boviolles;186;
55068;Brabant-en-Argonne;297.2;
55069;Brabant-le-Roi;175.2;
55070;Brabant-sur-Meuse;153.8;
55071;Brandeville;173;
55072;Braquis;134.7;
55073;Bras-sur-Meuse;274.9;
55075;Brauvilliers;206.6;
55076;Bréhéville;183.3;
55077;Breux;150.3;
55078;Brieulles-sur-Meuse;143.4;
55079;Brillon-en-Barrois;147.1;
55080;Brixey-aux-Chanoines;126.6;
55081;Brizeaux;176.2;
55082;Brocourt-en-Argonne;174.5;
55083;Brouennes;117.4;
55084;Broussey-en-Blois;87.5;
55085;Broussey-Raulecourt;162.5;
55087;Bure;150.2;
55088;Burey-en-Vaux;115.3;
55089;Burey-la-Côte;204.1;
55093;Buxières-sous-les-Côtes;45;
55094;Buzy-Darmont;126;
55095;Cesse;176.3;
55096;Chaillon;87.7;
55097;Chalaines;242.8;*
55099;Champneuville;181.6;
55100;Champougny;98.5;*
55101;Chardogne;102.1;
55102;Charny-sur-Meuse;188;
55103;Charpentry;143.9;
55104;Chassey-Beaupré;311.9;
55105;Châtillon-sous-les-Côtes;60.5;
55106;Chattancourt;107.2;
55107;Chaumont-devant-Damvillers;150.8;
55108;Chaumont-sur-Aire;160.9;
55109;Chauvency-le-Château;207;
55110;Chauvency-Saint-Hubert;153.3;
55111;Chauvoncourt;171.9;
55113;Cheppy;153.7;
55114;Chonville-Malaumont;66.8;
55115;Cierges-sous-Montfaucon;177.9;
55116;Le Claon;N/A - division par 0;
55117;Clermont-en-Argonne;183.6;
55118;Cléry-le-Grand;249.9;
55119;Cléry-le-Petit;N/A - division par 0;
55120;Combles-en-Barrois;147.6;
55121;Combres-sous-les-Côtes;126.2;
55122;Commercy;211.5;
55123;Les Hauts-de-Chée;113.8;
55124;Consenvoye;172.9;
55125;Contrisson;94.4;
55127;Courcelles-en-Barrois;274.8;
55128;Courcelles-sur-Aire;179.6;
55129;Courouvre;106.8;
55132;Cousances-les-Forges;76.2;
55133;Couvertpuis;148.5;
55134;Couvonges;95.6;
55137;Cuisy;143.9;
55138;Culey;150.9;
55139;Cumières-le-Mort-Homme;0.5;
55140;Cunel;162.1;
55141;Dagonville;310.5;
55142;Dainville-Bertheléville;284.9;
55143;Damloup;171.8;
55144;Dammarie-sur-Saulx;14.2;
55145;Damvillers;161.5;*
55146;Dannevoux;259.3;
55148;Delouze-Rosières;226;
55149;Delut;174.9;
55150;Demange-Baudignécourt;195;
55153;Dieppe-sous-Douaumont;167.1;
55154;Dieue-sur-Meuse;198.7;
55155;Dombasle-en-Argonne;112.9;
55156;Dombras;84.9;
55157;Dommartin-la-Montagne;357.4;
55158;Dommary-Baroncourt;181.2;
55159;Dompcevrin;N/A - division par 0;
55160;Dompierre-aux-Bois;119.8;
55162;Domremy-la-Canne;N/A - division par 0;
55163;Doncourt-aux-Templiers;82.8;
55165;Doulcon;173.2;
55166;Dugny-sur-Meuse;165;
55167;Dun-sur-Meuse;86.2;
55168;Duzey;119.1;
55169;Écouviez;6.6;*
55170;Écurey-en-Verdunois;108.8;
55171;Eix;94.3;
55172;Les Éparges;25.9;
55173;Épiez-sur-Meuse;114.7;
55174;Épinonville;195.3;
55175;Érize-la-Brûlée;87.7;
55177;Érize-la-Petite;93.6;
55178;Érize-Saint-Dizier;124.1;
55179;Erneville-aux-Bois;148.6;
55180;Esnes-en-Argonne;193;
55181;Étain;114.3;
55182;Éton;272.3;
55183;Étraye;204.5;
55184;Euville;222.3;
55185;Èvres;172.1;
55186;Fains-Véel;100.9;
55188;Flassigny;124.2;
55189;Fleury-devant-Douaumont;N/A - division par 0;
55191;Foameix-Ornel;83.3;*
55192;Fontaines-Saint-Clair;75.5;
55193;Forges-sur-Meuse;177;
55194;Foucaucourt-sur-Thabas;180.1;*
55195;Fouchères-aux-Bois;N/A - division par 0;
55196;Frémeréville-sous-les-Côtes;156.6;
55197;Fresnes-au-Mont;196.8;
55198;Fresnes-en-Woëvre;144.8;
55199;Froidos;93.3;
55200;Fromeréville-les-Vallons;200.8;
55201;Fromezey;0;
55202;Futeau;34.9;
55204;Génicourt-sur-Meuse;97.5;
55206;Gercourt-et-Drillancourt;130;
55207;Géry;N/A - division par 0;
55208;Gesnes-en-Argonne;291.5;
55210;Gimécourt;121.8;
55211;Gincrey;149.9;
55212;Girauvoisin;N/A - division par 0;
55214;Givrauval;240.1;
55215;Gondrecourt-le-Château;173.1;
55216;Gouraincourt;59.7;
55217;Goussaincourt;31.4;
55218;Gremilly;206.1;
55219;Grimaucourt-en-Woëvre;151.7;
55220;Grimaucourt-près-Sampigny;379;
55221;Guerpont;N/A - division par 0;
55222;Gussainville;164;
55224;Haironville;281.6;
55225;Halles-sous-les-Côtes;168.3;
55226;Han-lès-Juvigny;242.8;
55228;Hannonville-sous-les-Côtes;91.8;
55229;Han-sur-Meuse;102.7;
55232;Harville;70.5;
55236;Haudainville;145;
55237;Haudiomont;70;
55239;Haumont-près-Samogneux;N/A - division par 0;
55241;Heippes;129.9;
55242;Hennemont;148.8;
55243;Herbeuville;12.4;
55244;Herméville-en-Woëvre;169;
55245;Heudicourt-sous-les-Côtes;71.5;
55246;Hévilliers;149.4;
55247;Horville-en-Ornois;99.1;
55248;Houdelaincourt;146.7;
55250;Inor;92.9;
55251;Ippécourt;137.6;
55252;Iré-le-Sec;272;
55253;Les Islettes;91.5;
55254;Les Trois-Domaines;192.1;
55255;Jametz;136.7;
55256;Jonville-en-Woëvre;131.4;
55257;Jouy-en-Argonne;116.5;
55258;Geville;76.2;*
55260;Julvécourt;276.4;
55261;Juvigny-en-Perthois;43;
55262;Juvigny-sur-Loison;153;
55263;Kœur-la-Grande;343.4;
55264;Kœur-la-Petite;185.1;
55265;Labeuville;206.4;
55266;Lachalade;0.3;
55267;Lachaussée;140.6;
55268;Lacroix-sur-Meuse;92.3;
55269;Lahaymeix;149.1;
55270;Lahayville;137.3;
55271;Laheycourt;94.5;
55272;Laimont;39.4;
55274;Lamorville;129;
55275;Lamouilly;115.6;
55276;Landrecourt-Lempire;88.4;
55278;Laneuville-au-Rupt;190.1;
55279;Laneuville-sur-Meuse;146.4;*
55280;Lanhères;136.9;
55281;Latour-en-Woëvre;214.5;
55282;Lavallée;109.6;
55284;Lavincourt;138.5;
55285;Lavoye;106.1;
55286;Lemmes;278.3;
55288;Lérouville;306.6;
55289;Levoncourt;140.8;
55290;Lignières-sur-Aire;73.1;
55291;Ligny-en-Barrois;207.6;
55292;Liny-devant-Dun;146.7;
55293;Lion-devant-Dun;142.8;
55295;Lisle-en-Barrois;298.7;
55296;L'Isle-en-Rigault;112.6;
55297;Lissey;158.7;
55298;Loisey;160.2;
55299;Loison;135.2;
55300;Longeaux;12.3;
55301;Longchamps-sur-Aire;255.9;
55302;Longeville-en-Barrois;216.5;*
55303;Loupmont;149.1;
55304;Louppy-le-Château;34.5;
55306;Louppy-sur-Loison;122.1;
55307;Louvemont-Côte-du-Poivre;N/A - division par 0;
55310;Luzy-Saint-Martin;119.1;
55311;Maizeray;169.6;
55312;Maizey;144.4;
55313;Malancourt;124.7;
55315;Mandres-en-Barrois;226;
55316;Mangiennes;172.4;
55317;Manheulles;142.2;
55320;Marchéville-en-Woëvre;191.4;
55321;Marre;128.5;
55322;Marson-sur-Barboure;69.4;
55323;Martincourt-sur-Meuse;177.8;
55324;Marville;116.3;
55325;Maucourt-sur-Orne;189.7;
55326;Maulan;105.4;
55327;Mauvages;151.8;
55328;Maxey-sur-Vaise;80;
55329;Mécrin;458.1;
55330;Méligny-le-Grand;80;
55331;Méligny-le-Petit;191.9;
55332;Menaucourt;259.2;
55333;Ménil-aux-Bois;74.5;
55334;Ménil-la-Horgne;214.8;
55335;Ménil-sur-Saulx;160.4;
55336;Merles-sur-Loison;97.6;
55338;Milly-sur-Bradon;1.4;
55339;Mogeville;181.8;
55340;Mognéville;110;
55341;Moirey-Flabas-Crépion;200.5;
55343;Montblainville;98.4;
55344;Montbras;N/A - division par 0;
55345;Mont-devant-Sassey;130.1;
55346;Montfaucon-d'Argonne;106.7;
55347;Les Monthairons;237.3;
55348;Montiers-sur-Saulx;192.7;
55349;Montigny-devant-Sassey;153.2;
55350;Montigny-lès-Vaucouleurs;94.9;
55351;Montmédy;143.8;
55352;Montplonne;142.5;
55353;Montsec;55.1;
55355;Montzéville;149.6;
55356;Moranville;228.4;
55357;Morgemoulin;66;
55358;Chanteraine;224;
55359;Morley;218.5;
55360;Mouilly;107.6;
55361;Moulainville;95.9;
55362;Moulins-Saint-Hubert;116.2;
55363;Moulotte;28.5;
55364;Mouzay;113.6;
55365;Murvaux;N/A - division par 0;
55366;Val-d'Ornain;159.2;
55367;Muzeray;174.4;
55368;Naives-en-Blois;184.9;
55369;Naives-Rosières;85.2;
55370;Naix-aux-Forges;150.1;
55371;Nançois-le-Grand;242;
55372;Nançois-sur-Ornain;71.2;
55373;Nant-le-Grand;177.2;
55374;Nant-le-Petit;56.8;
55375;Nantillois;111.1;
55376;Nantois;252.6;
55377;Nepvant;101.6;
55378;Nettancourt;289.4;*
55379;Le Neufour;82;
55380;Neuville-en-Verdunois;161.3;
55381;Neuville-lès-Vaucouleurs;N/A - division par 0;
55382;Neuville-sur-Ornain;211.5;
55383;Neuvilly-en-Argonne;116.6;*
55384;Nicey-sur-Aire;137.2;
55385;Nixéville-Blercourt;84.2;
55386;Nonsard-Lamarche;131.7;
55387;Nouillonpont;132.6;
55388;Noyers-Auzécourt;144.3;
55389;Nubécourt;166.1;
55391;Olizy-sur-Chiers;196.1;
55394;Ornes;N/A - division par 0;
55395;Osches;268;
55396;Ourches-sur-Meuse;235.2;
55397;Pagny-la-Blanche-Côte;222.9;
55398;Pagny-sur-Meuse;301.9;
55399;Pareid;232.2;
55400;Parfondrupt;139.1;
55401;Les Paroches;160.7;
55403;Peuvillers;133.6;
55404;Pierrefitte-sur-Aire;191.1;
55405;Pillon;209.5;
55406;Pintheville;157.9;
55407;Pont-sur-Meuse;206.1;
55408;Pouilly-sur-Meuse;127.2;
55409;Pretz-en-Argonne;277.3;
55410;Quincy-Landzécourt;248.8;
55411;Rambluzin-et-Benoite-Vaux;86.1;
55412;Rambucourt;165.5;
55414;Rancourt-sur-Ornain;111.1;
55415;Ranzières;224.7;
55416;Rarécourt;41.9;
55419;Récicourt;233.7;*
55420;Récourt-le-Creux;79.1;
55421;Reffroy;79.3;
55422;Regnéville-sur-Meuse;226.9;
55423;Rembercourt-Sommaisne;139.4;
55424;Remennecourt;297.2;
55425;Remoiville;69.3;
55426;Resson;203.9;
55427;Revigny-sur-Ornain;154.8;
55428;Réville-aux-Bois;188.6;
55429;Riaville;186.4;
55430;Ribeaucourt;219.3;
55431;Richecourt;117;
55433;Rigny-la-Salle;170.4;
55434;Rigny-Saint-Martin;184.4;
55435;Robert-Espagne;171.2;
55436;Les Roises;136.2;
55437;Romagne-sous-les-Côtes;89.4;
55438;Romagne-sous-Montfaucon;113.8;
55439;Ronvaux;44.1;
55442;Raival;183.4;
55443;Rouvres-en-Woëvre;176.6;
55444;Rouvrois-sur-Meuse;75;
55445;Rouvrois-sur-Othain;94.5;
55446;Rumont;78.1;
55447;Rupt-aux-Nonains;175.6;
55448;Rupt-devant-Saint-Mihiel;137.7;
55449;Rupt-en-Woëvre;91.4;
55450;Rupt-sur-Othain;122.2;
55452;Saint-Amand-sur-Ornain;132.4;
55453;Saint-André-en-Barrois;232.3;
55454;Saint-Aubin-sur-Aire;260.1;
55456;Saint-Germain-sur-Meuse;241.5;
55457;Saint-Hilaire-en-Woëvre;101.5;
55458;Saint-Jean-lès-Buzy;339.2;
55459;Saint-Joire;161.2;
55460;Saint-Julien-sous-les-Côtes;1;
55461;Saint-Laurent-sur-Othain;85.4;
55462;Saint-Maurice-sous-les-Côtes;48.7;
55463;Saint-Mihiel;60.2;
55464;Saint-Pierrevillers;174.4;
55465;Saint-Remy-la-Calonne;3.9;
55466;Salmagne;168.8;
55467;Sampigny;16.6;
55468;Samogneux;N/A - division par 0;
55469;Sassey-sur-Meuse;81;
55470;Saudrupt;128.8;
55471;Saulmory-Villefranche;130;*
55472;Saulvaux;246.6;
55473;Saulx-lès-Champlon;244.5;
55474;Sauvigny;120;
55475;Sauvoy;221.7;
55476;Savonnières-devant-Bar;104.9;
55477;Savonnières-en-Perthois;215.1;
55479;Seigneulles;147;
55481;Senon;208.1;
55482;Senoncourt-les-Maujouy;174.8;
55484;Septsarges;145.3;
55485;Sepvigny;115.9;
55487;Seuzey;149.7;
55488;Silmont;N/A - division par 0;
55489;Sivry-la-Perche;135.3;
55490;Sivry-sur-Meuse;130.7;
55492;Sommedieue;76.7;
55493;Sommeilles;110.2;
55494;Sommelonne;323.1;
55495;Sorbey;143.8;
55496;Sorcy-Saint-Martin;256.5;
55497;Les Souhesmes-Rampont;162.2;
55498;Souilly;117.6;
55500;Spincourt;139.3;
55501;Stainville;206.9;
55502;Stenay;133.4;
55503;Taillancourt;119.2;
55504;Tannois;118.2;
55505;Thierville-sur-Meuse;122.1;
55506;Thillombois;147.1;
55507;Thillot;2.6;
55508;Thonne-la-Long;76.8;
55509;Thonne-le-Thil;121.5;
55510;Thonne-les-Près;N/A - division par 0;
55511;Thonnelle;97.9;
55512;Tilly-sur-Meuse;145.7;
55514;Trémont-sur-Saulx;95.2;
55515;Trésauvaux;55.6;*
55516;Tréveray;191.1;
55517;Seuil-d'Argonne;95.9;
55518;Cousances-lès-Triconville;196.9;
55519;Tronville-en-Barrois;165.3;
55520;Troussey;165.8;
55521;Troyon;121.2;
55522;Ugny-sur-Meuse;89.2;
55523;Vacherauville;140.8;
55525;Vadelaincourt;67.4;
55526;Vadonville;N/A - division par 0;
55527;Varennes-en-Argonne;82.1;
55528;Varnéville;155.3;
55530;Valbois;147.2;
55531;Vassincourt;104.4;
55532;Vaubecourt;117.5;
55533;Vaucouleurs;158.7;
55534;Vaudeville-le-Haut;172.4;
55535;Vaudoncourt;N/A - division par 0;
55536;Vauquois;254;
55537;Douaumont-Vaux;N/A - division par 0;
55540;Vaux-lès-Palameix;90.3;
55541;Vavincourt;81.6;
55543;Velaines;74.7;
55544;Velosnes;52.7;
55545;Verdun;121.6;
55546;Verneuil-Grand;69.9;
55547;Verneuil-Petit;91.7;
55549;Véry;123.1;
55551;Vigneulles-lès-Hattonchâtel;100.3;
55552;Vigneul-sous-Montmédy;151.9;
55553;Vignot;0.7;
55554;Villécloye;156.4;
55555;Ville-devant-Belrain;121.2;
55556;Ville-devant-Chaumont;182.1;
55557;Ville-en-Woëvre;204.5;
55559;Villeroy-sur-Méholle;170.8;
55560;Villers-aux-Vents;92.5;
55561;Villers-devant-Dun;126.9;
55562;Villers-le-Sec;118;
55563;Villers-lès-Mangiennes;51.9;
55565;Villers-sous-Pareid;172.4;
55566;Villers-sur-Meuse;102.1;
55567;Ville-sur-Cousances;291.5;
55568;Ville-sur-Saulx;N/A - division par 0;
55569;Villotte-devant-Louppy;68.8;
55570;Villotte-sur-Aire;165.7;
55571;Vilosnes-Haraumont;144.5;
55572;Vittarville;164.7;
55573;Void-Vacon;173.5;
55574;Vouthon-Bas;139.8;
55575;Vouthon-Haut;111.3;
55577;Waly;89.4;*
55578;Warcq;103.8;
55579;Watronville;75.4;
55580;Wavrille;340.8;
55581;Willeroncourt;275.9;
55582;Wiseppe;84.8;
55583;Woël;80.8;
55584;Woimbey;102.4;
55586;Xivray-et-Marvoisin;197.1;
56001;Allaire;76.1;
56002;Ambon;89;
56003;Arradon;61.3;
56004;Arzal;88.6;
56005;Arzon;5.4;
56006;Augan;73.9;
56007;Auray;5.2;
56008;Baden;61.2;
56009;Bangor;116.9;
56010;Baud;58.7;
56011;Béganne;95.6;
56012;Beignon;41.4;
56013;Belz;58.2;
56014;Berné;43.9;
56015;Berric;74.4;
56017;Bignan;46.8;
56018;Billiers;79.3;
56019;Billio;45.4;
56020;Bohal;86.7;
56021;Brandérion;71.4;
56022;Brandivy;45;
56023;Brech;53.2;
56024;Bréhan;81.6;
56025;Brignac;72;
56026;Bubry;60.6;
56027;Buléon;46.9;
56028;Caden;51.7;
56029;Calan;68.2;
56030;Camoël;66.3;
56031;Camors;69.4;
56032;Campénéac;63.4;
56033;Carentoir;61;
56034;Carnac;62.4;
56035;Caro;66.1;
56036;Caudan;61.3;
56039;La Chapelle-Neuve;49.2;
56040;Cléguer;49.8;
56041;Cléguérec;72.7;
56042;Colpo;46.7;
56043;Concoret;88.1;
56044;Cournon;108.2;*
56045;Le Cours;50.8;
56046;Crach;44.6;
56047;Crédin;73.9;
56048;Le Croisty;68.5;
56049;Croixanvec;79.7;
56050;La Croix-Helléan;85.7;
56051;Cruguel;54.3;
56052;Damgan;157;
56053;Elven;65.1;
56054;Erdeven;51;
56055;Étel;13;
56056;Évriguet;154.5;
56057;Le Faouët;59.3;
56058;Férel;67.4;
56060;Les Fougerêts;92.5;
56061;La Gacilly;81.8;
56062;Gâvres;N/A - division par 0;
56063;Gestel;63;
56065;Gourhel;77.7;
56066;Gourin;70.4;
56067;Grand-Champ;58.7;
56068;La Grée-Saint-Laurent;59.2;
56069;Groix;32.1;
56070;Guégon;62.1;
56071;Guéhenno;50.8;
56072;Gueltas;72.2;
56073;Guémené-sur-Scorff;N/A - division par 0;
56074;Guénin;51.8;
56075;Guer;73.6;
56076;Guern;65.6;
56077;Le Guerno;52.4;
56078;Guidel;71.7;
56079;Guillac;50.5;
56080;Guilliers;92.6;
56081;Guiscriff;83.3;
56082;Helléan;40.9;
56083;Hennebont;50.8;
56084;Le Hézo;67.3;
56085;Hœdic;0;
56086;Île-d'Houat;N/A - division par 0;
56087;Île-aux-Moines;0;
56088;Île-d'Arz;62.4;
56089;Inguiniel;57.3;
56090;Inzinzac-Lochrist;47.2;
56091;Josselin;47.6;
56092;Kerfourn;87.8;
56093;Kergrist;78;
56094;Kervignac;55.3;
56096;Landaul;67.8;
56097;Landévant;45;
56098;Lanester;82.5;
56099;Langoëlan;71.5;
56100;Langonnet;70.8;
56101;Languidic;51.1;
56102;Forges de Lanouée;63;
56103;Lantillac;70.3;
56104;Lanvaudan;52.7;
56105;Lanvénégen;68.1;
56106;Larmor-Baden;8.7;
56107;Larmor-Plage;N/A - division par 0;
56108;Larré;48.7;
56109;Lauzach;90.2;
56110;Lignol;71.4;
56111;Limerzel;50;
56112;Lizio;71.2;
56113;Locmalo;102.2;
56114;Locmaria;113.2;
56115;Locmaria-Grand-Champ;49.6;
56116;Locmariaquer;31.3;
56117;Locminé;33.1;
56118;Locmiquélic;32.8;
56119;Locoal-Mendon;55.8;
56120;Locqueltas;46.3;
56121;Lorient;N/A - division par 0;
56122;Loyat;94.1;
56123;Malansac;56.5;
56124;Malestroit;55.8;
56125;Malguénac;63.7;
56126;Marzan;82.2;
56127;Mauron;71.3;
56128;Melrand;61.5;
56129;Ménéac;70.3;
56130;Merlevenez;75;
56131;Meslan;54.3;
56132;Meucon;25.6;
56133;Missiriac;56.3;
56134;Mohon;85.9;
56135;Molac;43.6;
56136;Monteneuf;64.2;
56137;Monterblanc;31.2;
56139;Montertelot;113.2;
56140;Moréac;56.1;
56141;Moustoir-Ac;51;
56143;Muzillac;56.2;
56144;Évellys;67.4;
56145;Néant-sur-Yvel;89.3;
56146;Neulliac;74.5;
56147;Nivillac;72.6;
56148;Nostang;39.9;
56149;Noyal-Muzillac;70.9;
56151;Noyal-Pontivy;79.6;
56152;Le Palais;65.6;
56153;Péaule;66.9;
56154;Peillac;61.1;
56155;Pénestin;32.7;
56156;Persquen;75.1;
56157;Plaudren;51.6;
56158;Plescop;77.1;
56159;Pleucadeuc;71.4;
56160;Pleugriffet;60.2;
56161;Ploemel;37;
56162;Ploemeur;79.8;
56163;Ploërdut;64.8;
56164;Ploeren;74.1;
56165;Ploërmel;69.1;
56166;Plouay;63.8;
56167;Plougoumelen;65.7;
56168;Plouharnel;37.8;
56169;Plouhinec;46.1;
56170;Plouray;76.1;
56171;Pluherlin;70;
56172;Plumelec;58.4;
56173;Pluméliau-Bieuzy;60.7;
56174;Plumelin;58;
56175;Plumergat;68.8;
56176;Pluneret;58.9;
56177;Pluvigner;51.2;
56178;Pontivy;44.4;
56179;Pont-Scorff;89.3;
56180;Porcaro;68.2;
56181;Port-Louis;N/A - division par 0;
56182;Priziac;48.7;
56184;Questembert;50.8;
56185;Quéven;59.8;
56186;Quiberon;6.5;
56188;Quistinic;52.9;
56189;Radenac;60.7;
56190;Réguiny;69.7;
56191;Réminiac;59.2;
56193;Riantec;107.8;
56194;Rieux;116.2;
56195;La Roche-Bernard;0;
56196;Rochefort-en-Terre;N/A - division par 0;
56197;Val d'Oust;59.9;
56198;Rohan;75.1;
56199;Roudouallec;82.7;
56200;Ruffiac;59.3;
56201;Le Saint;49.3;
56202;Saint-Abraham;96.6;
56203;Saint-Aignan;57;
56204;Saint-Allouestre;43;
56205;Saint-Armel;89.4;
56206;Saint-Avé;71.4;
56207;Saint-Barthélemy;50.7;
56208;Saint-Brieuc-de-Mauron;77.9;
56209;Sainte-Brigitte;33.5;
56210;Saint-Caradec-Trégomel;74.4;
56211;Saint-Congard;97.4;
56212;Saint-Dolay;94.2;
56213;Saint-Gérand;63;
56214;Saint-Gildas-de-Rhuys;12.6;
56215;Saint-Gonnery;61.3;
56216;Saint-Gorgon;41;
56218;Saint-Gravé;75.2;
56219;Saint-Guyomard;41.1;
56220;Sainte-Hélène;49.5;
56221;Saint-Jacut-les-Pins;70.4;
56222;Saint-Jean-Brévelay;44;
56223;Saint-Jean-la-Poterie;24.9;
56224;Saint-Laurent-sur-Oust;30;
56225;Saint-Léry;28.4;
56226;Saint-Malo-de-Beignon;140;
56227;Saint-Malo-des-Trois-Fontaines;79.8;*
56228;Saint-Marcel;46.1;
56229;Saint-Martin-sur-Oust;76.5;
56230;Saint-Nicolas-du-Tertre;68.1;
56231;Saint-Nolff;45.7;
56232;Saint-Perreux;18.1;
56233;Saint-Philibert;72.2;
56234;Saint-Pierre-Quiberon;5;
56236;Saint-Servant;55.1;
56237;Saint-Thuriau;74.2;
56238;Saint-Tugdual;76.4;
56239;Saint-Vincent-sur-Oust;100.2;
56240;Sarzeau;62.3;
56241;Sauzon;73.2;
56242;Séglien;93.1;
56243;Séné;40.4;
56244;Sérent;44.3;
56245;Silfiac;61.5;
56246;Le Sourn;82.2;
56247;Sulniac;55.3;
56248;Surzur;84.6;
56249;Taupont;73.6;
56250;Théhillac;96.5;
56251;Theix-Noyalo;74.4;
56252;Le Tour-du-Parc;38.2;
56253;Tréal;58.9;
56254;Trédion;30.9;
56255;Treffléan;80.2;
56256;Tréhorenteuc;25.1;
56257;La Trinité-Porhoët;56.1;
56258;La Trinité-sur-Mer;4.3;
56259;La Trinité-Surzur;N/A - division par 0;
56260;Vannes;59.9;
56261;La Vraie-Croix;78.5;
56262;Bono;11.7;
56263;Sainte-Anne-d'Auray;94.2;*
56264;Kernascléden;43.5;
57001;Aboncourt;205.9;
57002;Aboncourt-sur-Seille;17.3;
57003;Abreschviller;72.7;
57004;Achain;217;
57006;Achen;70.3;
57007;Adaincourt;52.4;
57008;Adelange;145.8;
57009;Ajoncourt;270.3;
57010;Alaincourt-la-Côte;133.8;
57011;Albestroff;101.7;
57012;Algrange;413.5;
57013;Alsting;123.9;
57014;Altrippe;175.1;
57015;Altviller;89.8;
57016;Alzing;N/A - division par 0;
57017;Amanvillers;288.9;
57018;Amelécourt;248.9;
57019;Amnéville;N/A - division par 0;
57020;Ancerville;N/A - division par 0;
57021;Ancy-Dornot;18.9;
57022;Angevillers;73.1;
57024;Antilly;282.2;
57025;Anzeling;52.8;
57026;Apach;9.2;
57027;Arraincourt;121.1;
57028;Argancy;129.4;
57029;Arriance;248.9;
57030;Arry;148.8;
57031;Ars-Laquenexy;424.5;
57032;Ars-sur-Moselle;32.7;
57033;Arzviller;120;
57034;Aspach;122;
57035;Assenoncourt;122.8;
57036;Attilloncourt;229;
57037;Aube;68.5;
57038;Audun-le-Tiche;214.3;
57039;Augny;172.7;
57040;Aulnois-sur-Seille;131.2;
57041;Aumetz;181.4;
57042;Avricourt;141.8;
57043;Ay-sur-Moselle;187.5;
57044;Azoudange;128.9;
57045;Bacourt;107.6;
57046;Baerenthal;28;
57047;Bambiderstroff;8.5;
57048;Bannay;196.6;
57049;Le Ban-Saint-Martin;3;
57050;Barchain;61.2;
57051;Baronville;148.1;
57052;Barst;114.7;
57053;Bassing;395;
57054;Baudrecourt;122.8;
57055;Bazoncourt;149.1;
57056;Bébing;134.2;
57057;Béchy;162.4;
57058;Behren-lès-Forbach;49.4;
57059;Bellange;144;
57060;Bénestroff;131.9;
57061;Béning-lès-Saint-Avold;9.2;
57062;Berg-sur-Moselle;108.6;
57063;Bérig-Vintrange;117.2;
57064;Berling;230.3;
57065;Bermering;211.6;
57066;Berthelming;72.4;
57067;Bertrange;190.9;
57069;Berviller-en-Moselle;104.5;
57070;Bettange;340.3;
57071;Bettborn;248;
57072;Bettelainville;99.1;
57073;Betting;133.5;
57074;Bettviller;68;*
57075;Beux;222.6;
57076;Beyren-lès-Sierck;50.3;
57077;Bezange-la-Petite;78.4;
57079;Bibiche;87.5;
57080;Bickenholtz;141.7;
57081;Bidestroff;208.4;
57082;Biding;57.9;
57083;Bining;81.8;
57084;Bioncourt;124.6;
57085;Bionville-sur-Nied;131.7;
57086;Belles-Forêts;113.6;
57087;Bisten-en-Lorraine;84.2;
57088;Bistroff;128.9;
57089;Bitche;129.6;
57090;Blanche-Église;129.7;
57091;Bliesbruck;89.7;
57092;Blies-Ébersing;87.6;
57093;Blies-Guersviller;87.5;
57095;Boucheporn;233.2;
57096;Boulange;208.7;
57097;Boulay-Moselle;118.8;*
57098;Bourgaltroff;140.8;
57099;Bourdonnay;131.4;
57100;Bourscheid;77.5;
57101;Bousbach;149.5;
57102;Bousse;148.1;
57103;Bousseviller;N/A - division par 0;
57104;Boust;32.8;
57105;Boustroff;132.1;
57106;Bouzonville;40.3;
57107;Bréhain;157.4;
57108;Breidenbach;117.5;
57109;Breistroff-la-Grande;84.5;
57110;Brettnach;82.7;
57111;Bronvaux;N/A - division par 0;
57112;Brouck;161.3;
57113;Brouderdorff;95.8;
57114;Brouviller;130.5;
57115;Brulange;63.5;
57116;Buchy;107.5;
57117;Buding;46.4;
57118;Budling;53.7;
57119;Buhl-Lorraine;66.8;
57120;Burlioncourt;155.4;
57121;Burtoncourt;262.5;
57122;Cappel;100.1;
57123;Carling;N/A - division par 0;
57124;Cattenom;114.6;
57125;Chailly-lès-Ennery;251.6;
57126;Chambrey;223.6;
57127;Chanville;134.4;
57128;Charleville-sous-Bois;204.3;
57129;Charly-Oradour;131.3;
57130;Château-Bréhain;102.5;
57131;Château-Rouge;N/A - division par 0;
57132;Château-Salins;183.8;
57133;Château-Voué;229.3;
57134;Châtel-Saint-Germain;40.4;
57136;Chémery-les-Deux;62.9;
57137;Cheminot;89.9;
57138;Chenois;N/A - division par 0;
57139;Chérisey;129.3;
57140;Chesny;10;
57141;Chicourt;103.8;
57142;Chieulles;148.1;
57143;Clouange;N/A - division par 0;
57144;Cocheren;52.5;
57145;Coincy;176.1;
57146;Coin-lès-Cuvry;120.9;
57147;Coin-sur-Seille;133.1;
57148;Colligny-Maizery;155.3;
57149;Colmen;112.6;
57150;Condé-Northen;74.2;
57151;Conthil;221.3;
57152;Contz-les-Bains;5.1;
57153;Corny-sur-Moselle;47.8;
57154;Coume;104.8;
57155;Courcelles-Chaussy;191.3;
57156;Courcelles-sur-Nied;148.9;
57158;Craincourt;92.4;
57159;Créhange;194.2;
57160;Creutzwald;54.7;
57161;Cutting;179;
57162;Cuvry;82.4;
57163;Dabo;0;
57165;Dalem;71.8;
57166;Dalhain;51.8;
57167;Dalstein;0.3;
57168;Danne-et-Quatre-Vents;N/A - division par 0;
57169;Dannelbourg;94.1;
57171;Delme;245.9;
57172;Denting;165.8;
57173;Desseling;282.8;
57174;Destry;177.1;
57175;Diane-Capelle;69.9;
57176;Diebling;100.3;
57177;Dieuze;0.2;
57178;Diffembach-lès-Hellimer;105.9;
57179;Distroff;164.5;
57180;Dolving;117.8;
57181;Domnom-lès-Dieuze;275.7;
57182;Donjeux;106.3;
57183;Donnelay;166.3;
57186;Ébersviller;66.5;
57187;Éblange;96;
57188;Éguelshardt;37.7;
57189;Eincheville;74;*
57190;Elvange;113.1;
57191;Elzange;85.1;
57192;Enchenberg;17.1;
57193;Ennery;143.5;
57194;Entrange;95.1;
57195;Epping;137.5;
57196;Erching;76.6;
57197;Ernestviller;32.9;
57198;Erstroff;48.2;
57199;Escherange;83.1;*
57200;Les Étangs;122.5;
57201;Etting;76.4;
57202;Etzling;16.6;
57203;Évrange;31.1;
57204;Failly;124.4;
57205;Falck;32.8;
57206;Fameck;4.2;
57207;Farébersviller;515.9;
57208;Farschviller;335.9;
57209;Faulquemont;119.7;
57210;Fénétrange;65.7;
57211;Fèves;N/A - division par 0;
57212;Féy;122.5;
57213;Filstroff;104.9;
57214;Fixem;72.6;
57215;Flastroff;74.3;
57216;Fleisheim;110.2;
57217;Flétrange;305.6;
57218;Fleury;209.4;
57219;Flévy;144.6;
57220;Flocourt;143;
57221;Florange;0;
57222;Folkling;100.2;
57224;Folschviller;89.6;
57225;Fonteny;92.4;
57226;Fontoy;119.9;
57227;Forbach;N/A - division par 0;
57228;Fossieux;161.3;
57229;Foulcrey;154.5;
57230;Fouligny;101;
57231;Foville;273.2;
57232;Francaltroff;129.1;
57233;Fraquelfing;104.3;
57234;Frauenberg;N/A - division par 0;
57235;Freistroff;166.5;
57236;Frémery;59.2;
57237;Frémestroff;107.4;
57238;Fresnes-en-Saulnois;157.7;
57239;Freybouse;49.8;
57240;Freyming-Merlebach;N/A - division par 0;
57241;Fribourg;145.5;
57242;Gandrange;N/A - division par 0;
57244;Garrebourg;16.5;
57245;Gavisse;172.1;
57246;Gelucourt;172.6;
57247;Gerbécourt;46.6;
57248;Givrycourt;75.8;
57249;Glatigny;N/A - division par 0;
57250;Goetzenbruck;3.8;
57251;Goin;164.9;
57252;Gomelange;157.9;
57253;Gondrexange;111.1;
57254;Gorze;105.4;
57255;Gosselming;170.7;
57256;Gravelotte;172;
57257;Grémecey;126.9;
57258;Gréning;63.8;
57259;Grindorff-Bizing;58.1;
57260;Grosbliederstroff;4.1;
57261;Gros-Réderching;185.9;
57262;Grostenquin;173.2;
57263;Grundviller;29.9;
57264;Guebenhouse;162.4;
57265;Guébestroff;102.6;
57266;Guéblange-lès-Dieuze;175.9;
57267;Le Val-de-Guéblange;118.7;
57268;Guébling;205.2;
57269;Guénange;N/A - division par 0;
57270;Val-de-Bride;290.1;
57271;Guenviller;90.9;
57272;Guermange;179.1;
57273;Guerstling;77.3;
57274;Guerting;237.1;
57275;Guessling-Hémering;55.4;
57276;Guinglange;101.2;
57277;Guinkirchen;61.5;
57278;Guinzeling;122.4;*
57280;Guntzviller;131;
57281;Haboudange;92.2;
57282;Hagen;94.9;
57283;Hagondange;1.6;
57284;Hallering;33.5;
57286;Halstroff;96;
57287;Basse-Ham;69.5;
57288;Ham-sous-Varsberg;36;
57289;Hambach;126.8;
57290;Hampont;123.4;
57291;Hangviller;85.1;
57292;Hannocourt;116.7;
57293;Han-sur-Nied;N/A - division par 0;
57294;Hanviller;N/A - division par 0;
57295;Haraucourt-sur-Seille;179.3;
57296;Hargarten-aux-Mines;N/A - division par 0;
57297;Harprich;102.7;
57298;Harreberg;118.5;
57299;Hartzviller;21.8;
57300;Haselbourg;N/A - division par 0;
57301;Haspelschiedt;79.9;*
57302;Hattigny;97.4;
57303;Hauconcourt;160.4;
57304;Haut-Clocher;129.8;
57305;Havange;57.3;
57306;Hayange;N/A - division par 0;
57307;Hayes;451.7;
57308;Hazembourg;181.7;
57309;Heining-lès-Bouzonville;79.6;
57310;Hellering-lès-Fénétrange;106.6;
57311;Hellimer;105.8;
57312;Helstroff;165.6;
57313;Hémilly;109.7;
57314;Héming;22.3;
57315;Henridorff;190.6;
57316;Henriville;153.1;
57317;Hérange;119.4;
57318;Hermelange;13.7;
57319;Herny;91.4;
57320;Hertzing;70.3;
57321;Hesse;107.1;
57322;Hestroff;N/A - division par 0;
57323;Hettange-Grande;4.2;
57324;Hilbesheim;74;
57325;Hilsprich;101.3;
57326;Hinckange;54.5;
57328;Holacourt;267.3;
57329;Holling;100.5;
57330;Holving;37.5;
57331;Hombourg-Budange;73.8;
57332;Hombourg-Haut;N/A - division par 0;
57333;Hommarting;165.8;
57334;Hommert;N/A - division par 0;
57335;Honskirch;64.2;
57336;L'Hôpital;N/A - division par 0;
57337;Hoste;92.9;
57338;Hottviller;186.2;
57339;Hultehouse;N/A - division par 0;
57340;Hundling;95.3;
57341;Hunting;103.5;
57342;Ibigny;25.3;
57343;Illange;135.4;
57344;Imling;151.2;
57345;Inglange;66.6;
57346;Insming;124.7;
57347;Insviller;161.9;
57348;Ippling;102.4;
57349;Jallaucourt;263.3;
57350;Jouy-aux-Arches;N/A - division par 0;
57351;Jury;N/A - division par 0;
57352;Jussy;95.7;
57353;Juvelize;195.8;
57354;Juville;72.8;
57355;Kalhausen;91;
57356;Kanfen;152.7;*
57357;Kappelkinger;50;
57358;Kédange-sur-Canner;N/A - division par 0;
57359;Kemplich;28;
57360;Kerbach;N/A - division par 0;
57361;Kerling-lès-Sierck;74.4;
57362;Kerprich-aux-Bois;214.2;
57364;Kirsch-lès-Sierck;90.7;
57365;Kirschnaumen;184;
57366;Kirviller;109.9;
57367;Klang;N/A - division par 0;
57368;Knutange;N/A - division par 0;
57370;Kœnigsmacker;58.7;
57371;Haute-Kontz;28.5;
57372;Kuntzig;141.6;
57373;Lachambre;525.2;
57374;Lafrimbolle;18.4;
57375;Lagarde;123.8;
57376;Lambach;N/A - division par 0;
57377;Landange;163.1;
57379;Landroff;190.1;
57380;Laneuveville-lès-Lorquin;48.7;
57381;Laneuveville-en-Saulnois;163;
57382;Langatte;139.9;
57383;Languimberg;144.4;
57384;Laning;104.4;
57385;Laquenexy;161.5;
57386;Laudrefang;72.9;
57387;Laumesfeld;80.9;
57388;Launstroff;56.5;
57389;Lelling;132.6;
57390;Lemberg;17;
57391;Lemoncourt;129.4;
57392;Lemud;251.2;
57393;Lengelsheim;5.5;
57394;Léning;104.7;
57395;Lesse;319.4;
57396;Lessy;0;
57397;Ley;76.1;
57398;Leyviller;29.8;
57399;Lezey;101.4;
57401;Lidrezing;201.1;
57402;Liederschiedt;53;
57403;Liéhon;204.9;
57404;Lindre-Basse;88.7;
57405;Lindre-Haute;134.9;
57406;Liocourt;317.3;
57407;Lixheim;102.5;
57408;Lixing-lès-Rouhling;196.4;
57409;Lixing-lès-Saint-Avold;51.1;
57410;Lhor;96.2;
57411;Lommerange;67.7;
57412;Longeville-lès-Metz;N/A - division par 0;
57413;Longeville-lès-Saint-Avold;48.9;
57414;Lorquin;94.6;
57415;Lorry-lès-Metz;29.4;
57416;Lorry-Mardigny;91.6;
57417;Lostroff;132.4;
57418;Loudrefing;79.6;*
57419;Loupershouse;136.9;*
57421;Loutzviller;117;
57422;Louvigny;115.6;
57423;Lubécourt;56;
57424;Lucy;267.6;
57425;Luppy;192.1;
57426;Luttange;116.1;
57427;Lutzelbourg;N/A - division par 0;
57428;Macheren;114.8;
57430;Mainvillers;236.6;*
57431;Maizeroy;141.6;
57433;Maizières-lès-Metz;0.6;
57434;Maizières-lès-Vic;155.5;
57436;Malaucourt-sur-Seille;118.4;
57437;Malling;32.8;
57438;Malroy;137.5;
57439;Manderen-Ritzing;97.7;
57440;Manhoué;55.6;
57441;Manom;151;
57442;Many;174;
57443;Marange-Silvange;33.2;
57444;Marange-Zondrange;198.1;
57445;Marieulles;62.3;
57446;Marimont-lès-Bénestroff;71;
57447;Marly;33.5;
57448;Marsal;173.5;
57449;Marsilly;106.6;
57451;Marthille;170;
57452;La Maxe;101.3;
57453;Maxstadt;93.8;
57454;Mécleuves;155.3;
57455;Mégange;58.4;
57456;Meisenthal;11;
57457;Menskirch;115.1;
57459;Merschweiller;76.9;
57460;Merten;12.6;
57461;Métairies-Saint-Quirin;16.5;
57462;Metting;56.6;
57463;Metz;63.1;
57464;Metzeresche;73.4;
57465;Metzervisse;78;
57466;Metzing;85.8;
57467;Mey;N/A - division par 0;
57468;Mittelbronn;95;
57469;Mittersheim;89.3;
57470;Molring;168.7;
57471;Momerstroff;106.7;
57472;Moncheux;130.2;
57473;Moncourt;110.7;
57474;Mondelange;0.1;
57475;Mondorff;25;*
57476;Monneren;80.8;
57477;Montbronn;60;
57478;Montdidier;N/A - division par 0;
57479;Montenach;125.2;
57480;Montigny-lès-Metz;23.9;
57481;Montois-la-Montagne;161.5;
57482;Ogy-Montoy-Flanville;158.5;
57483;Morhange;184.4;
57484;Morsbach;68.4;
57485;Morville-lès-Vic;197.6;
57486;Morville-sur-Nied;191.3;
57487;Moulins-lès-Metz;0.1;
57488;Moussey;105.6;
57489;Mouterhouse;N/A - division par 0;
57490;Moyenvic;278.8;
57491;Moyeuvre-Grande;0.4;
57492;Moyeuvre-Petite;N/A - division par 0;
57493;Mulcey;128.9;
57494;Munster;118.8;
57495;Narbéfontaine;107.6;
57496;Nébing;150.3;
57497;Nelling;83.9;
57498;Neufchef;164.2;
57499;Neufgrange;119.3;
57500;Neufmoulins;91.9;
57501;Neufvillage;182.9;
57502;Neunkirchen-lès-Bouzonville;76.6;
57504;Niderhoff;70.4;
57505;Niderviller;49;
57506;Niederstinzel;99.9;
57507;Niedervisse;78.7;
57508;Nilvange;N/A - division par 0;
57509;Nitting;95.7;
57510;Noisseville;134.9;
57511;Norroy-le-Veneur;15.9;
57512;Nouilly;130.6;
57513;Nousseviller-lès-Bitche;95.8;
57514;Nousseviller-Saint-Nabor;99.7;*
57515;Novéant-sur-Moselle;72.5;*
57516;Oberdorff;108.2;
57517;Obergailbach;99.9;
57518;Oberstinzel;140.2;
57519;Obervisse;137.6;
57520;Obreck;208.4;
57521;Œting;1.4;*
57524;Ommeray;89.6;
57525;Oriocourt;121;
57526;Ormersviller;26.4;
57527;Orny;140.3;
57528;Oron;91.5;
57529;Ottange;146.9;
57530;Ottonville;96.5;
57531;Oudrenne;81.5;
57532;Pagny-lès-Goin;102.2;
57533;Pange;151.9;
57534;Peltre;158.7;
57535;Petit-Réderching;103.9;
57536;Petit-Tenquin;121.8;
57537;Petite-Rosselle;4.4;
57538;Pettoncourt;157.2;
57539;Pévange;265.6;
57540;Phalsbourg;86.1;
57541;Philippsbourg;2;
57542;Piblange;93;
57543;Pierrevillers;27.1;
57544;Plaine-de-Walsch;44.5;
57545;Plappeville;N/A - division par 0;
57546;Plesnois;66.4;
57547;Pommérieux;87.8;
57548;Pontoy;108.5;*
57549;Pontpierre;164.9;
57550;Porcelette;6.6;
57551;Postroff;97.7;
57552;Pouilly;196.6;
57553;Pournoy-la-Chétive;1.5;
57554;Pournoy-la-Grasse;181.3;
57555;Prévocourt;75.3;
57556;Puttelange-aux-Lacs;89.6;
57557;Puttelange-lès-Thionville;51.3;
57558;Puttigny;189.8;
57559;Puzieux;153.3;
57560;Racrange;128.1;
57561;Rahling;90.9;
57562;Ranguevaux;160.1;
57563;Raville;161.3;
57564;Réchicourt-le-Château;175.6;
57565;Rédange;107.4;
57566;Réding;125.2;
57567;Rémelfang;86.4;
57568;Rémelfing;N/A - division par 0;
57569;Rémeling;88.2;
57570;Rémering;4.7;
57571;Rémering-lès-Puttelange;128.1;
57572;Rémilly;159.8;
57573;Réning;114.1;
57574;Basse-Rentgen;96.6;*
57575;Retonfey;146.6;
57576;Rettel;97.5;
57577;Reyersviller;69.8;
57578;Rezonville-Vionville;170.6;
57579;Rhodes;64.6;
57580;Riche;213.1;
57581;Richeling;75.5;
57582;Richemont;294.3;
57583;Richeval;162.7;
57584;Rimling;229.4;
57586;Rochonvillers;142.1;
57587;Rodalbe;141.5;
57588;Rodemack;72.2;*
57589;Rohrbach-lès-Bitche;22.2;
57590;Rolbing;55.6;
57591;Rombas;4.5;
57592;Romelfing;112.1;
57593;Roncourt;578.5;
57594;Roppeviller;244.7;
57595;Rorbach-lès-Dieuze;121;*
57596;Rosbruck;N/A - division par 0;
57597;Rosselange;N/A - division par 0;
57598;Rouhling;44.8;
57599;Roupeldange;117.9;
57600;Roussy-le-Village;114.6;
57601;Rozérieulles;N/A - division par 0;
57602;Rurange-lès-Thionville;178.4;
57603;Russange;12.5;
57604;Rustroff;N/A - division par 0;
57605;Sailly-Achâtel;157.9;*
57606;Saint-Avold;65;
57607;Sainte-Barbe;95.7;
57609;Saint-Epvre;33.1;
57610;Saint-François-Lacroix;3.8;*
57611;Saint-Georges;150.3;
57612;Saint-Hubert;N/A - division par 0;
57613;Saint-Jean-de-Bassel;136;
57614;Saint-Jean-Kourtzerode;214.6;*
57615;Saint-Jean-Rohrbach;48.6;
57616;Saint-Julien-lès-Metz;N/A - division par 0;
57617;Saint-Jure;166.3;
57618;Saint-Louis;21.2;
57619;Saint-Louis-lès-Bitche;6.2;
57620;Sainte-Marie-aux-Chênes;88.2;
57621;Saint-Médard;97.5;
57622;Saint-Privat-la-Montagne;179.8;
57623;Saint-Quirin;36.4;
57624;Sainte-Ruffine;N/A - division par 0;
57625;Salonnes;205.2;
57626;Sanry-lès-Vigy;107.4;
57627;Sanry-sur-Nied;N/A - division par 0;
57628;Sarralbe;114.7;
57629;Sarraltroff;66.6;
57630;Sarrebourg;42.6;
57631;Sarreguemines;66.6;
57633;Sarreinsming;9.8;
57634;Saulny;30.6;
57635;Schalbach;155;
57636;Schmittviller;63.5;
57637;Schneckenbusch;273.1;
57638;Schœneck;N/A - division par 0;
57639;Schorbach;29.1;
57640;Schwerdorff;70.2;
57641;Schweyen;37.1;
57642;Scy-Chazelles;16.5;
57643;Secourt;139;
57644;Seingbouse;317.6;
57645;Semécourt;80.5;
57647;Serémange-Erzange;N/A - division par 0;
57648;Servigny-lès-Raville;141.6;
57649;Servigny-lès-Sainte-Barbe;163.7;
57650;Sierck-les-Bains;3;
57651;Siersthal;9;
57652;Sillegny;179.5;
57653;Silly-en-Saulnois;101.7;
57654;Silly-sur-Nied;64.7;
57655;Solgne;118.8;
57656;Sorbey;143.9;
57657;Sotzeling;86.6;
57658;Soucht;59.9;
57659;Spicheren;41.1;
57660;Stiring-Wendel;1;
57661;Sturzelbronn;4.6;
57662;Suisse;92.9;
57663;Talange;N/A - division par 0;
57664;Tarquimpol;140.3;
57665;Tenteling;157;
57666;Terville;N/A - division par 0;
57667;Téterchen;119.2;
57668;Teting-sur-Nied;256.9;
57669;Théding;28.6;
57670;Thicourt;200.6;
57671;Thimonville;55.7;
57672;Thionville;79.5;
57673;Thonville;16.8;
57674;Tincry;59.1;
57675;Torcheville;118.6;
57676;Tragny;149;
57677;Trémery;343.9;
57678;Tressange;255.2;
57679;Tritteling-Redlach;116;
57680;Troisfontaines;91.3;
57681;Tromborn;95.4;
57682;Turquestein-Blancrupt;6.3;
57683;Uckange;44;*
57684;Vahl-Ebersing;105.2;
57685;Vahl-lès-Bénestroff;161.3;
57686;Vahl-lès-Faulquemont;73.1;
57687;Vallerange;80.3;
57689;Valmestroff;164.3;
57690;Valmont;38.1;
57691;Valmunster;126.7;
57692;Vannecourt;158.2;
57693;Vantoux;N/A - division par 0;
57694;Vany;160;
57695;Varize-Vaudoncourt;95.7;
57696;Varsberg;N/A - division par 0;
57697;Vasperviller;4;
57698;Vatimont;40.2;
57700;Vaudreching;63.3;
57701;Vaux;N/A - division par 0;
57702;Vaxy;45.2;
57703;Veckersviller;75.8;
57704;Veckring;12.6;
57705;Velving;63;
57706;Vergaville;202.1;
57707;Vernéville;240;
57708;Verny;121.6;
57709;Vescheim;178.5;
57711;Vibersviller;105.4;
57712;Vic-sur-Seille;250.8;
57713;Vieux-Lixheim;115.6;
57714;Haute-Vigneulles;66;
57715;Vigny;146.1;
57716;Vigy;122.4;
57717;Viller;73.3;
57718;Villers-Stoncourt;80.9;
57719;Villers-sur-Nied;259.8;
57720;Villing;92;
57721;Vilsberg;19.4;
57723;Virming;127.8;
57724;Vitry-sur-Orne;8;
57725;Vittersbourg;169.4;
57726;Vittoncourt;133.1;
57727;Viviers;119.6;
57728;Voimhaut;98.1;
57730;Volmerange-lès-Boulay;145;
57731;Volmerange-les-Mines;79.5;
57732;Volmunster;139.7;
57733;Volstroff;99.2;*
57734;Voyer;104.2;
57736;Vry;118.3;
57737;Vulmont;226.4;
57738;Waldhouse;125.8;
57739;Waldweistroff;7.4;
57740;Waldwisse;78.5;
57741;Walschbronn;106.8;
57742;Walscheid;16.7;
57743;Waltembourg;3;
57745;Wiesviller;95.6;
57746;Willerwald;56.1;
57747;Wintersbourg;66.2;
57748;Wittring;120.3;
57749;Vœlfling-lès-Bouzonville;216.3;
57750;Wœlfling-lès-Sarreguemines;83.2;
57751;Woippy;4.6;
57752;Woustviller;100.3;
57753;Wuisse;177;
57754;Xanrey;167.4;
57755;Xocourt;N/A - division par 0;
57756;Xouaxange;N/A - division par 0;
57757;Yutz;1.9;
57759;Zarbeling;61.3;
57760;Zetting;7;
57761;Zilling;122.3;
57762;Zimming;86.4;
57763;Zommange;248.7;
57764;Zoufftgen;81.3;
57765;Diesen;66.1;
57767;Stuckange;38.6;
58001;Achun;252;
58002;Alligny-Cosne;124.1;
58003;Alligny-en-Morvan;65.9;
58004;Alluy;164.7;
58005;Amazy;221.5;
58006;Anlezy;192.6;
58007;Annay;166.1;
58008;Anthien;134.5;
58009;Arbourse;122;
58010;Arleuf;100.2;
58011;Armes;177.8;
58012;Arquian;77.3;
58013;Arthel;148.3;
58014;Arzembouy;127.5;
58015;Asnan;20.7;
58016;Asnois;74.5;
58017;Aunay-en-Bazois;235.3;
58018;Authiou;155;
58019;Avrée;131.5;
58020;Avril-sur-Loire;245.5;
58021;Azy-le-Vif;72.4;
58023;Bazoches;182.7;
58024;Bazolles;188.4;
58025;Béard;99.3;
58026;Beaulieu;158;
58027;Beaumont-la-Ferrière;71;
58028;Beaumont-Sardolles;212.3;
58029;Beuvron;174.7;
58030;Biches;127.6;
58031;Billy-Chevannes;150.5;
58032;Billy-sur-Oisy;152.6;
58033;Bitry;185.5;
58034;Blismes;136.9;
58035;Bona;187.8;
58036;Bouhy;209.1;
58037;Brassy;93;
58038;Breugnon;229.2;
58039;Brèves;229.7;
58040;Brinay;131.6;
58041;Brinon-sur-Beuvron;155.5;
58042;Bulcy;179;
58043;Bussy-la-Pesle;204.3;
58044;La Celle-sur-Loire;156.8;
58045;La Celle-sur-Nièvre;185.9;
58046;Cercy-la-Tour;123.6;
58047;Cervon;95;
58048;Cessy-les-Bois;89.4;
58049;Chalaux;239;
58050;Challement;N/A - division par 0;
58051;Challuy;192.4;
58052;Champallement;121.6;
58053;Champlemy;311.4;
58054;Champlin;189.2;
58055;Champvert;187.4;
58056;Champvoux;132;
58057;Chantenay-Saint-Imbert;108.6;
58058;La Chapelle-Saint-André;134.5;
58059;La Charité-sur-Loire;149.8;
58060;Charrin;170.3;
58061;Chasnay;145.4;
58062;Château-Chinon (Ville);36.8;
58063;Château-Chinon (Campagne);104.2;
58064;Châteauneuf-Val-de-Bargis;162.7;
58065;Châtillon-en-Bazois;236.7;
58066;Châtin;85.7;
58067;Chaulgnes;51.4;
58068;Chaumard;6.5;
58069;Chaumot;124.6;
58070;Chazeuil;131;
58071;Chevannes-Changy;239.5;
58072;Chevenon;137.8;
58073;Chevroches;59.4;
58074;Chiddes;136.4;
58075;Chitry-les-Mines;316.6;
58076;Chougny;254.1;
58077;Ciez;162.8;
58078;Cizely;168.6;
58079;Clamecy;175.3;
58080;La Collancelle;143.2;
58081;Colméry;347.2;
58082;Corancy;110.3;
58083;Corbigny;105.9;
58084;Corvol-d'Embernard;181.4;
58085;Corvol-l'Orgueilleux;240.7;
58086;Cosne-Cours-sur-Loire;108.4;
58087;Cossaye;105.4;
58088;Coulanges-lès-Nevers;84.2;
58089;Couloutre;180;
58090;Courcelles;203.4;
58092;Crux-la-Ville;92.8;
58093;Cuncy-lès-Varzy;186.6;
58094;Dampierre-sous-Bouhy;108.2;
58095;Decize;163.9;
58096;Devay;141.5;
58097;Diennes-Aubigny;203.6;
58098;Dirol;41.7;*
58099;Dommartin;155.7;
58101;Dompierre-sur-Nièvre;276.6;
58102;Donzy;153.4;
58103;Dornecy;594.7;
58104;Dornes;85.5;
58105;Druy-Parigny;166.8;
58106;Dun-les-Places;77.9;
58107;Dun-sur-Grandry;126.6;
58108;Empury;135.6;
58109;Entrains-sur-Nohain;138.8;
58110;Epiry;118.6;
58111;Fâchin;125.2;
58112;La Fermeté;155.2;
58113;Fertrève;134.5;
58114;Fléty;149;
58115;Fleury-sur-Loire;128.3;
58116;Flez-Cuzy;292.7;
58117;Fourchambault;N/A - division par 0;
58118;Fours;137.7;
58119;Frasnay-Reugny;199.9;
58120;Gâcogne;87;
58121;Garchizy;112;
58122;Garchy;228;
58123;Germenay;175.1;
58124;Germigny-sur-Loire;129.9;
58125;Gien-sur-Cure;30.3;
58126;Gimouille;230.8;
58127;Giry;158.6;
58128;Glux-en-Glenne;50.9;
58129;Gouloux;94.2;
58130;Grenois;47.9;*
58131;Guérigny;N/A - division par 0;
58132;Guipy;114.2;
58133;Héry;172.1;
58134;Imphy;215.5;
58135;Isenay;139.8;
58136;Jailly;99.1;
58137;Lamenay-sur-Loire;315.3;
58138;Langeron;110.7;
58139;Lanty;110.1;
58140;Larochemillay;94.7;
58141;Lavault-de-Frétoy;104.4;
58142;Limanton;134.5;
58143;Limon;266.6;
58144;Livry;132.1;
58145;Lormes;111.2;
58146;Lucenay-lès-Aix;128.4;
58147;Lurcy-le-Bourg;156.7;
58148;Luthenay-Uxeloup;127.4;
58149;Luzy;131.6;
58150;Lys;17.9;
58151;La Machine;219.5;
58152;Magny-Cours;108.6;
58153;Magny-Lormes;201.8;*
58154;La Maison-Dieu;74.1;
58155;La Marche;197.9;
58156;Marcy;122.9;
58157;Marigny-l'Église;136.1;
58158;Mars-sur-Allier;117;
58159;Marigny-sur-Yonne;32.4;
58160;Marzy;209.8;
58161;Maux;150;
58162;Menestreau;188.1;
58163;Menou;227.1;
58164;Mesves-sur-Loire;132.3;
58165;Metz-le-Comte;143.4;
58166;Mhère;122.4;
58168;Millay;93.2;
58169;Moissy-Moulinot;171.7;
58170;Monceaux-le-Comte;N/A - division par 0;
58171;Montapas;134.5;
58172;Montambert;178;
58173;Montaron;100.3;
58174;Montenoison;184.3;
58175;Mont-et-Marré;274.6;
58176;Montigny-aux-Amognes;85.6;
58177;Montigny-en-Morvan;177.8;
58178;Montigny-sur-Canne;184.9;
58179;Montreuillon;114.9;
58180;Montsauche-les-Settons;85.3;
58181;Moraches;75.4;
58182;Moulins-Engilbert;98.3;
58183;Mouron-sur-Yonne;225.1;
58184;Moussy;352.7;
58185;Moux-en-Morvan;77.4;
58186;Murlin;170.8;
58187;Myennes;N/A - division par 0;
58188;Nannay;74.6;
58189;Narcy;142.6;
58190;Neuffontaines;112.6;
58191;Neuilly;216.7;
58192;Neuville-lès-Decize;99;
58193;Neuvy-sur-Loire;138.8;
58194;Nevers;4.5;
58195;La Nocle-Maulaix;134.5;
58196;Nolay;93.4;
58197;Nuars;138.8;
58198;Oisy;125;
58199;Onlay;119.3;
58200;Ouagne;172.9;
58201;Oudan;N/A - division par 0;
58202;Ougny;227.6;
58203;Oulon;189.3;
58204;Vaux d'Amognes;173.1;
58205;Ouroux-en-Morvan;125.1;
58206;Parigny-la-Rose;139.7;
58207;Parigny-les-Vaux;153.9;
58208;Pazy;251.6;
58209;Perroy;153.1;
58210;Planchez;93.7;
58211;Poil;119.4;
58212;Poiseux;109.5;
58213;Pougny;115.3;
58214;Pougues-les-Eaux;166;
58215;Pouilly-sur-Loire;35.8;
58216;Pouques-Lormes;133.7;
58217;Pousseaux;43.2;
58218;Prémery;126.9;
58219;Préporché;155.1;
58220;Raveau;126.8;
58221;Rémilly;151.6;
58222;Rix;67.6;
58223;Rouy;166.1;
58224;Ruages;52.4;
58225;Saincaize-Meauce;170.4;
58226;Saint-Agnan;116.7;
58227;Saint-Amand-en-Puisaye;115.6;
58228;Saint-Andelain;46.8;
58229;Saint-André-en-Morvan;114.1;
58230;Saint-Aubin-des-Chaumes;26.8;*
58231;Saint-Aubin-les-Forges;55.4;
58232;Saint-Benin-d'Azy;144.7;
58233;Saint-Benin-des-Bois;183.4;
58234;Saint-Bonnot;84.7;
58235;Saint-Brisson;61.4;
58236;Sainte-Colombe-des-Bois;241.9;
58237;Saint-Didier;3.5;*
58238;Saint-Éloi;49.2;
58239;Saint-Firmin;69.2;
58240;Saint-Franchy;155.4;
58241;Saint-Germain-Chassenay;157.7;
58242;Saint-Germain-des-Bois;263.7;
58243;Saint-Gratien-Savigny;232;
58244;Saint-Hilaire-en-Morvan;97.3;
58245;Saint-Hilaire-Fontaine;158.3;
58246;Saint-Honoré-les-Bains;49.7;
58247;Saint-Jean-aux-Amognes;147.6;
58248;Saint-Laurent-l'Abbaye;101.4;
58249;Saint-Léger-de-Fougeret;113.6;
58250;Saint-Léger-des-Vignes;102.8;
58251;Saint-Loup;86.6;
58252;Saint-Malo-en-Donziois;127.4;
58253;Sainte-Marie;163.1;
58254;Saint-Martin-d'Heuille;182.8;
58255;Saint-Martin-du-Puy;92.4;
58256;Saint-Martin-sur-Nohain;114.8;
58257;Saint-Maurice;246.4;
58258;Saint-Ouen-sur-Loire;183.6;
58259;Saint-Parize-en-Viry;151.4;
58260;Saint-Parize-le-Châtel;120;
58261;Saint-Père;88.9;
58262;Saint-Péreuse;178.4;
58263;Saint-Pierre-du-Mont;174;
58264;Saint-Pierre-le-Moûtier;107.5;
58265;Saint-Quentin-sur-Nohain;231.1;
58266;Saint-Révérien;166.8;
58267;Saint-Saulge;110.2;
58268;Saint-Seine;160.6;
58269;Saint-Sulpice;182.3;
58270;Saint-Vérain;71.8;
58271;Saizy;251.6;
58272;Sardy-lès-Épiry;304.1;
58273;Sauvigny-les-Bois;189.8;
58274;Savigny-Poil-Fol;127.3;
58275;Saxi-Bourdon;163.9;
58276;Sémelay;144;
58277;Sermages;159.4;
58278;Sermoise-sur-Loire;158;
58279;Sichamps;55.1;
58280;Sougy-sur-Loire;225.4;
58281;Suilly-la-Tour;170.5;
58282;Surgy;201.6;
58283;Taconnay;154.7;*
58284;Talon;261;
58285;Tamnay-en-Bazois;341.9;
58286;Tannay;92;
58287;Tazilly;178.3;
58288;Teigny;92.2;
58289;Ternant;105.9;
58290;Thaix;88.5;
58291;Thianges;107.5;
58292;Tintury;221.5;
58293;Toury-Lurcy;94.9;
58294;Toury-sur-Jour;81.5;
58295;Tracy-sur-Loire;25.2;
58296;Tresnay;146.5;
58297;Trois-Vèvres;132.8;
58298;Tronsanges;109.8;
58299;Trucy-l'Orgueilleux;199;
58300;Urzy;290.8;
58301;Vandenesse;221.6;
58302;Varennes-lès-Narcy;167.4;
58303;Varennes-Vauzelles;131.1;
58304;Varzy;169.1;
58305;Vauclaix;75.2;
58306;Verneuil;250.4;
58307;Vielmanay;155.9;
58308;Vignol;172.1;*
58309;Villapourçon;81.2;
58310;Villiers-le-Sec;N/A - division par 0;
58311;Ville-Langy;173;
58312;Villiers-sur-Yonne;45.3;
58313;Vitry-Laché;278.3;
59001;Abancourt;59.4;
59002;Abscon;159.4;
59003;Aibes;114;
59004;Aix-en-Pévèle;43.4;
59005;Allennes-les-Marais;70.4;
59006;Amfroipret;113.1;
59007;Anhiers;47.7;
59008;Aniche;30.7;
59009;Villeneuve-d'Ascq;22.7;
59010;Anneux;85.5;
59011;Annœullin;76.9;
59012;Anor;42.5;
59013;Anstaing;17.2;
59014;Anzin;N/A - division par 0;
59015;Arleux;108.8;
59016;Armbouts-Cappel;57.9;
59017;Armentières;N/A - division par 0;
59018;Arnèke;42.7;
59019;Artres;67.2;
59021;Assevent;N/A - division par 0;
59022;Attiches;45.9;
59023;Aubencheul-au-Bac;N/A - division par 0;
59024;Auberchicourt;48.3;
59025;Aubers;37.1;
59026;Aubigny-au-Bac;68.4;
59027;Aubry-du-Hainaut;59.3;
59028;Auby;60.5;
59029;Auchy-lez-Orchies;61.4;
59031;Audignies;150;
59032;Aulnoy-lez-Valenciennes;80.7;
59033;Aulnoye-Aymeries;111.7;
59034;Avelin;41.6;
59035;Avesnelles;86.6;
59036;Avesnes-sur-Helpe;N/A - division par 0;
59037;Avesnes-les-Aubert;88;
59038;Avesnes-le-Sec;66.1;
59039;Awoingt;99.2;
59041;Bachant;63;
59042;Bachy;39.3;
59043;Bailleul;39.5;
59044;Baisieux;46.8;
59045;Baives;29.1;
59046;Bambecque;51.3;
59047;Banteux;109;
59048;Bantigny;24.1;
59049;Bantouzelle;113.7;
59050;Bas-Lieu;80.3;
59051;La Bassée;64.3;
59052;Bauvin;1.9;
59053;Bavay;54.3;
59054;Bavinchove;57.7;*
59055;Bazuel;108.9;
59056;Beaucamps-Ligny;60.1;
59057;Beaudignies;76.5;
59058;Beaufort;87.1;
59059;Beaumont-en-Cambrésis;122.7;
59060;Beaurain;78.7;
59061;Beaurepaire-sur-Sambre;55.6;
59062;Beaurieux;34.9;
59063;Beauvois-en-Cambrésis;81.8;
59064;Bellaing;71.5;
59065;Bellignies;47.9;
59066;Bérelles;100.4;
59067;Bergues;64.5;
59068;Berlaimont;65.2;
59069;Bermerain;153.3;
59070;Bermeries;29.2;
59071;Bersée;70.4;
59072;Bersillies;88.7;
59073;Berthen;69.7;
59074;Bertry;48;
59075;Béthencourt;95.6;
59076;Bettignies;58.4;
59077;Bettrechies;41.8;
59078;Beugnies;41.9;
59079;Beuvrages;59.2;
59080;Beuvry-la-Forêt;50.7;
59081;Bévillers;113.2;
59082;Bierne;65.6;
59083;Bissezeele;56.6;
59084;Blaringhem;60.5;
59085;Blécourt;41.3;
59086;Boeschepe;22.8;
59087;Boëseghem;32.4;
59088;Bois-Grenier;41.5;
59089;Bollezeele;49.9;
59090;Bondues;54;
59091;Borre;107.4;*
59092;Bouchain;103;
59093;Boulogne-sur-Helpe;76.7;
59094;Bourbourg;100.3;
59096;Bourghelles;30.5;
59097;Boursies;60.6;
59098;Bousbecque;34.5;
59099;Bousies;35.2;
59100;Bousignies;54;
59101;Bousignies-sur-Roc;65;
59102;Boussières-en-Cambrésis;69.8;
59103;Boussières-sur-Sambre;74.6;
59104;Boussois;17.2;
59105;Bouvignies;39.3;
59106;Bouvines;42.6;
59107;Bray-Dunes;76.6;
59108;Briastre;81.6;
59109;Brillon;62.9;
59110;Brouckerque;65.2;
59111;Broxeele;48.8;
59112;Bruay-sur-l'Escaut;N/A - division par 0;
59113;Bruille-lez-Marchiennes;153.8;
59114;Bruille-Saint-Amand;91.1;
59115;Brunémont;75.7;
59116;Bry;19.5;
59117;Bugnicourt;89.8;
59118;Busigny;94.1;
59119;Buysscheure;62.3;
59120;Caëstre;59.9;
59121;Cagnoncles;91.6;
59122;Cambrai;69;
59123;Camphin-en-Carembault;38.3;
59124;Camphin-en-Pévèle;38.9;
59125;Cantaing-sur-Escaut;72.9;
59126;Cantin;61.1;
59127;Capelle;48.5;
59128;Capinghem;6.5;
59129;Cappelle-en-Pévèle;79.1;
59130;Cappelle-Brouck;56.5;
59131;Cappelle-la-Grande;229.3;
59132;Carnières;89;
59133;Carnin;53.4;
59134;Cartignies;91.9;
59135;Cassel;44.6;
59136;Le Cateau-Cambrésis;74.2;
59137;Catillon-sur-Sambre;97.1;
59138;Cattenières;103.7;
59139;Caudry;152.8;
59140;Caullery;75.2;
59141;Cauroir;77.9;
59142;Cerfontaine;38.4;
59143;La Chapelle-d'Armentières;42.5;
59144;Château-l'Abbaye;47;
59145;Chemy;130.3;
59146;Chéreng;38.1;
59147;Choisies;212.3;
59148;Clairfayts;98.7;
59149;Clary;124.3;
59150;Cobrieux;37;
59151;Colleret;82.5;
59152;Comines;37.8;
59153;Condé-sur-l'Escaut;28.4;
59155;Coudekerque-Branche;73.4;
59156;Courchelettes;N/A - division par 0;
59157;Cousolre;43.6;
59158;Coutiches;55.7;
59159;Craywick;140.3;
59160;Crespin;21.7;
59161;Crèvecœur-sur-l'Escaut;102.9;
59162;Crochte;51.8;
59163;Croix;N/A - division par 0;
59164;Croix-Caluyau;89;
59165;Cuincy;44.6;
59166;Curgies;54.5;
59167;Cuvillers;58.4;
59168;Cysoing;12.1;
59169;Damousies;83.5;
59170;Dechy;118.6;
59171;Dehéries;64.5;
59172;Denain;55.6;
59173;Deûlémont;33.2;
59174;Dimechaux;68.8;
59175;Dimont;69.8;
59176;Doignies;106.2;
59177;Dompierre-sur-Helpe;105.5;
59178;Douai;46.3;
59179;Douchy-les-Mines;57.8;
59180;Le Doulieu;47.1;
59181;Dourlers;128.7;
59182;Drincham;49.8;
59183;Dunkerque;10.1;
59184;Ebblinghem;60.2;
59185;Écaillon;45.5;
59186;Eccles;165.8;
59187;Éclaibes;N/A - division par 0;
59188;Écuélin;122.4;
59189;Eecke;52.1;
59190;Élesmes;116.9;
59191;Élincourt;56.9;
59192;Émerchicourt;144.1;
59193;Emmerin;43.7;
59194;Englefontaine;91.2;
59195;Englos;N/A - division par 0;
59196;Ennetières-en-Weppes;44.6;
59197;Ennevelin;43.6;
59198;Eppe-Sauvage;43.1;
59199;Erchin;90.1;
59200;Eringhem;35.4;
59201;Erquinghem-le-Sec;62.6;
59202;Erquinghem-Lys;57.2;
59203;Erre;33.3;
59204;Escarmain;77.1;
59205;Escaudain;58.5;
59206;Escaudœuvres;83.3;
59207;Escautpont;31.1;
59208;Escobecques;43.6;
59209;Esnes;96.3;
59210;Esquelbecq;42.6;
59211;Esquerchin;59.1;
59212;Estaires;82.5;
59213;Estourmel;70.5;
59214;Estrées;63.5;
59215;Estreux;127.4;
59216;Eswars;119.6;
59217;Eth;62.2;
59218;Étrœungt;71.1;
59219;Estrun;138.7;
59220;Faches-Thumesnil;3.1;
59221;Famars;67.8;
59222;Faumont;84.8;
59223;Le Favril;42.9;
59224;Féchain;76.7;
59225;Feignies;58.5;
59226;Felleries;80.9;
59227;Fenain;5.9;
59228;Férin;129.3;
59229;Féron;33.3;
59230;Ferrière-la-Grande;88.6;
59231;Ferrière-la-Petite;97.6;
59232;La Flamengrie;28.9;
59233;Flaumont-Waudrechies;56;
59234;Flers-en-Escrebieux;48.7;*
59236;Flesquières;69.2;
59237;Flêtre;58.2;
59238;Flines-lès-Mortagne;27.6;
59239;Flines-lez-Raches;59.5;
59240;Floursies;127;*
59241;Floyon;85;
59242;Fontaine-au-Bois;81.4;
59243;Fontaine-au-Pire;59.5;
59244;Fontaine-Notre-Dame;69.5;
59246;Forest-en-Cambrésis;104.7;
59247;Forest-sur-Marque;58.4;
59249;Fourmies;29.1;
59250;Fournes-en-Weppes;43;
59251;Frasnoy;90.2;
59252;Frelinghien;42.1;
59253;Fresnes-sur-Escaut;N/A - division par 0;
59254;Fressain;157.8;
59255;Fressies;59;
59256;Fretin;52.9;
59257;Fromelles;44.7;
59258;Genech;39.6;
59259;Ghissignies;163.9;
59260;Ghyvelde;72.5;
59261;Glageon;66.7;
59262;Godewaersvelde;31.5;
59263;Gœulzin;64.7;
59264;Gognies-Chaussée;57.1;
59265;Gommegnies;30.1;
59266;Gondecourt;335.7;
59267;Gonnelieu;98.9;
59268;La Gorgue;33.5;
59269;Gouzeaucourt;64.9;
59270;Grand-Fayt;79.4;
59271;Grande-Synthe;61.6;
59272;Grand-Fort-Philippe;187.2;
59273;Gravelines;25;
59274;La Groise;103.1;
59275;Gruson;17.5;
59276;Guesnain;N/A - division par 0;
59277;Gussignies;31.8;
59278;Hallennes-lez-Haubourdin;N/A - division par 0;
59279;Halluin;28.8;
59280;Hamel;90.4;
59281;Hantay;12.7;
59282;Hardifort;74.6;
59283;Hargnies;36.1;
59284;Hasnon;83.1;
59285;Haspres;100.2;
59286;Haubourdin;28.4;
59287;Haucourt-en-Cambrésis;98.9;
59288;Haulchin;166;
59289;Haussy;53.1;
59290;Haut-Lieu;90.5;
59291;Hautmont;52.2;
59292;Haveluy;123.1;
59293;Haverskerque;58.4;
59294;Haynecourt;84.6;
59295;Hazebrouck;60.9;
59296;Hecq;115.3;
59297;Hélesmes;74.8;
59299;Hem;22.5;
59300;Hem-Lenglet;67.7;
59301;Hergnies;58.8;
59302;Hérin;70.2;
59303;Herlies;27;
59304;Herrin;44.5;
59305;Herzeele;31.8;
59306;Hestrud;92.9;
59307;Holque;54.6;
59308;Hondeghem;64.3;
59309;Hondschoote;56.6;
59310;Hon-Hergies;73.2;
59311;Honnechy;103.9;
59312;Honnecourt-sur-Escaut;96;
59313;Hordain;104.8;
59314;Hornaing;86.8;
59315;Houdain-lez-Bavay;56.7;
59316;Houplin-Ancoisne;72.4;
59317;Houplines;27.9;
59318;Houtkerque;46.9;
59319;Hoymille;77.4;
59320;Illies;47.1;
59321;Inchy;97.7;
59322;Iwuy;62.2;
59323;Jenlain;64.4;
59324;Jeumont;5.7;*
59325;Jolimetz;7.5;
59326;Killem;48.4;
59327;Lallaing;42.9;
59328;Lambersart;18.6;
59329;Lambres-lez-Douai;22.2;
59330;Landas;43.1;
59331;Landrecies;69.4;
59332;Lannoy;N/A - division par 0;
59333;Larouillies;51.6;
59334;Lauwin-Planque;13.7;
59335;Lecelles;39.5;
59336;Lécluse;34.8;
59337;Lederzeele;49.7;
59338;Ledringhem;93.2;
59339;Leers;18.8;
59340;Leffrinckoucke;52.4;
59341;Lesdain;109.2;
59342;Lez-Fontaine;118.1;
59343;Lesquin;32.4;
59344;Leval;120.7;
59345;Lewarde;N/A - division par 0;
59346;Lezennes;3;
59347;Liessies;67.2;
59348;Lieu-Saint-Amand;93.8;*
59349;Ligny-en-Cambrésis;75.6;
59350;Lille;21;*
59351;Limont-Fontaine;101.7;
59352;Linselles;44.2;
59353;Locquignol;10.6;
59354;Loffre;23.8;
59356;Lompret;45.5;
59357;La Longueville;48.7;
59358;Looberghe;47.4;
59359;Loon-Plage;49;
59360;Loos;50;
59361;Lourches;5.6;
59363;Louvignies-Quesnoy;43;
59364;Louvil;35.9;
59365;Louvroil;94.4;
59366;Lynde;58.6;
59367;Lys-lez-Lannoy;1.6;
59368;La Madeleine;N/A - division par 0;
59369;Maing;63.1;
59370;Mairieux;70.3;
59371;Le Maisnil;19.9;
59372;Malincourt;112.4;
59374;Marbaix;46.8;
59375;Marchiennes;41;
59377;Marcoing;89.6;
59378;Marcq-en-Barœul;53.2;
59379;Marcq-en-Ostrevent;50.5;
59381;Maresches;59.9;
59382;Maretz;114.8;
59383;Marly;64.1;
59384;Maroilles;51.5;
59385;Marpent;164.5;
59386;Marquette-lez-Lille;N/A - division par 0;
59387;Marquette-en-Ostrevant;58.9;
59388;Marquillies;56.3;
59389;Masnières;81.9;
59390;Masny;93.5;
59391;Mastaing;77;
59392;Maubeuge;59.6;
59393;Maulde;58;
59394;Maurois;134.2;
59395;Mazinghien;79;
59396;Mecquignies;10.7;
59397;Merckeghem;62.6;
59398;Mérignies;31.9;
59399;Merris;46.5;
59400;Merville;68.3;
59401;Méteren;63.2;
59402;Millam;65.9;
59403;Millonfosse;15.3;
59405;Mœuvres;48.7;
59406;Monceau-Saint-Waast;101.2;
59407;Monchaux-sur-Écaillon;122.1;
59408;Moncheaux;N/A - division par 0;
59409;Monchecourt;121.8;
59410;Mons-en-Barœul;N/A - division par 0;
59411;Mons-en-Pévèle;81.2;
59412;Montay;123.6;
59413;Montigny-en-Cambrésis;112.6;
59414;Montigny-en-Ostrevent;42.4;
59415;Montrécourt;71.9;
59416;Morbecque;44.6;
59418;Mortagne-du-Nord;N/A - division par 0;
59419;Mouchin;43.8;
59420;Moustier-en-Fagne;40.1;
59421;Mouvaux;5;
59422;Naves;92.1;
59423;Neuf-Berquin;24.5;
59424;Neuf-Mesnil;70.4;
59425;Neuville-en-Avesnois;67;
59426;Neuville-en-Ferrain;23.4;
59427;La Neuville;142.8;
59428;Neuville-Saint-Rémy;87.8;
59429;Neuville-sur-Escaut;109.7;
59430;Neuvilly;89.3;
59431;Nieppe;26.7;
59432;Niergnies;53.6;
59433;Nieurlet;82.6;
59434;Nivelle;60.2;
59435;Nomain;37.4;
59436;Noordpeene;58;
59437;Noyelles-lès-Seclin;31.3;
59438;Noyelles-sur-Escaut;79.3;
59439;Noyelles-sur-Sambre;49.3;
59440;Noyelles-sur-Selle;79.4;
59441;Obies;27.2;
59442;Obrechies;43.3;
59443;Ochtezeele;46.7;
59444;Odomez;130.5;
59445;Ohain;66.7;
59446;Oisy;N/A - division par 0;
59447;Onnaing;36.9;
59448;Oost-Cappel;37.8;
59449;Orchies;64;
59450;Ors;78.5;
59451;Orsinval;98.8;
59452;Ostricourt;0.4;
59453;Oudezeele;67.3;
59454;Oxelaëre;65.2;
59455;Paillencourt;80;
59456;Pecquencourt;34.6;
59457;Pérenchies;7.2;
59458;Péronne-en-Mélantois;66.1;
59459;Petite-Forêt;11.6;
59461;Petit-Fayt;58.5;
59462;Phalempin;46.3;
59463;Pitgam;57.2;
59464;Poix-du-Nord;84;
59465;Pommereuil;67.8;
59466;Pont-à-Marcq;34.5;
59467;Pont-sur-Sambre;59;
59468;Potelle;135.5;
59469;Pradelles;38.8;
59470;Prémesques;31;
59471;Préseau;113.8;
59472;Preux-au-Bois;4.7;
59473;Preux-au-Sart;77;
59474;Prisches;100.1;
59475;Prouvy;71.3;
59476;Proville;31.6;
59477;Provin;92.7;
59478;Quaëdypre;64.5;
59479;Quarouble;68.1;
59480;Quérénaing;55.1;
59481;Le Quesnoy;68;
59482;Quesnoy-sur-Deûle;21.9;
59483;Quiévelon;75.5;
59484;Quiévrechain;31;
59485;Quiévy;101;
59486;Râches;106.2;
59487;Radinghem-en-Weppes;43.1;
59488;Raillencourt-Sainte-Olle;81.9;
59489;Raimbeaucourt;73.8;
59490;Rainsars;70.6;
59491;Raismes;51;
59492;Ramillies;48.6;
59493;Ramousies;80.3;
59494;Raucourt-au-Bois;30.6;
59495;Recquignies;90.1;
59496;Rejet-de-Beaulieu;126.5;
59497;Renescure;97.9;
59498;Reumont;95.6;
59499;Rexpoëde;67.4;
59500;Ribécourt-la-Tour;63;
59501;Rieulay;35.7;
59502;Rieux-en-Cambrésis;47;
59503;Robersart;119.3;
59504;Rœulx;79.4;
59505;Rombies-et-Marchipont;71.5;
59506;Romeries;84.6;
59507;Ronchin;37.9;
59508;Roncq;53.8;
59509;Roost-Warendin;23.3;
59511;Rosult;16.8;
59512;Roubaix;1;
59513;Roucourt;129.7;
59514;Rousies;13.2;
59515;Rouvignies;16.3;
59516;Rubrouck;46.7;
59517;Les Rues-des-Vignes;87.3;
59518;Ruesnes;82.3;
59519;Rumegies;40.9;
59520;Rumilly-en-Cambrésis;77.8;
59521;Sailly-lez-Cambrai;143.1;*
59522;Sailly-lez-Lannoy;28.2;
59523;Sainghin-en-Mélantois;31.6;
59524;Sainghin-en-Weppes;39.9;
59525;Sains-du-Nord;61.5;
59526;Saint-Amand-les-Eaux;66.6;
59527;Saint-André-lez-Lille;N/A - division par 0;
59528;Saint-Aubert;63.1;
59529;Saint-Aubin;62.3;
59530;Saint-Aybert;52.5;
59531;Saint-Benin;70.4;
59532;Saint-Georges-sur-l'Aa;110.9;
59533;Saint-Hilaire-lez-Cambrai;63.7;
59534;Saint-Hilaire-sur-Helpe;37;
59535;Saint-Jans-Cappel;36.8;
59536;Sainte-Marie-Cappel;46.7;
59537;Saint-Martin-sur-Écaillon;91.4;
59538;Saint-Momelin;109;
59539;Saint-Pierre-Brouck;115.3;
59541;Saint-Python;94.1;
59542;Saint-Remy-Chaussée;187.3;
59543;Saint-Remy-du-Nord;71.1;
59544;Saint-Saulve;2.4;
59545;Saint-Souplet;71.9;
59546;Saint-Sylvestre-Cappel;46.2;
59547;Saint-Vaast-en-Cambrésis;59.3;
59548;Saint-Waast;89.5;
59549;Salesches;79.3;
59550;Salomé;41.9;
59551;Saméon;40.4;
59552;Sancourt;60.9;
59553;Santes;62.6;
59554;Sars-et-Rosières;36;
59555;Sars-Poteries;51.6;
59556;Sassegnies;19.5;
59557;Saultain;62.9;
59558;Saulzoir;59.8;
59559;Sebourg;78.9;
59560;Seclin;51.8;
59562;Sémeries;52.5;
59563;Semousies;94;
59564;La Sentinelle;N/A - division par 0;
59565;Sepmeries;50.7;
59566;Sequedin;94.3;
59567;Séranvillers-Forenville;96;
59568;Sercus;101.4;
59569;Sin-le-Noble;20.7;
59570;Socx;48.6;*
59571;Solesmes;134.7;
59572;Solre-le-Château;93.6;
59573;Solrinnes;N/A - division par 0;
59574;Somain;129.6;
59575;Sommaing;73.6;
59576;Spycker;60.3;
59577;Staple;57.7;
59578;Steenbecque;70.1;
59579;Steene;90.7;
59580;Steenvoorde;41.2;
59581;Steenwerck;49.5;
59582;Strazeele;29.6;
59583;Taisnières-en-Thiérache;58.8;
59584;Taisnières-sur-Hon;65.4;
59585;Templemars;100.7;
59586;Templeuve-en-Pévèle;29.7;
59587;Terdeghem;50.6;
59588;Téteghem-Coudekerque-Village;64.8;
59589;Thiant;60.2;
59590;Thiennes;60.1;
59591;Thivencelle;93.3;
59592;Thumeries;80.9;
59593;Thun-l'Évêque;51.1;
59594;Thun-Saint-Amand;32.6;*
59595;Thun-Saint-Martin;138.4;
59596;Tilloy-lez-Marchiennes;73;
59597;Tilloy-lez-Cambrai;187.6;
59598;Toufflers;22.1;
59599;Tourcoing;1;
59600;Tourmignies;18.3;
59601;Trélon;95.4;
59602;Tressin;4.2;
59603;Trith-Saint-Léger;45.6;
59604;Troisvilles;139.6;
59605;Uxem;71.4;
59606;Valenciennes;2.2;
59607;Vendegies-au-Bois;42.5;
59608;Vendegies-sur-Écaillon;52.8;*
59609;Vendeville;88.8;
59610;Verchain-Maugré;127.8;
59611;Verlinghem;20.6;
59612;Vertain;67.2;
59613;Vicq;71.8;
59614;Viesly;93.6;
59615;Vieux-Berquin;55.4;
59616;Vieux-Condé;33;
59617;Vieux-Mesnil;98;
59618;Vieux-Reng;97.2;
59619;Villereau;55.8;
59620;Villers-au-Tertre;43.4;
59622;Villers-en-Cauchies;66.4;
59623;Villers-Guislain;71.2;
59624;Villers-Outréaux;110.8;
59625;Villers-Plouich;64.6;
59626;Villers-Pol;94.4;
59627;Villers-Sire-Nicole;92.3;
59628;Volckerinckhove;93.1;
59629;Vred;56.6;
59630;Wahagnies;107;
59631;Walincourt-Selvigny;63.6;
59632;Wallers;58.6;
59633;Wallers-en-Fagne;112.2;
59634;Wallon-Cappel;35.9;
59635;Wambaix;105.2;
59636;Wambrechies;31.1;
59637;Wandignies-Hamage;72.9;
59638;Wannehain;66.6;
59639;Wargnies-le-Grand;80.6;
59640;Wargnies-le-Petit;38;
59641;Warhem;66.9;
59642;Warlaing;29.4;
59643;Warneton;39.4;
59645;Wasnes-au-Bac;59.2;
59646;Wasquehal;0.3;*
59647;Watten;111.7;
59648;Wattignies;188.7;
59649;Wattignies-la-Victoire;92.4;
59650;Wattrelos;28.5;
59651;Wavrechain-sous-Denain;108.7;
59652;Wavrechain-sous-Faulx;39;
59653;Wavrin;25.5;
59654;Waziers;86.2;
59655;Wemaers-Cappel;87.8;
59656;Wervicq-Sud;60.9;
59657;West-Cappel;65.4;
59658;Wicres;73.5;
59659;Wignehies;77.1;
59660;Willems;23.1;
59661;Willies;88.6;
59662;Winnezeele;36.8;
59663;Wormhout;47.7;
59664;Wulverdinghe;50.3;
59665;Wylder;60.3;
59666;Zegerscappel;57.5;
59667;Zermezeele;65.8;
59668;Zuydcoote;257.2;
59669;Zuytpeene;54.9;
59670;Don;46.9;
60001;Abancourt;90.3;
60002;Abbecourt;7.2;
60003;Abbeville-Saint-Lucien;94.5;
60004;Achy;151.9;
60005;Acy-en-Multien;45;
60006;Les Ageux;78.8;
60007;Agnetz;195;
60008;Airion;224;
60009;Allonne;164.5;
60010;Amblainville;260.1;
60011;Amy;109.6;
60012;Andeville;110.2;
60013;Angicourt;7.8;
60014;Angivillers;99.2;
60015;Angy;24.2;
60016;Ansacq;235.6;
60017;Ansauvillers;93.4;
60019;Antheuil-Portes;187.3;
60020;Antilly;224;
60021;Appilly;113.5;
60022;Apremont;N/A - division par 0;
60023;Armancourt;170;
60024;Arsy;99.9;
60025;Attichy;178.5;
60026;Auchy-la-Montagne;67.9;
60027;Auger-Saint-Vincent;203.9;
60028;Aumont-en-Halatte;2.3;
60029;Auneuil;119.4;
60030;Auteuil;110.8;*
60031;Autheuil-en-Valois;130.9;
60032;Autrêches;170.9;
60033;Avilly-Saint-Léonard;64.5;
60034;Avrechy;108;
60035;Avricourt;77;
60036;Avrigny;169.4;
60037;Babœuf;144.3;
60039;Bacouël;50.1;
60040;Bailleul-le-Soc;129.5;
60041;Bailleul-sur-Thérain;52.7;
60042;Bailleval;61.3;
60043;Bailly;167.5;
60044;Balagny-sur-Thérain;87.8;
60045;Barbery;260.2;
60046;Bargny;146;
60047;Baron;195.6;
60048;Baugy;64.8;
60049;Bazancourt;124.9;
60050;Bazicourt;104;
60051;Beaudéduit;132.4;
60052;Beaugies-sous-Bois;67.6;
60053;Beaulieu-les-Fontaines;95.8;
60054;Les Hauts-Talican;145;
60055;Beaurains-lès-Noyon;200.6;
60056;Beaurepaire;85.2;*
60057;Beauvais;45.5;
60058;Beauvoir;97.6;
60059;Béhéricourt;150.1;
60060;Belle-Église;138;
60061;Belloy;99.1;
60062;Berlancourt;106.8;
60063;Berneuil-en-Bray;72.4;
60064;Berneuil-sur-Aisne;74.7;
60065;Berthecourt;283.2;
60066;Béthancourt-en-Valois;129.6;
60067;Béthisy-Saint-Martin;133.8;
60068;Béthisy-Saint-Pierre;81.6;
60069;Betz;274.7;
60070;Bienville;251.2;
60071;Biermont;102;
60072;Bitry;158.5;
60073;Blacourt;107.5;
60074;Blaincourt-lès-Précy;181.5;
60075;Blancfossé;125.5;
60076;Blargies;58.5;
60077;Blicourt;138.6;
60078;Blincourt;236.9;*
60079;Boissy-Fresnoy;160.5;
60081;Bonlier;108.2;
60082;Bonneuil-les-Eaux;114.9;
60083;Bonneuil-en-Valois;138.2;*
60084;Bonnières;96;
60085;Bonvillers;214.3;
60086;Boran-sur-Oise;153.5;
60087;Borest;209.9;
60088;Bornel;82.5;
60089;Boubiers;314.1;
60090;Bouconvillers;183;
60091;Bouillancy;124.7;
60092;Boullarre;266.3;
60093;Boulogne-la-Grasse;59.9;
60094;Boursonne;298.7;
60095;Boury-en-Vexin;136.2;
60097;Boutencourt;204.1;
60098;Bouvresse;131.5;
60099;Braisnes-sur-Aronde;N/A - division par 0;
60100;Brasseuse;227.2;
60101;Brégy;226.1;
60102;Brenouille;N/A - division par 0;
60103;Bresles;137.6;
60104;Breteuil;153.7;
60105;Brétigny;71.8;
60106;Breuil-le-Sec;68.5;
60107;Breuil-le-Vert;70.5;
60108;Briot;50.4;
60109;Brombos;117.9;
60110;Broquiers;44.1;
60111;Broyes;84;
60112;Brunvillers-la-Motte;178;
60113;Bucamps;80.5;
60114;Buicourt;91.7;
60115;Bulles;90.5;
60116;Bury;143.4;
60117;Bussy;194.9;
60118;Caisnes;19.4;
60119;Cambronne-lès-Ribécourt;103.4;
60120;Cambronne-lès-Clermont;111.4;
60121;Campagne;120.6;
60122;Campeaux;63.4;
60123;Campremy;177;
60124;Candor;72.1;
60125;Canly;132.4;
60126;Cannectancourt;92.5;
60127;Canny-sur-Matz;72.7;
60128;Canny-sur-Thérain;18.4;*
60129;Carlepont;87.4;
60130;Catenoy;151.2;
60131;Catheux;138.7;
60132;Catigny;98.8;
60133;Catillon-Fumechon;237.5;
60134;Cauffry;52.7;
60135;Cauvigny;217;
60136;Cempuis;73.6;
60137;Cernoy;87.8;
60138;Chamant;72;
60139;Chambly;283.5;
60140;Chambors;N/A - division par 0;
60141;Chantilly;61.1;
60142;La Chapelle-en-Serval;56.4;
60143;Chaumont-en-Vexin;150.9;
60144;Chavençon;127.9;
60145;Chelles;167.1;
60146;Chepoix;117.8;
60147;Chevincourt;67.6;
60148;Chèvreville;161.8;*
60149;Chevrières;118.9;
60150;Chiry-Ourscamp;15.8;
60151;Choisy-au-Bac;67.7;
60152;Choisy-la-Victoire;184.3;
60153;Choqueuse-les-Bénards;64.2;
60154;Cinqueux;99.9;
60155;Cires-lès-Mello;188.7;
60156;Clairoix;91.1;
60157;Clermont;28.6;
60158;Coivrel;102.1;
60159;Compiègne;208.2;
60160;Conchy-les-Pots;88.4;
60161;Conteville;51.3;
60162;Corbeil-Cerf;183.5;*
60163;Cormeilles;81.2;
60164;Le Coudray-Saint-Germer;151.7;
60165;Le Coudray-sur-Thelle;N/A - division par 0;
60166;Coudun;157.7;
60167;Couloisy;1.7;
60168;Courcelles-Epayelles;140.8;
60169;Courcelles-lès-Gisors;118;
60170;Courteuil;N/A - division par 0;
60171;Courtieux;37.1;
60172;Coye-la-Forêt;N/A - division par 0;
60173;Cramoisy;152.1;
60174;Crapeaumesnil;31.5;
60175;Creil;298.2;
60176;Crépy-en-Valois;231.6;
60177;Cressonsacq;121.4;
60178;Crèvecœur-le-Grand;93.1;
60179;Crèvecœur-le-Petit;120.3;
60180;Crillon;106.9;
60181;Crisolles;23.4;
60182;Le Crocq;87.2;
60183;Croissy-sur-Celle;145.7;
60184;Croutoy;169.3;
60185;Crouy-en-Thelle;227;
60186;Cuignières;188;
60187;Cuigy-en-Bray;43.7;
60188;Cuise-la-Motte;N/A - division par 0;
60189;Cuts;163.7;
60190;Cuvergnon;157.3;
60191;Cuvilly;99.6;
60192;Cuy;143;
60193;Daméraucourt;112.5;
60194;Dargies;87.8;
60195;Delincourt;225.7;
60196;La Drenne;179.4;
60197;Dieudonné;57.1;
60198;Dives;112.6;
60199;Doméliers;182.3;
60200;Domfront;74.4;
60201;Dompierre;101.9;
60203;Duvy;152.1;
60204;Écuvilly;101.2;
60205;Élencourt;74;
60206;Élincourt-Sainte-Marguerite;58.8;
60207;Éméville;N/A - division par 0;
60208;Énencourt-Léage;211.3;
60209;La Corne-en-Vexin;182;
60210;Épineuse;76.2;
60211;Éragny-sur-Epte;237.9;
60212;Ercuis;284.6;
60213;Ermenonville;168.8;*
60214;Ernemont-Boutavent;124.2;
60215;Erquery;179.6;
60216;Erquinvillers;297.1;
60217;Escames;92.6;
60218;Esches;127.5;
60219;Escles-Saint-Pierre;76;
60220;Espaubourg;4.4;
60221;Esquennoy;118.2;
60222;Essuiles;156.4;
60223;Estrées-Saint-Denis;223.8;
60224;Étavigny;196.1;
60225;Étouy;229.2;
60226;Ève;191.7;
60227;Évricourt;21.1;
60228;Fay-les-Étangs;127.7;
60229;Le Fayel;91.7;
60230;Le Fay-Saint-Quentin;132.3;
60231;Feigneux;376;
60232;Ferrières;120.1;
60233;Feuquières;86.7;
60234;Fitz-James;53.8;
60235;Flavacourt;189.2;
60236;Flavy-le-Meldeux;125.6;
60237;Fléchy;79.2;
60238;Fleurines;190.3;
60239;Fleury;170;
60240;Fontaine-Bonneleau;158.9;
60241;Fontaine-Chaalis;271.7;
60242;Fontaine-Lavaganne;110;
60243;Fontaine-Saint-Lucien;120.2;
60244;Fontenay-Torcy;85.7;
60245;Formerie;68.7;
60247;Fouilleuse;113.8;
60248;Fouilloy;32.7;*
60249;Foulangues;145.4;
60250;Fouquenies;150.9;
60251;Fouquerolles;191.3;*
60252;Fournival;113.9;
60253;Francastel;101.2;
60254;Francières;227.9;
60255;Fréniches;83.4;*
60256;Montchevreuil;150.7;
60257;Fresne-Léguillon;107.2;
60258;Fresnières;47.5;
60259;Fresnoy-en-Thelle;144.1;
60260;Fresnoy-la-Rivière;44.9;
60261;Fresnoy-le-Luat;172.4;
60262;Le Frestoy-Vaux;139.7;
60263;Frétoy-le-Château;72.9;
60264;Frocourt;180.7;
60265;Froissy;95;
60267;Le Gallet;108.3;
60268;Gannes;76.4;
60269;Gaudechart;109.3;
60270;Genvry;114.7;
60271;Gerberoy;226;
60272;Gilocourt;126.6;*
60273;Giraumont;249.6;
60274;Glaignes;N/A - division par 0;
60275;Glatigny;80.4;
60276;Godenvillers;141.2;
60277;Goincourt;102.8;
60278;Golancourt;149.5;
60279;Gondreville;330;
60280;Gourchelles;14.7;
60281;Gournay-sur-Aronde;93.2;
60282;Gouvieux;164.5;
60283;Gouy-les-Groseillers;0;
60284;Grandfresnoy;81.6;
60285;Grandvillers-aux-Bois;248.4;
60286;Grandvilliers;114.6;
60287;Grandrû;38.1;
60288;Grémévillers;111.1;
60289;Grez;139.8;
60290;Guignecourt;N/A - division par 0;
60291;Guiscard;121.5;
60292;Gury;207.4;
60293;Hadancourt-le-Haut-Clocher;125.1;*
60294;Hainvillers;107.7;
60295;Halloy;78.8;
60296;Hannaches;123.8;
60297;Le Hamel;90.6;
60298;Hanvoile;82.1;
60299;Hardivillers;72.3;
60301;Haucourt;173;
60302;Haudivillers;168.7;
60303;Hautbos;86.2;
60304;Haute-Épine;87.7;
60305;Hautefontaine;122;
60306;Hécourt;109.3;
60307;Heilles;112.4;
60308;Hémévillers;145.7;
60309;Hénonville;468.6;
60310;Herchies;173.5;
60311;La Hérelle;87.1;
60312;Héricourt-sur-Thérain;105.3;
60313;Hermes;81;*
60314;Hétomesnil;144.4;
60315;Hodenc-en-Bray;66.6;
60316;Hodenc-l'Évêque;140.7;
60317;Hondainville;N/A - division par 0;
60318;Houdancourt;95.3;
60319;La Houssoye;45.3;
60320;Ivors;118;
60321;Ivry-le-Temple;164;
60322;Jaméricourt;133.9;
60323;Janville;N/A - division par 0;
60324;Jaulzy;120.2;
60325;Jaux;118.1;
60326;Jonquières;102.4;
60327;Jouy-sous-Thelle;209.1;
60328;Juvignies;153.9;
60329;Laberlière;50.8;
60330;Laboissière-en-Thelle;75.6;
60331;Labosse;143.7;
60332;Labruyère;15;
60333;Lachapelle-aux-Pots;96.3;
60334;Lachapelle-Saint-Pierre;77.8;
60335;Lachapelle-sous-Gerberoy;136.1;
60336;Lachaussée-du-Bois-d'Écu;133.1;
60337;Lachelle;95.6;
60338;Lacroix-Saint-Ouen;126.6;
60339;Lafraye;177.4;
60340;Lagny;82.9;
60341;Lagny-le-Sec;264.2;*
60342;Laigneville;69.7;
60343;Lalande-en-Son;104.5;
60344;Lalandelle;151.7;
60345;Lamécourt;195.4;
60346;Lamorlaye;2.8;*
60347;Lannoy-Cuillère;79.4;*
60348;Larbroye;26.3;
60350;Lassigny;98;
60351;Lataule;154.3;
60352;Lattainville;58.6;
60353;Lavacquerie;90.1;
60354;Laverrière;120.4;
60355;Laversines;102.9;
60356;Lavilletertre;165.1;
60357;Léglantiers;197.3;
60358;Lévignen;90.6;
60359;Lhéraule;N/A - division par 0;
60360;Liancourt;53;
60361;Liancourt-Saint-Pierre;164.7;
60362;Libermont;112.7;
60363;Lierville;316.3;
60364;Lieuvillers;126.9;
60365;Lihus;118;
60366;Litz;338.4;
60367;Loconville;236.3;
60368;Longueil-Annel;290.5;
60369;Longueil-Sainte-Marie;106.9;
60370;Lormaison;201.2;
60371;Loueuse;92.1;
60372;Luchy;86.9;
60373;Machemont;95.1;
60374;Maignelay-Montigny;122.6;
60375;Maimbeville;139;
60376;Maisoncelle-Saint-Pierre;127.5;
60377;Maisoncelle-Tuilerie;82.9;
60378;Marest-sur-Matz;126.2;
60379;Mareuil-la-Motte;138.2;
60380;Mareuil-sur-Ourcq;189;
60381;Margny-aux-Cerises;150.9;
60382;Margny-lès-Compiègne;135;
60383;Margny-sur-Matz;59.6;
60385;Marolles;224.1;
60386;Marquéglise;112.7;
60387;Marseille-en-Beauvaisis;60.5;*
60388;Martincourt;59.4;
60389;Maucourt;65.6;
60390;Maulers;91.6;
60391;Maysel;N/A - division par 0;
60392;Mélicocq;98.7;
60393;Mello;25.1;
60394;Ménévillers;111.6;
60395;Méru;115.8;
60396;Méry-la-Bataille;106.2;
60397;Le Mesnil-Conteville;287.3;
60398;Le Mesnil-en-Thelle;94.8;
60399;Le Mesnil-Saint-Firmin;39.2;
60400;Le Mesnil-sur-Bulles;108.1;
60401;Le Mesnil-Théribus;78.9;
60402;Le Meux;91.2;
60403;Milly-sur-Thérain;149.9;
60404;Mogneville;114.6;
60405;Moliens;85.4;
60406;Monceaux;99.4;
60407;Monceaux-l'Abbaye;93.7;
60408;Monchy-Humières;184.6;
60409;Monchy-Saint-Éloi;N/A - division par 0;
60410;Mondescourt;44.4;
60411;Monneville;124.4;
60412;Montagny-en-Vexin;258.8;
60413;Montagny-Sainte-Félicité;100.3;
60414;Montataire;57.1;
60415;Montépilloy;93.8;
60416;Montgérain;175.6;
60418;Montiers;155.2;
60420;Montjavoult;155.2;
60421;Mont-l'Évêque;237.1;
60422;Montlognon;0;
60423;Montmacq;N/A - division par 0;
60424;Montmartin;71.4;
60425;Montreuil-sur-Brêche;90.5;
60426;Montreuil-sur-Thérain;N/A - division par 0;
60427;Monts;106.6;
60428;Le Mont-Saint-Adrien;42.1;
60429;Morangles;217.6;
60430;Morienval;168.4;
60431;Morlincourt;N/A - division par 0;
60432;Mortefontaine;48.9;
60433;Mortefontaine-en-Thelle;N/A - division par 0;
60434;Mortemer;92.7;
60435;Morvillers;158.6;*
60436;Mory-Montcrux;113;
60437;Mouchy-le-Châtel;351.7;
60438;Moulin-sous-Touvent;261.9;
60439;Mouy;104;
60440;Moyenneville;164.5;
60441;Moyvillers;297.3;
60442;Muidorge;81.1;
60443;Muirancourt;170.3;
60444;Mureaumont;115.9;
60445;Nampcel;141.6;
60446;Nanteuil-le-Haudouin;180;
60447;Néry;132.2;
60448;Neufchelles;184.5;
60449;Neufvy-sur-Aronde;176.8;
60450;Neuilly-en-Thelle;129.5;
60451;Neuilly-sous-Clermont;118.3;
60452;Neuville-Bosc;60.8;
60454;La Neuville-en-Hez;85.2;
60456;La Neuville-Roy;182.4;
60457;La Neuville-Saint-Pierre;11.5;
60458;La Neuville-sur-Oudeuil;63.7;
60459;La Neuville-sur-Ressons;N/A - division par 0;
60460;La Neuville-Vault;189.4;
60461;Nivillers;158.6;
60462;Noailles;114.6;
60463;Nogent-sur-Oise;N/A - division par 0;
60464;Nointel;119.1;
60465;Noirémont;115.4;
60466;Noroy;90.3;
60468;Nourard-le-Franc;69.3;
60469;Novillers;200.4;
60470;Noyers-Saint-Martin;182;
60471;Noyon;139.5;
60472;Offoy;83.5;*
60473;Ognes;271.9;
60474;Ognolles;310.6;*
60476;Omécourt;129.7;
60477;Ons-en-Bray;74;*
60478;Ormoy-le-Davien;474.6;
60479;Ormoy-Villers;230.6;
60480;Oroër;147.4;
60481;Orrouy;160.6;
60482;Orry-la-Ville;83.6;
60483;Orvillers-Sorel;117.9;
60484;Oudeuil;87.1;
60485;Oursel-Maison;105.9;
60486;Paillart;122.3;
60487;Parnes;90.6;
60488;Passel;138.9;
60489;Péroy-les-Gombries;171;
60490;Pierrefitte-en-Beauvaisis;113.2;
60491;Pierrefonds;201;
60492;Pimprez;166;
60493;Pisseleu;123.8;
60494;Plailly;194.6;
60495;Plainval;158.5;
60496;Plainville;61;
60497;Le Plessier-sur-Bulles;43.8;
60498;Le Plessier-sur-Saint-Just;232.8;
60499;Plessis-de-Roye;N/A - division par 0;
60500;Le Plessis-Belleville;174.2;
60501;Le Plessis-Brion;N/A - division par 0;
60502;Le Plessis-Patte-d'Oie;119.6;
60503;Le Ployron;68.6;
60504;Ponchon;37.6;
60505;Pontarmé;174.1;
60506;Pont-l'Évêque;N/A - division par 0;
60507;Pontoise-lès-Noyon;74.8;
60508;Pontpoint;95.2;
60509;Pont-Sainte-Maxence;23.9;
60510;Porcheux;40.6;
60511;Porquéricourt;57.7;
60512;Pouilly;2;
60513;Précy-sur-Oise;192.4;
60514;Prévillers;146.2;
60515;Pronleroy;121.1;
60516;Puiseux-en-Bray;103.6;
60517;Puiseux-le-Hauberger;119;
60518;Puits-la-Vallée;115.8;
60519;Quesmy;155.8;
60520;Le Quesnel-Aubry;141.7;
60521;Quincampoix-Fleuzy;50.4;
60522;Quinquempoix;73.9;
60523;Rainvillers;61.6;
60524;Rantigny;0.4;
60525;Raray;206.6;
60526;Ravenel;153.6;
60527;Réez-Fosse-Martin;333.9;
60528;Reilly;119.7;
60529;Rémécourt;174.4;
60530;Rémérangles;112.3;
60531;Remy;112;
60533;Ressons-sur-Matz;152.9;
60534;Rethondes;N/A - division par 0;
60535;Reuil-sur-Brêche;148.7;
60536;Rhuis;212.6;
60537;Ribécourt-Dreslincourt;143.9;
60538;Ricquebourg;40.7;
60539;Rieux;N/A - division par 0;
60540;Rivecourt;1.9;
60541;Roberval;124.4;
60542;Rochy-Condé;94.7;
60543;Rocquemont;213.2;*
60544;Rocquencourt;108.6;
60545;Romescamps;94.4;
60546;Rosières;284.4;
60547;Rosoy;N/A - division par 0;
60548;Rosoy-en-Multien;221.7;
60549;Rotangy;67.8;
60550;Rothois;146.3;
60551;Rousseloy;120.6;
60552;Rouville;329.3;
60553;Rouvillers;222.3;
60554;Rouvres-en-Multien;169.3;
60555;Rouvroy-les-Merles;65.2;*
60556;Royaucourt;183.3;
60557;Roy-Boissy;242.3;
60558;Roye-sur-Matz;105.2;
60559;La Rue-Saint-Pierre;189.5;
60560;Rully;171.9;
60561;Russy-Bémont;365.5;
60562;Sacy-le-Grand;94.5;
60563;Sacy-le-Petit;236.2;
60564;Sains-Morainvillers;146.3;
60565;Saint-André-Farivillers;164.7;
60566;Saint-Arnoult;159.1;
60567;Saint-Aubin-en-Bray;129.8;
60568;Saint-Aubin-sous-Erquery;158.5;
60569;Saint-Crépin-aux-Bois;199;
60570;Saint-Crépin-Ibouvillers;186.7;
60571;Saint-Deniscourt;68.3;
60572;Saint-Étienne-Roilaye;184;
60573;Sainte-Eusoye;188.5;
60574;Saint-Félix;55.3;
60575;Sainte-Geneviève;94.5;
60576;Saint-Germain-la-Poterie;170.3;
60577;Saint-Germer-de-Fly;82;
60578;Saintines;120.1;
60579;Saint-Jean-aux-Bois;N/A - division par 0;
60581;Saint-Just-en-Chaussée;140.8;
60582;Saint-Léger-aux-Bois;N/A - division par 0;
60583;Saint-Léger-en-Bray;113.7;
60584;Saint-Leu-d'Esserent;111.2;
60585;Saint-Martin-aux-Bois;232.5;
60586;Saint-Martin-le-Nœud;176;
60587;Saint-Martin-Longueau;105.9;
60588;Saint-Maur;114.7;
60589;Saint-Maximin;106.2;
60590;Saint-Omer-en-Chaussée;145.1;
60591;Saint-Paul;54.4;
60592;Saint-Pierre-es-Champs;84.4;
60593;Saint-Pierre-lès-Bitry;N/A - division par 0;
60594;Saint-Quentin-des-Prés;129.7;
60595;Saint-Remy-en-l'Eau;138.4;
60596;Saint-Samson-la-Poterie;82.1;
60597;Saint-Sauveur;41;
60598;Saint-Sulpice;75.6;
60599;Saint-Thibault;153.8;
60600;Saint-Vaast-de-Longmont;N/A - division par 0;
60601;Saint-Vaast-lès-Mello;196.5;
60602;Saint-Valery;91.8;
60603;Salency;87.4;
60604;Sarcus;118.7;
60605;Sarnois;154.6;
60608;Le Saulchoy;79.7;
60609;Savignies;240.4;
60610;Sempigny;144.9;
60611;Senantes;74;
60612;Senlis;65.3;
60613;Senots;225.7;*
60614;Serans;137.9;
60615;Sérévillers;112.7;
60616;Sérifontaine;197.4;
60617;Sermaize;78.7;
60618;Séry-Magneval;81.1;*
60619;Silly-le-Long;156;
60620;Silly-Tillard;95.4;
60621;Solente;95.6;
60622;Sommereux;108;
60623;Songeons;78.9;
60624;Sully;25.6;
60625;Suzoy;112.4;
60626;Talmontiers;475.7;
60627;Tartigny;57.6;
60628;Therdonne;224;
60629;Thérines;41;
60630;Thibivillers;203.2;
60631;Thiers-sur-Thève;36.7;
60632;Thiescourt;70.3;
60633;Thieuloy-Saint-Antoine;115.2;
60634;Thieux;85.9;
60635;Thiverny;171.3;
60636;Thourotte;N/A - division par 0;
60637;Thury-en-Valois;178.9;
60638;Thury-sous-Clermont;130.8;
60639;Tillé;181.2;
60640;Tourly;252.6;
60641;Tracy-le-Mont;45.6;
60642;Tracy-le-Val;N/A - division par 0;
60643;Tricot;163;
60644;Trie-Château;86.5;
60645;Trie-la-Ville;118.9;
60646;Troissereux;81.6;
60647;Trosly-Breuil;57.2;
60648;Troussencourt;161;
60650;Trumilly;204.9;
60651;Ully-Saint-Georges;114;
60652;Valdampierre;179.5;
60653;Valescourt;101.7;
60654;Vandélicourt;87.8;
60655;Varesnes;170.3;
60656;Varinfroy;41.7;
60657;Vauchelles;77.6;
60658;Vauciennes;0.3;
60659;Vaudancourt;194.4;
60660;Le Vaumain;131.1;
60661;Vaumoise;N/A - division par 0;
60662;Le Vauroux;102;
60663;Velennes;105.3;
60664;Vendeuil-Caply;99.7;
60665;Venette;201.3;
60666;Ver-sur-Launette;229.6;
60667;Verberie;146.8;
60668;Verderel-lès-Sauqueuse;84.2;
60669;Verderonne;125.8;
60670;Verneuil-en-Halatte;217.4;
60671;Versigny;100.3;
60672;Vez;230.5;
60673;Viefvillers;124.8;
60674;Vieux-Moulin;N/A - division par 0;
60675;Vignemont;77.1;
60676;Ville;67.1;
60677;Villembray;65.9;
60678;Villeneuve-les-Sablons;110.7;
60679;La Villeneuve-sous-Thury;236;
60680;Villeneuve-sur-Verberie;72.1;
60681;Villers-Saint-Barthélemy;119.8;
60682;Villers-Saint-Frambourg-Ognon;128.1;
60683;Villers-Saint-Genest;153.3;
60684;Villers-Saint-Paul;54.2;
60685;Villers-Saint-Sépulcre;78.8;
60686;Villers-sous-Saint-Leu;69.8;
60687;Villers-sur-Auchy;73.9;
60688;Villers-sur-Bonnières;310.4;
60689;Villers-sur-Coudun;196.1;
60691;Villers-Vermont;62.8;
60692;Villers-Vicomte;62;*
60693;Villeselve;103.3;
60695;Vineuil-Saint-Firmin;330.4;
60697;Vrocourt;89.3;
60698;Wacquemoulin;103.6;
60699;Wambez;122.3;
60700;Warluis;133.5;
60701;Wavignies;148.2;
60702;Welles-Pérennes;85.8;
60703;Aux Marais;95.4;
61001;Alençon;22.4;
61002;Almenêches;66.8;
61005;Appenai-sous-Bellême;49.7;
61006;Argentan;89;
61007;Athis-Val de Rouvre;79;
61008;Aube;138.5;
61010;Aubry-le-Panthou;141.2;
61011;Aubusson;73.2;
61012;Auguaise;79.7;*
61013;Aunay-les-Bois;93.8;
61014;Aunou-le-Faucon;51.9;
61015;Aunou-sur-Orne;143.3;
61017;Les Authieux-du-Puits;62.1;
61018;Avernes-Saint-Gourgon;80.7;
61020;Avoine;80.6;
61021;Avrilly;78.9;
61023;Bailleul;111.5;
61024;Banvou;73.7;
61026;Barville;209.8;
61028;Bazoches-au-Houlme;102.2;
61029;Bazoches-sur-Hoëne;90.1;
61030;La Bazoque;102.5;
61032;Beaufai;133.4;
61034;Beaulieu;163.8;
61035;Beauvain;62.1;
61036;Belfonds;80.6;
61037;Bellavilliers;110.5;
61038;Bellême;9.6;
61039;La Bellière;51.8;*
61040;Bellou-en-Houlme;70.1;
61041;Bellou-le-Trichard;65.1;
61043;Berd'huis;65.5;
61044;Berjou;44.5;
61046;Bizou;72.2;
61048;Boëcé;63.9;
61049;Boissei-la-Lande;67;
61050;Cour-Maugis sur Huisne;129;
61051;Boitron;70.9;
61052;Bonnefoi;49.9;
61053;Bonsmoulins;90.7;
61054;Le Bosc-Renoult;68.2;
61055;Boucé;108.9;
61056;Le Bouillon;24.6;
61060;Brethel;106.5;
61061;Bretoncelles;79.1;
61062;Brieux;73.4;
61063;Briouze;77;
61064;Brullemail;70.3;
61066;Buré;91;
61067;Bures;97.4;
61068;Bursard;56.6;
61069;Cahan;94.8;
61070;Caligny;95.9;
61071;Camembert;77.1;
61072;Canapville;40.7;
61074;Carrouges;96.4;
61075;Ceaucé;76.6;
61076;Le Cercueil;19.4;
61077;Cerisé;87.7;*
61078;Cerisy-Belle-Étoile;105.1;
61079;Ceton;111.9;
61080;Chahains;97.4;
61081;Chailloué;108.9;
61082;Le Chalange;114.5;
61084;Champcerie;63.8;
61085;Le Champ-de-la-Pierre;15;
61086;Les Champeaux;67.7;*
61087;Champeaux-sur-Sarthe;77.3;
61088;Champ-Haut;69.9;*
61089;Champosoult;102;
61091;Champsecret;67;
61092;Chandai;126.2;
61093;Chanu;78.1;
61094;La Chapelle-au-Moine;45.8;
61095;La Chapelle-Biche;119.7;
61096;Rives d'Andaine;70.7;
61097;La Chapelle-Montligeon;39.8;
61098;La Chapelle-près-Sées;74.2;
61099;La Chapelle-Souëf;106;
61100;La Chapelle-Viel;103.3;
61101;Le Château-d'Almenêches;79.6;
61102;Le Châtellier;127.2;
61103;Chaumont;51.4;
61104;La Chaux;34.5;*
61105;Chemilli;116;
61107;Ciral;84;
61108;Cisai-Saint-Aubin;39.1;
61111;Colombiers;110.6;
61113;Comblot;39.4;
61114;Commeaux;65.5;
61116;Sablons sur Huisne;101.9;
61117;Condé-sur-Sarthe;107.2;
61118;Corbon;118.9;
61120;Coudehard;66.7;
61121;Coulimer;87.8;
61122;Coulmer;90.8;
61123;Coulonces;65.7;
61124;La Coulonche;48.9;
61126;Coulonges-sur-Sarthe;37.3;
61129;Courgeon;186.6;
61130;Courgeoût;84.9;
61133;Courtomer;109.6;
61137;Craménil;39.1;
61138;Croisilles;54.8;
61139;Crouttes;78.8;
61140;Crulai;169.7;
61141;Cuissai;70;
61142;Dame-Marie;172.2;
61143;Damigny;22.4;
61145;Domfront en Poiraie;53.9;
61146;Dompierre;93.3;
61148;Durcet;51.7;
61149;Échalou;150.7;
61150;Échauffour;122.5;
61151;Écorcei;112.8;
61152;Écorches;83.3;
61153;Écouché-les-Vallées;105.8;
61156;Essay;86.8;*
61158;Faverolles;103.3;
61159;Fay;74.9;
61160;Feings;67.8;
61162;La Ferrière-au-Doyen;123.8;
61163;La Ferrière-aux-Étangs;70.3;
61164;La Ferrière-Béchet;162;
61165;La Ferrière-Bochard;44.7;
61166;Ferrières-la-Verrerie;62.6;
61167;La Ferté-en-Ouche;89.9;
61168;La Ferté Macé;83;
61169;Flers;65;
61170;Fleuré;163.2;
61171;Fontaine-les-Bassets;86;
61176;Francheville;152.4;
61178;La Fresnaie-Fayel;52.1;
61180;Fresnay-le-Samson;42.7;
61181;Gacé;51.3;
61182;Gandelain;85;
61183;Gâprée;56.1;
61187;Les Genettes;N/A - division par 0;
61188;La Genevraie;90.8;
61189;Giel-Courteilles;69.4;
61190;Ginai;70.7;
61192;Godisson;67.8;*
61193;La Gonfrière;106.1;
61194;Monts-sur-Orne;88.5;
61195;Le Grais;70;
61196;Belforêt-en-Perche;137.4;
61197;Guêprei;120.1;
61198;Guerquesalles;81.3;
61199;Habloville;78.9;
61202;Hauterive;63.6;
61203;Héloup;98.2;*
61206;L'Hôme-Chamondot;115.5;
61207;Igé;126.3;
61208;Irai;135.6;
61209;Joué-du-Bois;76.9;
61210;Joué-du-Plain;55.5;
61211;Juvigny Val d'Andaine;68;
61212;Juvigny-sur-Orne;3.7;
61213;Lalacelle;75.7;
61214;L'Aigle;79.5;
61215;Laleu;80.9;
61216;La Lande-de-Goult;49.2;
61217;La Lande-de-Lougé;116.1;
61218;La Lande-Patry;102.8;
61219;La Lande-Saint-Siméon;86.7;
61221;Landigou;92.3;
61222;Landisacq;45.5;
61224;Larré;61.4;
61225;Lignères;76;
61227;Lignou;51.6;
61228;L'Orée-d'Écouves;89.1;
61229;Loisail;42.8;
61230;Longny les Villages;81;
61232;Lonlay-l'Abbaye;63.1;
61233;Lonlay-le-Tesson;80.2;
61234;Lonrai;52.9;
61237;Lougé-sur-Maire;86.6;
61238;Louvières-en-Auge;99.1;
61240;Macé;124.4;
61241;La Madeleine-Bouvet;77.5;
61242;Le Mage;85;
61243;Magny-le-Désert;89.6;
61244;Mahéru;68.6;
61248;Mantilly;60.2;
61251;Marchemaisons;144.4;*
61252;Mardilly;69.1;
61255;Mauves-sur-Huisne;83.8;
61256;Médavy;0.6;
61257;Méhoudin;92.2;
61258;Le Mêle-sur-Sarthe;55.1;
61259;Le Ménil-Bérard;65.9;*
61260;Le Ménil-de-Briouze;63.7;
61261;Le Ménil-Broût;99.1;
61262;Le Ménil-Ciboult;88.9;
61263;Ménil-Erreux;63.4;
61264;Ménil-Froger;155.1;
61265;Ménil-Gondouin;77.4;
61266;Le Ménil-Guyon;69.5;
61267;Ménil-Hermei;75.8;
61268;Ménil-Hubert-en-Exmes;72.1;
61269;Ménil-Hubert-sur-Orne;110.8;
61271;Le Ménil-Scelleur;224.8;
61272;Le Ménil-Vicomte;127;
61273;Ménil-Vin;203.8;
61274;Les Menus;110.4;
61275;Le Merlerault;78.2;
61276;Merri;42;
61277;La Mesnière;114.3;
61278;Messei;85.8;
61279;Mieuxcé;83.6;*
61281;Moncy;126.1;
61283;Montabard;126.7;
61284;Montchevrel;96.8;
61286;Montgaudry;123.5;*
61287;Montilly-sur-Noireau;45.8;
61288;Montmerrei;61.2;
61289;Mont-Ormel;46.4;*
61290;Montreuil-au-Houlme;82.9;
61291;Montreuil-la-Cambe;117.6;
61292;Montsecret-Clairefougère;94.6;
61293;Mortagne-au-Perche;50.5;*
61294;Mortrée;94.1;
61295;La Motte-Fouquet;82.1;*
61297;Moulins-la-Marche;89.7;
61298;Moulins-sur-Orne;122.3;
61300;Moutiers-au-Perche;88.2;
61301;Neauphe-sous-Essai;61.6;
61302;Neauphe-sur-Dive;123.6;
61303;Nécy;131.9;
61304;Neuilly-le-Bisson;6;*
61307;Neuville-sur-Touques;55.2;
61308;Neuvy-au-Houlme;139.2;
61309;Perche en Nocé;90.2;
61310;Nonant-le-Pin;61.5;
61314;Occagnes;105.7;
61316;Ommoy;86.8;
61317;Orgères;68.9;
61319;Origny-le-Roux;140.1;
61321;Pacé;93.9;
61322;Parfondeval;54;
61323;Le Pas-Saint-l'Homer;87.9;
61324;Passais Villages;67;
61326;Perrou;23.5;
61327;Pervenchères;67.6;
61328;Le Pin-au-Haras;80.1;
61329;Le Pin-la-Garenne;76.5;
61330;Planches;59.4;
61331;Le Plantis;44.3;
61332;Pointel;120.4;
61333;Pontchardon;15.1;
61336;Pouvrai;196.9;
61339;Putanges-le-Lac;81.2;
61341;Écouves;76.1;
61342;Rai;86.2;
61344;Rânes;63.4;
61345;Rémalard en Perche;122;
61346;Le Renouard;57.5;*
61347;Résenlieu;80;*
61348;Réveillon;187.8;
61349;Ri;102;
61350;La Roche-Mabile;63.1;
61351;Roiville;92.3;*
61352;Rônai;138.3;
61357;Rouperroux;74.1;
61358;Sai;134.6;
61360;Saint-Agnan-sur-Sarthe;57;
61361;Saint-André-de-Briouze;98.4;
61362;Saint-André-de-Messei;73.7;
61363;Saint-Aquilin-de-Corbion;82.2;
61365;Saint-Aubin-d'Appenai;84.9;
61366;Saint-Aubin-de-Bonneval;95.8;
61367;Saint-Aubin-de-Courteraie;92.6;
61369;Saint-Bômer-les-Forges;85.2;
61370;Saint-Brice;33.7;
61371;Saint-Brice-sous-Rânes;65.2;
61372;Saint-Céneri-le-Gérei;136.8;
61373;Sainte-Céronne-lès-Mortagne;92;
61374;Saint-Christophe-de-Chaulieu;82.1;
61375;Boischampré;106.7;
61376;Saint-Clair-de-Halouze;68.7;
61379;Saint-Cyr-la-Rosière;131.7;
61381;Saint-Denis-sur-Huisne;54.9;
61382;Saint-Denis-sur-Sarthon;52.4;
61384;Saint-Ellier-les-Bois;71.1;
61385;Saint-Evroult-de-Montfort;70.4;
61386;Saint-Evroult-Notre-Dame-du-Bois;38.4;
61387;Saint-Fraimbault;65.6;
61388;Saint-Fulgent-des-Ormes;124.7;
61389;Sainte-Gauburge-Sainte-Colombe;76.7;
61390;Saint-Georges-d'Annebecq;60.6;
61391;Saint-Georges-des-Groseillers;113.6;
61392;Saint-Germain-d'Aunay;49.6;
61393;Saint-Germain-de-Clairefeuille;67.3;
61394;Saint-Germain-de-la-Coudre;97.8;
61395;Saint-Germain-des-Grois;102;
61396;Saint-Germain-de-Martigny;59.8;*
61397;Saint-Germain-du-Corbéis;76.5;
61398;Saint-Germain-le-Vieux;77;
61399;Saint-Gervais-des-Sablons;49.4;
61400;Saint-Gervais-du-Perron;107.9;
61401;Saint-Gilles-des-Marais;86.2;
61402;Saint-Hilaire-de-Briouze;111.2;
61404;Saint-Hilaire-le-Châtel;114.1;
61405;Saint-Hilaire-sur-Erre;62.7;
61406;Saint-Hilaire-sur-Risle;65.9;
61407;Sainte-Honorine-la-Chardonne;79.8;
61408;Sainte-Honorine-la-Guillaume;116.2;
61411;Saint-Jouin-de-Blavou;84.2;
61412;Saint-Julien-sur-Sarthe;58.6;
61413;Saint-Lambert-sur-Dive;117.8;
61414;Saint-Langis-lès-Mortagne;145.1;
61415;Saint-Léger-sur-Sarthe;122.4;
61416;Saint-Léonard-des-Parcs;90.5;
61418;Saint-Mard-de-Réno;161.8;
61419;Sainte-Marguerite-de-Carrouges;68.4;*
61420;Sainte-Marie-la-Robert;166.3;
61421;Saint-Mars-d'Égrenne;53.4;
61422;Les Aspres;75.7;
61423;Saint-Martin-d'Écublei;93.4;*
61424;Saint-Martin-des-Landes;116.2;
61425;Saint-Martin-des-Pézerits;117.7;
61426;Saint-Martin-du-Vieux-Bellême;57.4;
61427;Saint-Martin-l'Aiguillon;195.7;
61429;Charencey;118.1;
61432;Saint-Michel-Tubœuf;140.9;
61433;Saint-Nicolas-des-Bois;43.7;
61435;Saint-Nicolas-de-Sommaire;86.5;
61436;Sainte-Opportune;69.2;
61438;Saint-Ouen-de-Sécherouvre;95.5;
61439;Saint-Ouen-le-Brisoult;68.4;
61440;Saint-Ouen-sur-Iton;84.4;
61442;Saint-Patrice-du-Désert;74.2;
61443;Saint-Paul;87;
61444;Saint-Philbert-sur-Orne;80.6;
61445;Saint-Pierre-d'Entremont;61.5;
61446;Saint-Pierre-des-Loges;68.8;
61447;Saint-Pierre-du-Regard;57.1;
61448;Saint-Pierre-la-Bruyère;64.6;
61450;Saint-Quentin-de-Blavou;65.6;
61451;Saint-Quentin-les-Chardonnets;53.9;
61452;Saint-Roch-sur-Égrenne;64.7;
61453;Saint-Sauveur-de-Carrouges;137.9;
61454;Sainte-Scolasse-sur-Sarthe;118.1;
61456;Saint-Sulpice-sur-Risle;101.9;
61457;Saint-Symphorien-des-Bruyères;126.3;
61459;Saires-la-Verrerie;68.6;
61460;Sap-en-Auge;62.5;
61461;Le Sap-André;115.4;
61462;Sarceaux;100.4;
61463;Les Monts d'Andaine;70.3;
61464;Sées;108.3;
61466;La Selle-la-Forge;71.7;
61467;Semallé;106.6;
61472;Sévigny;78.2;
61473;Sevrai;114.3;*
61474;Gouffern en Auge;83;
61475;Soligny-la-Trappe;72.6;*
61476;Suré;100.7;
61479;Tanques;88.6;
61480;Tanville;141.7;
61481;Tellières-le-Plessis;112.4;
61482;Tessé-Froulay;95.2;
61483;Bagnoles de l'Orne Normandie;90.7;
61484;Val-au-Perche;87.3;
61485;Ticheville;78.1;
61486;Tinchebray-Bocage;60.4;
61487;Torchamp;79.3;
61488;Touquettes;104.7;
61490;Tournai-sur-Dive;47.1;
61491;Tourouvre au Perche;94.8;
61492;Trémont;92;
61493;La Trinité-des-Laitiers;118.7;
61494;Trun;42.3;
61497;Valframbert;86.8;
61498;Vaunoise;128.6;
61499;Les Ventes-de-Bourse;81.8;
61500;La Ventrouze;72.1;
61501;Verrières;106.9;
61502;Vidai;28.3;*
61503;Vieux-Pont;138.5;
61505;Villedieu-lès-Bailleul;100.1;
61507;Villiers-sous-Mortagne;94.5;
61508;Vimoutiers;21.8;
61510;Vitrai-sous-Laigle;111.2;
61512;Les Yveteaux;153.6;
62001;Ablain-Saint-Nazaire;115.7;
62002;Ablainzevelle;92.6;
62003;Acheville;83.2;
62004;Achicourt;83.4;
62005;Achiet-le-Grand;96.4;
62006;Achiet-le-Petit;78.6;
62007;Acq;106.7;
62008;Acquin-Westbécourt;92.6;
62009;Adinfer;126.5;
62010;Affringues;39.5;
62011;Agnez-lès-Duisans;65.8;
62012;Agnières;N/A - division par 0;
62013;Agny;42.2;
62014;Aire-sur-la-Lys;56.6;
62015;Airon-Notre-Dame;48.3;
62016;Airon-Saint-Vaast;140.9;
62017;Aix-en-Ergny;43;
62018;Aix-en-Issart;104.9;
62019;Aix-Noulette;49.2;
62020;Alembon;62.4;
62021;Alette;80.6;
62022;Alincthun;54;
62023;Allouagne;56.5;
62024;Alquines;54.6;
62025;Ambleteuse;41.2;
62026;Ambricourt;53.8;
62027;Ambrines;84.3;
62028;Ames;66.2;
62029;Amettes;123.8;
62030;Amplier;37.7;
62031;Andres;51.2;
62032;Angres;45.7;
62033;Annay;97.1;
62034;Annequin;54.9;
62035;Annezin;1;
62036;Anvin;93.6;
62037;Anzin-Saint-Aubin;81.3;
62038;Ardres;59;
62039;Arleux-en-Gohelle;82;
62040;Arques;55.6;
62041;Arras;32.1;
62042;Athies;89.8;
62043;Les Attaques;92.8;
62044;Attin;90.7;
62045;Aubigny-en-Artois;67.9;
62046;Aubin-Saint-Vaast;42.2;
62047;Aubrometz;96.4;
62048;Auchel;48.7;
62049;Auchy-au-Bois;76.7;
62050;Auchy-lès-Hesdin;114.7;
62051;Auchy-les-Mines;61.8;
62052;Audembert;69.8;
62053;Audincthun;63.4;
62054;Audinghen;71.4;
62055;Audrehem;84.2;
62056;Audresselles;100;
62057;Audruicq;68.9;
62058;Aumerval;145.4;
62059;Autingues;128.9;
62060;Auxi-le-Château;109.6;
62061;Averdoingt;61.9;
62062;Avesnes;112.1;
62063;Avesnes-le-Comte;57.3;
62064;Avesnes-lès-Bapaume;197.8;
62065;Avion;95.9;
62066;Avondance;149.1;
62067;Avroult;132.8;
62068;Ayette;66.1;
62069;Azincourt;89.3;
62070;Bailleul-aux-Cornailles;105.2;
62071;Bailleul-lès-Pernes;19.6;
62072;Bailleulmont;176.4;
62073;Bailleul-Sir-Berthoult;56.9;
62074;Bailleulval;79.6;*
62075;Baincthun;91.7;
62076;Bainghen;41.8;
62077;Bajus;30;
62078;Balinghem;59.9;
62079;Bancourt;67.4;
62080;Bapaume;92.7;
62081;Baralle;78.9;
62082;Barastre;42.4;
62083;Barlin;50.4;
62084;Barly;77.4;
62085;Basseux;46.4;
62086;Bavincourt;106.6;
62087;Bayenghem-lès-Éperlecques;53.1;
62088;Bayenghem-lès-Seninghem;91;
62089;Bazinghen;77.1;
62090;Béalencourt;85.1;
62091;Beaudricourt;70.4;
62092;Beaufort-Blavincourt;52.9;*
62093;Beaulencourt;92.6;*
62094;Beaumerie-Saint-Martin;138.1;
62095;Beaumetz-lès-Aire;50.1;
62096;Beaumetz-lès-Cambrai;81;
62097;Beaumetz-lès-Loges;229.2;
62099;Beaurains;82.5;
62100;Beaurainville;94.4;
62101;Beauvois;59.1;
62102;Bécourt;60.4;
62103;Béhagnies;142.8;
62104;Bellebrune;99.5;
62105;Belle-et-Houllefort;59.3;
62106;Bellonne;205.8;
62107;Bénifontaine;48.4;
62108;Berck;132.3;
62109;Bergueneuse;96.5;
62111;Berlencourt-le-Cauroy;69.7;
62112;Berles-au-Bois;64.2;
62113;Berles-Monchel;152.3;
62114;Bermicourt;219.6;
62115;Berneville;79.5;
62116;Bernieulles;93.9;
62117;Bertincourt;47.3;*
62118;Béthonsart;68.9;
62119;Béthune;57.4;
62120;Beugin;N/A - division par 0;
62121;Beugnâtre;87.2;
62122;Beugny;77;
62123;Beussent;86.7;
62124;Beutin;60.5;
62125;Beuvrequen;28.5;
62126;Beuvry;59.1;
62127;Bezinghem;76.9;
62128;Biache-Saint-Vaast;56.5;
62129;Biefvillers-lès-Bapaume;112.6;
62130;Bienvillers-au-Bois;107.1;
62131;Bihucourt;242.8;
62132;Billy-Berclau;86.1;
62133;Billy-Montigny;N/A - division par 0;
62134;Bimont;53.8;
62135;Blairville;69.7;
62137;Blangerval-Blangermont;86.5;
62138;Blangy-sur-Ternoise;124.8;
62139;Blendecques;32;*
62140;Bléquin;81.9;
62141;Blessy;53.7;
62142;Blingel;125.6;
62143;Boffles;119.1;
62144;Boiry-Becquerelle;93.4;
62145;Boiry-Notre-Dame;98.7;
62146;Boiry-Saint-Martin;56.1;
62147;Boiry-Sainte-Rictrude;64.5;
62148;Bois-Bernard;48.3;
62149;Boisdinghem;59.1;
62150;Boisjean;163.7;
62151;Boisleux-au-Mont;120.3;
62152;Boisleux-Saint-Marc;N/A - division par 0;
62153;Bomy;87.9;
62154;Bonnières;127.7;
62155;Bonningues-lès-Ardres;92.6;
62156;Bonningues-lès-Calais;123.9;
62157;Boubers-lès-Hesmond;66.3;
62158;Boubers-sur-Canche;54;
62160;Boulogne-sur-Mer;N/A - division par 0;
62161;Bouquehault;69.3;
62162;Bourecq;97.2;
62163;Bouret-sur-Canche;114.4;
62164;Bourlon;76.6;
62165;Bournonville;46.8;
62166;Bours;63.2;
62167;Boursin;54.5;
62168;Bourthes;73.9;
62169;Bouvelinghem;5.4;
62170;Bouvigny-Boyeffles;62.5;
62171;Boyaval;90.1;*
62172;Boyelles;140.9;
62173;Brebières;94.9;
62174;Brêmes;163.3;
62175;Brévillers;88.3;
62176;Bréxent-Énocq;163.7;
62177;Brimeux;106.7;
62178;Bruay-la-Buissière;108;
62179;Brunembert;62.8;
62180;Brias;110.7;
62181;Bucquoy;105.8;
62182;Buire-au-Bois;64.8;
62183;Buire-le-Sec;112.2;
62184;Buissy;57.3;
62185;Bullecourt;83.5;
62186;Bully-les-Mines;130.2;
62187;Buneville;72.8;
62188;Burbure;73.3;
62189;Bus;61.9;
62190;Busnes;68.5;
62191;Caffiers;72.3;
62192;Cagnicourt;96.1;
62193;Calais;66.6;
62194;Calonne-Ricouart;28;
62195;Calonne-sur-la-Lys;44.3;
62196;La Calotterie;73.4;
62197;Camblain-Châtelain;35;
62198;Cambligneul;98.3;
62199;Camblain-l'Abbé;91.5;
62200;Cambrin;14.6;
62201;Camiers;112.9;
62202;Campagne-lès-Boulonnais;63.1;
62203;Campagne-lès-Guines;96.2;
62204;Campagne-lès-Hesdin;117.5;
62205;Campagne-lès-Wardrecques;101.6;
62206;Campigneulles-les-Grandes;105.9;
62207;Campigneulles-les-Petites;112.4;
62208;Canettemont;95.3;
62209;Canlers;113.9;
62211;Capelle-Fermont;68.4;
62212;Capelle-lès-Hesdin;64.3;
62213;Carency;103.1;
62214;Carly;122.3;
62215;Carvin;81.1;
62216;La Cauchie;32.2;
62217;Cauchy-à-la-Tour;61;
62218;Caucourt;183.4;
62219;Caumont;105.1;
62220;Cavron-Saint-Martin;80.3;
62221;Chelers;87.9;
62222;Chériennes;50.6;
62223;Chérisy;83.4;
62224;Chocques;31.5;
62225;Clairmarais;53.1;
62227;Clenleu;105.1;
62228;Clerques;53.7;
62229;Cléty;69.4;
62230;Colembert;58.3;
62231;Colline-Beaumont;133.2;
62232;La Comté;137.7;
62233;Conchil-le-Temple;111.2;
62234;Conchy-sur-Canche;103.3;
62235;Condette;73.5;
62236;Contes;73.3;
62237;Conteville-lès-Boulogne;61.1;
62238;Conteville-en-Ternois;133.2;
62239;Coquelles;50.5;
62240;Corbehem;115.8;
62241;Cormont;104.8;
62242;Couin;112.5;
62243;Coullemont;62.1;
62244;Coulogne;46.2;
62245;Coulomby;59.1;
62246;Coupelle-Neuve;59.5;
62247;Coupelle-Vieille;59.1;
62248;Courcelles-le-Comte;59.4;
62249;Courcelles-lès-Lens;69.1;
62250;Courrières;95.1;
62251;Courset;50.2;
62252;La Couture;36.7;
62253;Couturelle;247.4;
62254;Coyecques;64;
62255;Crémarest;73.3;
62256;Crépy;124.7;
62257;Créquy;113.1;
62258;Croisette;119.7;
62259;Croisilles;111.4;
62260;Croix-en-Ternois;92.7;
62261;Cucq;94.5;
62262;Cuinchy;76.6;*
62263;Dainville;114.4;
62264;Dannes;46.4;
62265;Delettes;69.2;
62266;Denier;N/A - division par 0;
62267;Dennebrœucq;67.3;*
62268;Desvres;77.1;
62269;Diéval;69.6;
62270;Divion;65.3;
62271;Dohem;61.3;
62272;Douchy-lès-Ayette;57.7;
62273;Doudeauville;72.6;
62274;Dourges;133.1;
62275;Douriez;116.9;
62276;Douvrin;73.1;
62277;Drocourt;102.3;
62278;Drouvin-le-Marais;44.4;
62279;Duisans;61.2;
62280;Dury;122.6;
62281;Echinghen;23.3;
62282;Éclimeux;136.6;
62283;Écoivres;4.2;*
62284;Écourt-Saint-Quentin;56.8;
62285;Écoust-Saint-Mein;123;
62286;Ecquedecques;19.8;
62288;Ecques;54.2;
62289;Écuires;102.2;
62290;Écurie;116.6;
62291;Éleu-dit-Leauwette;N/A - division par 0;
62292;Elnes;42.6;
62293;Embry;104.1;
62295;Enquin-lez-Guinegatte;79.6;
62296;Enquin-sur-Baillons;128.9;
62297;Éperlecques;63.6;
62298;Épinoy;67;
62299;Eps;60.7;
62300;Équihen-Plage;96.2;
62301;Équirre;117.6;
62302;Ergny;102.9;
62303;Érin;77.6;
62304;Erny-Saint-Julien;80.9;
62306;Ervillers;115.9;
62307;Escalles;84.9;
62308;Escœuilles;87.5;
62309;Esquerdes;105.3;
62310;Essars;10.6;
62311;Estevelles;18.5;
62312;Estrée;52;
62313;Estrée-Blanche;64;
62314;Estrée-Cauchy;82.4;
62315;Estréelles;31;
62316;Estrée-Wamin;52.3;
62317;Étaing;127.2;
62318;Étaples;76.5;
62319;Éterpigny;141.5;
62320;Étrun;175.3;
62321;Évin-Malmaison;89.3;
62322;Famechon;138.9;
62323;Fampoux;69.3;
62324;Farbus;139.2;
62325;Fauquembergues;59.6;
62326;Favreuil;107.7;
62327;Febvin-Palfart;89.4;
62328;Ferfay;137.1;
62329;Ferques;147.4;
62330;Festubert;35.6;
62331;Feuchy;95.9;
62332;Ficheux;76.4;
62333;Fiefs;98.7;
62334;Fiennes;88.3;
62335;Fillièvres;56.1;
62336;Fléchin;61.8;
62337;Flers;96.5;
62338;Fleurbaix;43.6;
62339;Fleury;126.9;
62340;Floringhem;117.3;
62341;Foncquevillers;180.9;
62342;Fontaine-lès-Boulans;115.4;
62343;Fontaine-lès-Croisilles;123.4;
62344;Fontaine-lès-Hermans;154.4;
62345;Fontaine-l'Étalon;69.2;
62346;Fortel-en-Artois;101.7;
62347;Fosseux;83.1;
62348;Foufflin-Ricametz;130.5;
62349;Fouquereuil;N/A - division par 0;
62350;Fouquières-lès-Béthune;61.3;
62351;Fouquières-lès-Lens;N/A - division par 0;
62352;Framecourt;159.4;
62353;Frémicourt;139.2;*
62354;Frencq;111.1;
62355;Fresnes-lès-Montauban;83.6;
62356;Fresnicourt-le-Dolmen;118.6;
62357;Fresnoy;111.3;
62358;Fresnoy-en-Gohelle;84.6;
62359;Fressin;84.3;
62360;Fréthun;49.8;
62361;Frévent;89.3;
62362;Frévillers;109.1;
62363;Frévin-Capelle;115.4;
62364;Fruges;87.8;
62365;Galametz;134.4;
62366;Gauchin-Légal;88.6;
62367;Gauchin-Verloingt;120;
62368;Gaudiempré;99.5;
62369;Gavrelle;50.4;
62370;Gennes-Ivergny;100.1;
62371;Givenchy-en-Gohelle;95.8;
62372;Givenchy-le-Noble;135.5;
62373;Givenchy-lès-la-Bassée;55.5;
62374;Gomiécourt;117.5;
62375;Gommecourt;130;
62376;Gonnehem;57.1;
62377;Gosnay;N/A - division par 0;
62378;Gouves;171.9;
62379;Gouy-en-Artois;145.1;
62380;Gouy-Servins;92.7;
62381;Gouy-en-Ternois;56.7;
62382;Gouy-Saint-André;126;
62383;Gouy-sous-Bellonne;98.4;
62384;Graincourt-lès-Havrincourt;99.2;
62385;Grand-Rullecourt;71.2;
62386;Grenay;19.5;
62387;Grévillers;65.3;
62388;Grigny;82.1;
62389;Grincourt-lès-Pas;270.7;
62390;Groffliers;163.5;
62391;Guarbecque;94.7;
62392;Guémappe;90.4;
62393;Guemps;94.4;
62395;Guigny;70.3;
62396;Guinecourt;131;
62397;Guînes;121.8;
62398;Guisy;24.3;
62399;Habarcq;83.1;
62400;Haillicourt;18.9;
62401;Haisnes;46;*
62402;Halinghen;87.7;
62403;Hallines;106.4;
62404;Halloy;94.5;
62405;Hamblain-les-Prés;65.1;
62406;Hamelincourt;80.7;
62407;Ham-en-Artois;75.5;
62408;Hames-Boucres;104.3;
62409;Hannescamps;117.5;
62410;Haplincourt;62.4;
62411;Haravesnes;57.4;
62412;Hardinghen;84.7;
62413;Harnes;117.6;
62414;Haucourt;124.6;
62415;Haute-Avesnes;76.9;
62416;Hautecloque;75.8;
62418;Hauteville;99.3;
62419;Haut-Loquin;89.8;
62421;Havrincourt;101.9;
62422;Hébuterne;106.6;
62423;Helfaut;89.5;
62424;Hendecourt-lès-Cagnicourt;102.6;
62425;Hendecourt-lès-Ransart;123;
62426;Héninel;87.4;
62427;Hénin-Beaumont;88.5;
62428;Hénin-sur-Cojeul;106;
62429;Henneveux;76;
62430;Hénu;71.2;
62432;Herbinghen;55.3;
62433;Héricourt;145.7;
62434;La Herlière;182.1;
62435;Herlincourt;130.2;
62436;Herlin-le-Sec;104.3;
62437;Herly;70.5;
62438;Hermaville;100.2;
62439;Hermelinghen;81.4;
62440;Hermies;62.2;
62441;Hermin;93.3;
62442;Hernicourt;102.4;
62443;Hersin-Coupigny;120;
62444;Hervelinghen;59.5;
62445;Hesdigneul-lès-Béthune;210.7;
62446;Hesdigneul-lès-Boulogne;58.2;
62447;Hesdin;N/A - division par 0;
62448;Hesdin-l'Abbé;71.3;
62449;Hesmond;95.7;
62450;Hestrus;95.5;
62451;Heuchin;64.4;
62452;Heuringhem;59;
62453;Hézecques;94.3;*
62454;Hinges;55.2;*
62455;Hocquinghen;49.8;
62456;Houchin;97.8;
62457;Houdain;70.6;
62458;Houlle;68.6;
62459;Houvin-Houvigneul;83.5;
62460;Hubersent;115.9;
62461;Huby-Saint-Leu;35.9;
62462;Huclier;51.3;
62463;Hucqueliers;55.8;
62464;Hulluch;113;
62465;Humbercamps;73;
62466;Humbert;48.9;
62467;Humerœuille;118;
62468;Humières;93.4;
62469;Inchy-en-Artois;80.6;
62470;Incourt;89.7;
62471;Bellinghem;48.7;
62472;Inxent;49;
62473;Isbergues;71.3;
62474;Isques;40;
62475;Ivergny;65.1;
62476;Izel-lès-Équerchin;61.9;
62477;Izel-lès-Hameau;132.2;
62478;Journy;35.2;
62479;Labeuvrière;67.6;
62480;Labourse;72.1;
62481;Labroye;50.3;
62483;Lacres;80.7;
62484;Lagnicourt-Marcel;103;
62485;Laires;76.6;
62486;Lambres;43.6;
62487;Landrethun-le-Nord;68.3;
62488;Landrethun-lès-Ardres;42.8;
62489;Lapugnoy;28.1;
62490;Lattre-Saint-Quentin;84.7;
62491;Laventie;51.7;
62492;Lebiez;78;
62493;Lebucquière;75.9;
62494;Léchelle;111.9;
62495;Ledinghem;117.3;
62496;Lefaux;90.7;
62497;Leforest;122.8;
62498;Lens;N/A - division par 0;
62499;Lépine;94.5;
62500;Lespesses;61.3;
62501;Lespinoy;89.5;
62502;Lestrem;55.3;
62503;Leubringhen;74.6;
62504;Leulinghem;134.9;
62505;Leulinghen-Bernes;44.9;
62506;Licques;35.8;
62507;Liencourt;77.5;
62508;Lières;15.7;
62509;Liettres;58.8;
62510;Liévin;60;
62511;Lignereuil;88.8;
62512;Ligny-lès-Aire;54;
62513;Ligny-sur-Canche;162.4;
62514;Ligny-Saint-Flochel;156.1;
62515;Ligny-Thilloy;71.5;
62516;Lillers;72.5;
62517;Linghem;48.3;
62518;Linzeux;97.9;
62519;Lisbourg;61;
62520;Locon;66.7;
62521;La Loge;92.7;
62522;Loison-sur-Créquoise;58.6;
62523;Loison-sous-Lens;2.3;
62524;Longfossé;41.4;
62525;Longuenesse;21.8;
62526;Longueville;37.4;
62527;Longvilliers;123.6;
62528;Loos-en-Gohelle;79.7;
62529;Lorgies;34.6;
62530;Lottinghen;85.2;
62531;Louches;103.9;
62532;Lozinghem;71.6;
62533;Lugy;55.4;
62534;Lumbres;14.7;
62535;La Madelaine-sous-Montreuil;30.6;
62536;Magnicourt-en-Comte;73.4;
62537;Magnicourt-sur-Canche;82.8;
62538;Maintenay;112.5;
62539;Maisnil;68.4;
62540;Maisnil-lès-Ruitz;55.6;
62541;Maisoncelle;67.2;
62542;Maizières;76.5;
62543;Mametz;72.6;
62544;Manin;58.1;
62545;Maninghem;49.3;
62546;Maninghen-Henne;56.2;
62547;Marant;99;
62548;Marck;113;
62549;Marconne;26.8;
62550;Marconnelle;70.2;
62551;Marenla;124.6;
62552;Maresquel-Ecquemicourt;121;
62553;Marest;172.4;
62554;Maresville;52.7;
62555;Marles-les-Mines;115.7;
62556;Marles-sur-Canche;52.2;
62557;Marœuil;75;
62558;Marquay;105.8;
62559;Marquion;136.1;
62560;Marquise;70.6;
62561;Martinpuich;106.3;
62562;Matringhem;68.4;
62563;Mazingarbe;74;
62564;Mazinghem;115.7;
62565;Mencas;71.3;
62566;Menneville;29.7;
62567;Mentque-Nortbécourt;69.4;
62568;Mercatel;74.4;
62569;Merck-Saint-Liévin;93.9;
62570;Méricourt;8.3;
62571;Merlimont;N/A - division par 0;
62572;Metz-en-Couture;47.6;
62573;Meurchin;99.3;*
62574;Mingoval;123.9;
62576;Moncheaux-lès-Frévent;98.4;
62577;Monchel-sur-Canche;176.1;
62578;Monchiet;43.8;
62579;Monchy-au-Bois;70.4;
62580;Monchy-Breton;68.2;
62581;Monchy-Cayeux;105.9;
62582;Monchy-le-Preux;96.1;
62583;Mondicourt;121;
62584;Mont-Bernanchon;37.1;
62585;Montcavrel;86.9;
62586;Montenescourt;49.4;
62587;Montigny-en-Gohelle;0;
62588;Montreuil;2.5;
62589;Mont-Saint-Éloi;61.5;
62590;Monts-en-Ternois;165.9;
62591;Morchies;61.8;
62592;Moringhem;58.6;
62593;Morval;77.1;
62594;Mory;173.3;*
62595;Moulle;65.4;
62596;Mouriez;109.5;
62597;Moyenneville;47.2;
62598;Muncq-Nieurlet;97.1;
62599;Nabringhen;67;
62600;Nédon;90.2;
62601;Nédonchel;50.3;
62602;Nempont-Saint-Firmin;85.3;
62603;Nesles;36.6;
62604;Neufchâtel-Hardelot;75.6;
62605;Neulette;115.9;
62606;Neuve-Chapelle;13;
62607;Neuville-au-Cornet;63.5;
62608;Neuville-Bourjonval;122;
62609;Neuville-Saint-Vaast;74.5;
62610;Neuville-sous-Montreuil;101.2;
62611;Neuville-Vitasse;71.6;
62612;Neuvireuil;100.7;
62613;Nielles-lès-Bléquin;85.9;
62614;Nielles-lès-Ardres;95.4;
62615;Nielles-lès-Calais;138.8;
62616;Nœux-lès-Auxi;93.2;
62617;Nœux-les-Mines;54.1;
62618;Nordausques;123.4;
62619;Noreuil;73;
62620;Norrent-Fontes;59.4;
62621;Nortkerque;59.3;
62622;Nort-Leulinghem;78.5;
62623;Nouvelle-Église;77.9;
62624;Noyelles-Godault;45.8;
62625;Noyelles-lès-Humières;69.6;
62626;Noyelles-lès-Vermelles;46.1;
62627;Noyelles-sous-Bellonne;86;
62628;Noyelles-sous-Lens;85.2;
62629;Noyellette;21.5;
62630;Noyelle-Vion;80.7;
62631;Nuncq-Hautecôte;144.9;
62632;Oblinghem;199;
62633;Œuf-en-Ternois;114;
62634;Offekerque;92.5;
62635;Offin;144.3;
62636;Offrethun;79.6;
62637;Oignies;N/A - division par 0;
62638;Oisy-le-Verger;93.7;
62639;Oppy;196.5;
62640;Orville;34.7;
62641;Ostreville;51.8;
62642;Ourton;96.6;
62643;Outreau;85.2;
62644;Ouve-Wirquin;47;
62645;Oye-Plage;63.7;
62646;Palluel;N/A - division par 0;
62647;Le Parcq;81.5;
62648;Parenty;73.6;
62649;Pas-en-Artois;84.5;
62650;Pelves;85.4;
62651;Penin;94.3;
62652;Pernes;99.6;
62653;Pernes-lès-Boulogne;82.3;
62654;Peuplingues;99.8;
62655;Pierremont;119.3;
62656;Pihem;54.5;
62657;Pihen-lès-Guînes;106.9;
62658;Pittefaux;123;
62659;Planques;52.3;
62660;Plouvain;54.9;
62661;Bouin-Plumoison;48.5;
62662;Polincove;118.7;
62663;Pommera;N/A - division par 0;
62664;Pommier;105.9;
62665;Le Ponchel;77;
62666;Pont-à-Vendin;N/A - division par 0;
62667;Le Portel;N/A - division par 0;
62668;Prédefin;61.9;*
62669;Pressy;66.3;
62670;Preures;78.3;
62671;Pronville-en-Artois;83.4;
62672;Puisieux;92;
62673;Quéant;99.7;
62674;Quelmes;90.6;
62675;Quercamps;39.3;
62676;Quernes;76.7;
62677;Le Quesnoy-en-Artois;74.4;
62678;Quesques;54.8;
62679;Questrecques;75.6;
62680;Quiéry-la-Motte;88.6;
62681;Quiestède;N/A - division par 0;
62682;Quilen;126.6;
62683;Quœux-Haut-Maînil;160.2;
62684;Racquinghem;29;
62685;Radinghem;100.5;
62686;Ramecourt;94.9;*
62688;Rang-du-Fliers;96.3;
62689;Ransart;40.5;
62690;Raye-sur-Authie;195.4;
62691;Saint-Augustin;64.2;
62692;Rebergues;17.5;
62693;Rebreuve-Ranchicourt;70.9;
62694;Rebreuve-sur-Canche;102.7;
62695;Rebreuviette;112.1;
62696;Reclinghem;81.2;
62697;Récourt;95.3;
62698;Recques-sur-Course;147;
62699;Recques-sur-Hem;107.3;
62700;Regnauville;115.2;
62701;Rely;75.3;
62702;Remilly-Wirquin;82.6;
62703;Rémy;95;
62704;Renty;88.9;
62705;Rety;60.1;
62706;Richebourg;64.9;
62708;Riencourt-lès-Bapaume;102.3;
62709;Riencourt-lès-Cagnicourt;90.7;
62710;Rimboval;104.5;
62711;Rinxent;58.3;
62712;Rivière;92.3;*
62713;Robecq;43.6;
62714;Roclincourt;117.2;
62715;Rocquigny;55.8;
62716;Rodelinghem;96.3;
62717;Roëllecourt;44.2;*
62718;Rœux;65.6;
62719;Rollancourt;108.7;
62720;Rombly;38.2;
62721;Roquetoire;66.5;
62722;Rougefay;70.2;
62723;Roussent;126.5;
62724;Rouvroy;56.3;
62725;Royon;159.3;
62726;Ruisseauville;142.6;
62727;Ruitz;35;
62728;Rumaucourt;88.8;
62729;Rumilly;60.5;
62730;Ruminghem;89.4;
62731;Ruyaulcourt;44.9;
62732;Sachin;138.1;
62733;Sailly-au-Bois;79.8;
62734;Sailly-en-Ostrevent;53.3;
62735;Sailly-Labourse;43.7;
62736;Sailly-sur-la-Lys;43.4;
62737;Sains-en-Gohelle;56.2;
62738;Sains-lès-Fressin;86.2;
62739;Sains-lès-Marquion;71.3;
62740;Sains-lès-Pernes;15.1;
62741;Saint-Amand;131;
62742;Saint-Aubin;182.8;
62743;Sainte-Austreberthe;112.6;
62744;Sainte-Catherine;54.1;
62745;Saint-Denœux;101.8;
62746;Saint-Étienne-au-Mont;63;
62747;Saint-Floris;70.9;
62748;Saint-Folquin;65.8;
62749;Saint-Georges;77.7;
62750;Saint-Hilaire-Cottes;101.9;
62751;Saint-Inglevert;111.8;
62752;Saint-Josse;113.2;
62753;Saint-Laurent-Blangy;90.5;
62754;Saint-Léger;178.8;
62755;Saint-Léonard;N/A - division par 0;
62756;Sainte-Marie-Kerque;73.8;
62757;Saint-Martin-lez-Tatinghem;63.8;
62758;Saint-Martin-Boulogne;137.5;
62759;Saint-Martin-Choquel;35;
62760;Saint-Martin-d'Hardinghem;45;
62761;Saint-Martin-sur-Cojeul;153.5;
62762;Saint-Michel-sous-Bois;51.8;
62763;Saint-Michel-sur-Ternoise;105.8;
62764;Saint-Nicolas;70.2;
62765;Saint-Omer;15.7;
62766;Saint-Omer-Capelle;69.1;
62767;Saint-Pol-sur-Ternoise;121.3;
62768;Saint-Rémy-au-Bois;153.6;
62769;Saint-Tricat;79.1;
62770;Saint-Venant;94.8;
62771;Sallaumines;1.8;
62772;Salperwick;82.2;
62773;Samer;51.7;
62774;Sangatte;110.2;
62775;Sanghen;39.3;
62776;Sapignies;77;
62777;Le Sars;66.6;
62778;Sars-le-Bois;54.2;
62779;Sarton;140.6;*
62780;Sauchy-Cauchy;39.3;
62781;Sauchy-Lestrée;111;*
62782;Saudemont;54.2;
62783;Saulchoy;134.5;
62784;Saulty;116;
62785;Savy-Berlette;58;*
62786;Selles;40.8;
62787;Sempy;128.8;
62788;Seninghem;74.2;
62789;Senlecques;62.8;
62790;Senlis;64.2;
62791;Séricourt;54.8;*
62792;Serques;45.5;
62793;Servins;44.9;
62794;Setques;143.5;
62795;Sibiville;71.1;
62796;Simencourt;14.1;
62797;Siracourt;66.7;
62798;Sombrin;174.6;
62799;Sorrus;174.2;
62800;Souastre;47.7;*
62801;Souchez;57.1;
62802;Le Souich;111.6;
62803;Surques;76.2;
62804;Sus-Saint-Léger;96.5;
62805;Tangry;75;
62806;Tardinghen;80.3;
62808;Teneur;70.4;
62809;Ternas;170.8;
62810;Thélus;52.4;
62811;Thérouanne;56.7;
62812;Thiembronne;79.4;
62813;La Thieuloye;92.6;
62814;Thièvres;111.3;
62815;Tigny-Noyelle;133.7;
62816;Tilloy-lès-Hermaville;82.9;
62817;Tilloy-lès-Mofflaines;82;
62818;Tilly-Capelle;160.1;
62819;Tilques;41.4;
62820;Tincques;122.1;
62821;Tingry;91.6;*
62822;Tollent;176.1;
62823;Torcy;75.9;
62824;Tortefontaine;184.6;
62825;Tortequesne;64.6;
62826;Le Touquet-Paris-Plage;101.6;
62827;Tournehem-sur-la-Hem;106.4;
62828;Tramecourt;45.5;
62829;Le Transloy;82.7;
62830;Trescault;62.2;
62831;Troisvaux;53;
62832;Tubersent;127.5;
62833;Vacquerie-le-Boucq;104.9;
62834;Vacqueriette-Erquières;126.4;
62835;Valhuon;88.9;
62836;Vaudricourt;35.3;
62837;Vaudringhem;44.3;
62838;Vaulx;71.2;
62839;Vaulx-Vraucourt;69.6;
62840;Vélu;34.7;
62841;Vendin-lès-Béthune;125.2;
62842;Vendin-le-Vieil;122.9;
62843;Verchin;74.1;
62844;Verchocq;59.4;
62845;Verlincthun;78.1;
62846;Vermelles;71.2;
62847;Verquigneul;41.4;
62848;Verquin;67.9;
62849;Verton;61.6;
62850;Vieil-Hesdin;115.8;
62851;Vieille-Chapelle;44;
62852;Vieille-Église;93.5;
62853;Vieil-Moutier;75.3;
62854;Villers-au-Bois;79.1;
62855;Villers-au-Flos;49.2;
62856;Villers-Brûlin;94.1;
62857;Villers-Châtel;156;
62858;Villers-lès-Cagnicourt;159.6;
62859;Villers-l'Hôpital;64.4;*
62860;Villers-Sir-Simon;81.6;
62861;Vimy;69.9;
62862;Vincly;84.6;
62863;Violaines;60.2;
62864;Vis-en-Artois;70.1;
62865;Vitry-en-Artois;75.6;
62866;Waben;123.5;
62867;Wacquinghen;99;
62868;Wail;102.6;
62869;Wailly;123.1;
62870;Wailly-Beaucamp;95.8;
62871;Wambercourt;130.7;
62872;Wamin;136.6;
62873;Wancourt;128.8;
62874;Wanquetin;113;
62875;Wardrecques;58.7;
62876;Warlencourt-Eaucourt;66.2;
62877;Warlincourt-lès-Pas;95;
62878;Warlus;100.7;
62879;Warluzel;77.4;
62880;Le Wast;66.5;
62881;Beauvoir-Wavans;91.3;
62882;Wavrans-sur-l'Aa;70.6;
62883;Wavrans-sur-Ternoise;111.8;*
62885;Westrehem;152.6;
62886;Wicquinghem;90.6;
62887;Widehem;155.7;
62888;Wierre-au-Bois;88.3;
62889;Wierre-Effroy;67.3;
62890;Willeman;116.6;
62891;Willencourt;81.4;
62892;Willerval;81.3;
62893;Wimereux;73.3;
62894;Wimille;88.3;
62895;Wingles;N/A - division par 0;
62896;Wirwignes;45.7;
62897;Wismes;43.7;
62898;Wisques;90.6;
62899;Wissant;78.6;
62900;Witternesse;44.6;
62901;Wittes;151.4;
62902;Wizernes;74.9;
62903;Zoteux;35.9;
62904;Zouafques;41.5;
62905;Zudausques;99.4;
62906;Zutkerque;54.3;
62907;Libercourt;0.1;
62908;La Capelle-lès-Boulogne;38.7;*
62909;Ytres;104.2;
63001;Aigueperse;46;
63002;Aix-la-Fayette;27.2;
63003;Ambert;52.2;
63004;Les Ancizes-Comps;52.4;
63005;Antoingt;54.6;
63006;Anzat-le-Luguet;96.9;
63007;Apchat;104.3;
63008;Arconsat;34.1;
63009;Ardes;33.1;
63010;Arlanc;54.9;
63011;Ars-les-Favets;107.6;
63012;Artonne;74.6;
63013;Aubiat;60.2;
63014;Aubière;64.1;
63015;Aubusson-d'Auvergne;92;*
63016;Augerolles;63.4;
63017;Augnat;84.7;
63019;Aulnat;N/A - division par 0;
63020;Aurières;57.9;
63021;Authezat;133.9;
63022;Auzat-la-Combelle;111.9;
63023;Auzelles;42;
63024;Avèze;64.5;
63025;Ayat-sur-Sioule;114.6;
63026;Aydat;76.1;
63027;Baffie;18.8;
63028;Bagnols;72.6;
63029;Bansat;42.4;
63030;Bas-et-Lezat;83.8;
63031;Beaulieu;70.1;
63032;Beaumont;N/A - division par 0;
63033;Beaumont-lès-Randan;63.9;
63034;Beauregard-l'Évêque;64.6;
63035;Beauregard-Vendon;25;
63036;Bergonne;91.8;
63037;Bertignat;59.6;
63038;Besse-et-Saint-Anastaise;85.7;
63039;Beurières;63.1;
63040;Billom;41.8;
63041;Biollet;80.3;
63042;Blanzat;16.3;
63043;Blot-l'Église;71;
63044;Bongheat;50.1;
63045;Bort-l'Étang;59.7;
63046;Boudes;34.2;
63047;La Bourboule;12.4;
63048;Bourg-Lastic;67.7;
63049;Bouzel;52.9;
63050;Brassac-les-Mines;54.8;
63051;Brenat;39.9;
63052;Le Breuil-sur-Couze;72.2;
63053;Briffons;58.4;
63054;Le Broc;61.5;
63055;Bromont-Lamothe;52.4;
63056;Brousse;49.6;
63057;Le Brugeron;12.6;
63058;Bulhon;40.9;
63059;Busséol;92.1;
63060;Bussières;71.3;
63061;Bussières-et-Pruns;75.2;
63062;Buxières-sous-Montaigut;141.6;
63063;Cébazat;31.1;
63064;La Celle;98;
63065;Ceilloux;100.3;
63066;Celles-sur-Durolle;88.4;
63067;La Cellette;96.2;
63069;Le Cendre;64.2;
63070;Ceyrat;0.3;
63071;Ceyssat;59;
63072;Chabreloche;24.1;
63073;Chadeleuf;54.7;
63074;Chalus;64.5;
63075;Chamalières;N/A - division par 0;
63076;Chambon-sur-Dolore;30.1;
63077;Chambon-sur-Lac;146.7;
63079;Champagnat-le-Jeune;65.3;
63080;Champeix;65.2;*
63081;Champétières;49.6;
63082;Champs;21.2;
63083;Chanat-la-Mouteyre;72.9;
63084;Chanonat;32.6;
63085;Chapdes-Beaufort;59;
63086;La Chapelle-Agnon;47.8;
63087;La Chapelle-Marcousse;76.2;
63088;La Chapelle-sur-Usson;78.4;
63089;Chappes;74.5;
63090;Chaptuzat;76.8;
63091;Charbonnier-les-Mines;72.7;
63092;Charbonnières-les-Varennes;68.7;
63093;Charbonnières-les-Vieilles;79.9;
63094;Charensat;71.2;
63095;Charnat;40.6;
63096;Chas;102.1;
63097;Chassagne;86.7;
63098;Chastreix;85;
63099;Châteaugay;10.5;
63100;Châteauneuf-les-Bains;73.9;
63101;Château-sur-Cher;66.4;
63102;Châteldon;52.5;
63103;Châtel-Guyon;16.9;
63104;La Chaulme;43.2;
63105;Chaumont-le-Bourg;87.5;
63106;Chauriat;123.1;
63107;Chavaroux;65.1;
63108;Le Cheix;97.9;
63109;Chidrac;81.1;
63110;Cisternes-la-Forêt;62.4;
63111;Clémensat;104.5;
63112;Clerlande;40.9;
63113;Clermont-Ferrand;52.5;*
63114;Collanges;46.7;
63115;Combrailles;58.3;
63116;Combronde;81.5;
63117;Compains;110.5;
63118;Condat-en-Combraille;72.4;
63119;Condat-lès-Montboissier;78.1;
63120;Corent;22.2;*
63121;Coudes;N/A - division par 0;
63122;Courgoul;96.6;
63123;Cournols;94.5;
63124;Cournon-d'Auvergne;70;
63125;Courpière;62.7;
63126;Le Crest;51.1;
63128;Crevant-Laveine;89.1;
63129;Cros;62;
63130;La Crouzille;160.8;
63131;Culhat;138.1;
63132;Cunlhat;59.9;
63134;Dauzat-sur-Vodable;159.2;
63135;Davayat;50.8;
63136;Domaize;37.1;
63137;Doranges;57.5;
63138;Dorat;38.5;
63139;Dore-l'Église;47.9;
63140;Durmignat;68;
63141;Durtol;N/A - division par 0;
63142;Échandelys;88.5;
63143;Effiat;74;
63144;Égliseneuve-d'Entraigues;90.8;
63145;Égliseneuve-des-Liards;51.5;*
63146;Égliseneuve-près-Billom;78.2;
63147;Églisolles;37.7;
63148;Ennezat;66.4;
63149;Entraigues;45.6;
63150;Enval;13.6;
63151;Escoutoux;57.2;
63152;Espinasse;79.2;
63153;Espinchal;97.8;
63154;Espirat;52;
63155;Estandeuil;59.6;
63156;Esteil;60.6;*
63157;Fayet-le-Château;76.6;
63158;Fayet-Ronaye;43.5;
63159;Fernoël;77.9;
63160;Aulhat-Flat;65.7;
63161;La Forie;50.1;
63162;Fournols;53.4;
63163;Gelles;52.8;
63164;Gerzat;44.9;
63165;Giat;74.8;
63166;Gignat;64;
63167;Gimeaux;28.5;
63168;Glaine-Montaigut;35.3;
63169;La Godivelle;143;
63170;La Goutelle;50.3;
63171;Gouttières;88.6;
63172;Grandeyrolles;59.8;
63173;Grandrif;45.9;
63174;Grandval;53.3;
63175;Herment;67.3;
63176;Heume-l'Église;77.6;
63177;Isserteaux;56.4;
63178;Issoire;62.9;
63179;Job;51.7;
63180;Joze;92;
63181;Jozerand;89.6;
63182;Jumeaux;0;
63183;Labessette;93.4;
63184;Lachaux;22.1;
63185;Lamontgie;36.2;
63186;Landogne;89.7;
63187;Lapeyrouse;107.4;
63188;Laps;86.2;
63189;Laqueuille;80.2;
63190;Larodde;58;*
63191;Lastic;71.5;
63192;La Tour-d'Auvergne;52.2;
63193;Lempdes;121.2;
63194;Lempty;55.1;
63195;Lezoux;67.7;
63196;Limons;43.5;
63197;Lisseuil;94.4;
63198;Loubeyrat;49.9;
63199;Ludesse;58.9;
63200;Lussat;53.9;
63201;Luzillat;45.6;
63202;Madriat;126.8;
63203;Malauzat;79.1;
63204;Malintrat;75.8;
63205;Manglieu;96.8;
63206;Manzat;111;
63207;Marat;42.8;
63208;Marcillat;74.4;
63209;Mareugheol;17.5;
63210;Maringues;58.1;
63211;Marsac-en-Livradois;57.5;
63212;Marsat;48.9;
63213;Les Martres-d'Artière;76.5;
63214;Les Martres-de-Veyre;26.6;
63215;Martres-sur-Morge;43.4;
63216;Mauzun;N/A - division par 0;
63218;Mayres;30;
63219;Mazaye;44.2;
63220;Mazoires;179.6;
63221;Medeyrolles;67.9;
63222;Meilhaud;19.8;
63223;Menat;80.6;
63224;Ménétrol;90.4;
63225;Messeix;62.1;
63226;Mur-sur-Allier;27.2;
63227;Mirefleurs;53.2;
63228;Miremont;119.7;
63229;Moissat;42;
63230;Le Monestier;12.8;
63231;La Monnerie-le-Montel;N/A - division par 0;
63232;Mons;51.7;
63233;Montaigut;31.1;
63234;Montaigut-le-Blanc;30.2;
63235;Montcel;111.7;
63236;Mont-Dore;100.4;
63237;Montel-de-Gelat;89.8;
63238;Montfermy;47.1;
63239;Montmorin;63.2;
63240;Montpensier;55.9;
63241;Montpeyroux;76.4;
63242;Moriat;101.1;
63243;Moureuille;86.4;
63244;Chambaron sur Morge;49.4;
63245;Mozac;12.4;
63246;Murat-le-Quaire;55.3;
63247;Murol;80.7;
63248;Nébouzat;71.7;
63249;Néronde-sur-Dore;33.9;
63250;Neschers;91.8;
63251;Neuf-Église;44.6;
63252;Neuville;76.7;
63253;Noalhat;34.9;
63254;Nohanent;10.1;
63255;Nonette-Orsonnette;78.8;
63256;Novacelles;53.6;
63257;Olby;53.8;
63258;Olliergues;50.7;
63259;Olloix;170.1;
63260;Olmet;19.5;
63261;Orbeil;37.3;
63262;Orcet;48.5;
63263;Orcines;56;
63264;Orcival;92.2;
63265;Orléat;39.4;
63267;Palladuc;80.7;
63268;Pardines;43.7;
63269;Parent;144.6;
63270;Parentignat;52.7;
63271;Paslières;102.4;
63272;Pérignat-lès-Sarliève;8.9;
63273;Pérignat-sur-Allier;103.6;
63274;Perpezat;78.1;
63275;Perrier;55.5;
63276;Peschadoires;52;
63277;Peslières;44.9;
63278;Pessat-Villeneuve;23.9;
63279;Picherande;76.2;
63280;Pignols;111.3;
63281;Pionsat;49.5;
63282;Plauzat;84.2;
63283;Pontaumur;95.7;
63284;Pont-du-Château;84.3;
63285;Pontgibaud;14.4;
63286;Pouzol;128.9;
63287;Les Pradeaux;83.8;
63288;Prompsat;68.2;
63289;Prondines;57;
63290;Pulvérières;86.2;
63291;Puy-Guillaume;57.8;
63292;Puy-Saint-Gulmier;65.9;
63293;Le Quartier;92.9;
63294;Queuille;109.8;
63295;Randan;65;
63296;Ravel;61.4;
63297;Reignat;53.7;
63298;La Renaudie;22.8;
63299;Rentières;87.4;
63300;Riom;63;
63301;Ris;36.3;
63302;La Roche-Blanche;10;
63303;Roche-Charles-la-Mayrand;173.3;*
63304;Roche-d'Agoux;90.3;
63305;Rochefort-Montagne;51;
63306;La Roche-Noire;9.7;
63307;Romagnat;82.5;
63308;Royat;23.4;
63309;Saillant;76.3;
63310;Sainte-Agathe;80.8;
63311;Saint-Agoulin;62.2;
63312;Saint-Alyre-d'Arlanc;65.8;
63313;Saint-Alyre-ès-Montagne;108.2;
63314;Saint-Amant-Roche-Savine;38.2;
63315;Saint-Amant-Tallende;48.5;
63317;Saint-André-le-Coq;89.3;
63318;Saint-Angel;69.4;
63319;Saint-Anthème;50.3;
63320;Saint-Avit;58;
63321;Saint-Babel;112.5;
63322;Saint-Beauzire;67.3;
63323;Saint-Bonnet-le-Bourg;43.5;
63324;Saint-Bonnet-le-Chastel;40.5;
63325;Saint-Bonnet-lès-Allier;120.4;
63326;Saint-Bonnet-près-Orcival;45.5;
63327;Saint-Bonnet-près-Riom;108.9;
63328;Sainte-Catherine;68.5;
63329;Sainte-Christine;61.1;
63330;Saint-Cirgues-sur-Couze;44.6;
63331;Saint-Clément-de-Valorgue;60.9;
63332;Saint-Clément-de-Régnat;76.1;
63333;Saint-Denis-Combarnazat;73;
63334;Saint-Dier-d'Auvergne;77;
63335;Saint-Diéry;85.4;
63336;Saint-Donat;73;
63337;Saint-Éloy-la-Glacière;15.5;
63338;Saint-Éloy-les-Mines;28.9;
63339;Saint-Étienne-des-Champs;68.9;
63340;Saint-Étienne-sur-Usson;77.5;
63341;Saint-Ferréol-des-Côtes;44.8;
63342;Saint-Floret;56.7;
63343;Saint-Flour;118.1;
63344;Saint-Gal-sur-Sioule;94.8;
63345;Saint-Genès-Champanelle;71.9;
63346;Saint-Genès-Champespe;74;
63347;Saint-Genès-du-Retz;39.7;
63348;Saint-Genès-la-Tourette;66.2;
63349;Saint-Georges-de-Mons;49;
63350;Saint-Georges-sur-Allier;54.4;
63351;Saint-Germain-près-Herment;63;
63352;Saint-Germain-Lembron;55.5;
63353;Saint-Germain-l'Herm;91.9;
63354;Saint-Gervais-d'Auvergne;60.4;
63355;Saint-Gervais-sous-Meymont;23.6;
63356;Saint-Gervazy;101.2;
63357;Saint-Hérent;80.8;
63358;Saint-Hilaire-la-Croix;55.1;
63359;Saint-Hilaire-les-Monges;47;
63360;Saint-Hilaire;83.5;
63362;Saint-Ignat;43.1;
63363;Saint-Jacques-d'Ambur;49.2;
63364;Saint-Jean-d'Heurs;47.2;
63365;Saint-Jean-des-Ollières;85;
63366;Saint-Jean-en-Val;49.6;
63367;Saint-Jean-Saint-Gervais;27.9;
63368;Saint-Julien-de-Coppel;59.6;
63369;Saint-Julien-la-Geneste;72.9;
63370;Saint-Julien-Puy-Lavèze;75.5;
63371;Saint-Just;31;
63372;Saint-Laure;84.1;
63373;Saint-Maigner;122.7;
63374;Saint-Martin-des-Olmes;69.7;
63375;Saint-Martin-des-Plains;49.3;
63376;Saint-Martin-d'Ollières;46.3;
63377;Saint-Maurice-près-Pionsat;78.5;
63378;Saint-Maurice;29.8;
63379;Saint-Myon;52;
63380;Saint-Nectaire;88.7;*
63381;Saint-Ours;68.8;
63382;Saint-Pardoux;71.6;
63383;Saint-Pierre-Colamine;73.1;
63384;Saint-Pierre-la-Bourlhonne;18.6;
63385;Saint-Pierre-le-Chastel;56.8;
63386;Saint-Pierre-Roche;57.4;
63387;Saint-Priest-Bramefant;135;
63388;Saint-Priest-des-Champs;82.9;
63389;Saint-Quentin-sur-Sauxillanges;86.7;
63390;Saint-Quintin-sur-Sioule;82.7;
63391;Saint-Rémy-de-Blot;78.8;
63392;Saint-Rémy-de-Chargnat;90.6;
63393;Saint-Rémy-sur-Durolle;91.2;
63394;Saint-Romain;33.7;
63395;Saint-Sandoux;44.1;
63396;Saint-Saturnin;117.1;
63397;Saint-Sauves-d'Auvergne;64.1;
63398;Saint-Sauveur-la-Sagne;81.7;
63399;Saint-Sulpice;63.3;
63400;Saint-Sylvestre-Pragoulin;64.8;
63401;Saint-Victor-la-Rivière;100.3;
63402;Saint-Victor-Montvianeix;14.4;
63403;Saint-Vincent;62.2;
63404;Saint-Yvoine;70.3;
63405;Sallèdes;89.8;
63406;Sardon;59.9;
63407;Saulzet-le-Froid;111;
63408;Sauret-Besserve;83;*
63409;Saurier;127.9;
63410;Sauvagnat;61.9;
63411;Sauvagnat-Sainte-Marthe;86.3;
63412;Sauvessanges;55.8;
63413;La Sauvetat;72.9;
63414;Sauviat;62.2;
63415;Sauxillanges;71.8;
63416;Savennes;56.9;
63417;Sayat;49.5;
63418;Sermentizon;58;
63419;Servant;65.2;
63420;Seychalles;60;
63421;Singles;54.5;
63422;Solignat;95.3;
63423;Sugères;78.8;
63424;Surat;46;
63425;Tallende;67.8;
63426;Tauves;62.8;
63427;Teilhède;82.2;
63428;Teilhet;66.2;
63429;Ternant-les-Eaux;19.3;
63430;Thiers;56.8;
63431;Thiolières;55.3;
63432;Thuret;61.8;
63433;Tortebesse;79.3;
63434;Tours-sur-Meymont;64.6;
63435;Tourzel-Ronzières;60.8;
63436;Tralaigues;104.5;
63437;Trémouille-Saint-Loup;35.1;
63438;Trézioux;75.3;
63439;Usson;34.1;
63440;Valbeleix;78.2;
63441;Valcivières;90.4;
63442;Valz-sous-Châteauneuf;107.2;
63443;Varennes-sur-Morge;169.5;
63444;Varennes-sur-Usson;50;
63445;Vassel;45.4;
63446;Vensat;69.9;
63447;Vergheas;60.2;
63448;Le Vernet-Chaméane;56.4;
63449;Le Vernet-Sainte-Marguerite;82.5;
63450;Verneugheol;59.6;
63451;Vernines;63.6;
63452;Verrières;N/A - division par 0;
63453;Vertaizon;100.2;
63454;Vertolaye;85.7;
63455;Veyre-Monton;36.4;
63456;Vichel;54.1;
63457;Vic-le-Comte;44.4;
63458;Villeneuve;128;
63459;Villeneuve-les-Cerfs;55.3;
63460;Villosanges;105.9;
63461;Vinzelles;51.3;
63462;Virlet;73.9;
63463;Viscomtat;27.7;
63464;Vitrac;96.7;
63465;Viverols;67.1;
63466;Vodable;81.9;
63467;Voingt;77.6;
63468;Vollore-Montagne;29.7;
63469;Vollore-Ville;63;
63470;Volvic;26.7;
63471;Youx;52.6;
63472;Yronde-et-Buron;61.3;
63473;Yssac-la-Tourette;80.6;
64001;Aast;28.7;
64002;Abère;33.2;
64003;Abidos;45.7;
64004;Abitain;52;
64005;Abos;47.9;
64006;Accous;21.4;
64007;Agnos;28.7;
64008;Ahaxe-Alciette-Bascassan;35;
64009;Ahetze;23.8;
64010;Aïcirits-Camou-Suhast;59.2;
64011;Aincille;22.7;
64012;Ainharp;38.9;
64013;Ainhice-Mongelos;45.3;
64014;Ainhoa;21.2;
64015;Alçay-Alçabéhéty-Sunharette;31.2;
64016;Aldudes;26.1;
64017;Alos-Sibas-Abense;29;
64018;Amendeuix-Oneix;29;
64019;Amorots-Succos;46.6;
64021;Andoins;32.7;
64022;Andrein;62.9;
64023;Angaïs;14.9;
64024;Anglet;11.3;
64025;Angous;48.7;
64026;Anhaux;21.3;
64027;Anos;16.4;
64028;Anoye;24.9;*
64029;Aramits;29.9;
64031;Arancou;83.2;
64032;Araujuzon;68.9;
64033;Araux;92.1;
64034;Arbérats-Sillègue;23.8;
64035;Arbonne;19.7;
64036;Arbouet-Sussaute;50.7;
64037;Arbus;27.2;
64038;Arcangues;17;
64039;Aren;56.7;
64040;Arette;32.3;
64041;Aressy;12.5;
64042;Argagnon;27.6;
64043;Argelos;17.1;
64044;Arget;51.6;
64045;Arhansus;33.5;
64046;Armendarits;36.9;
64047;Arnéguy;26.6;
64048;Arnos;23.7;
64049;Aroue-Ithorots-Olhaïby;49.8;
64050;Arrast-Larrebieu;36.5;
64051;Arraute-Charritte;31.4;
64052;Arricau-Bordes;38.1;
64053;Arrien;25.6;
64054;Arros-de-Nay;22.2;
64056;Arrosès;75.7;
64057;Arthez-de-Béarn;30.3;
64058;Arthez-d'Asson;26.1;
64059;Artigueloutan;36.6;
64060;Artiguelouve;11.8;
64061;Artix;32.1;
64062;Arudy;31.8;
64063;Arzacq-Arraziguet;52.1;
64064;Asasp-Arros;34.2;
64065;Ascain;18.2;
64066;Ascarat;32.1;
64067;Assat;19.7;
64068;Asson;33.3;
64069;Aste-Béon;20;
64070;Astis;21.2;
64071;Athos-Aspis;40.8;
64072;Aubertin;25.9;
64073;Aubin;28.1;
64074;Aubous;26.7;
64075;Audaux;40.7;
64077;Auga;22.6;
64078;Auriac;24.6;
64079;Aurions-Idernes;59.6;
64080;Aussevielle;19.3;
64081;Aussurucq;28.8;
64082;Auterrive;44.3;
64083;Autevielle-Saint-Martin-Bideren;17.5;*
64084;Aydie;46.8;
64085;Aydius;30.4;
64086;Ayherre;29.8;
64087;Baigts-de-Béarn;54.5;
64088;Balansun;31.5;
64089;Baleix;38.4;
64090;Baliracq-Maumusson;27.3;
64091;Baliros;7.4;
64092;Banca;24.8;
64093;Barcus;47.5;
64094;Bardos;44.6;
64095;Barinque;31.1;*
64096;Barraute-Camu;25.3;
64097;Barzun;28.3;
64098;Bassillon-Vauzé;45.5;
64099;Bastanès;47.3;
64100;Bassussarry;67.2;
64101;Baudreix;54.7;
64102;Bayonne;4.9;
64103;Bédeille;29.9;
64104;Bedous;27.2;
64105;Béguios;40;
64106;Béhasque-Lapiste;42.7;
64107;Béhorléguy;31.3;
64108;Bellocq;26;
64109;Bénéjacq;18.3;
64110;Béost;16.4;
64111;Bentayou-Sérée;37.8;
64112;Bérenx;55.9;
64113;Bergouey-Viellenave;49.3;
64114;Bernadets;21.1;
64115;Berrogain-Laruns;42.4;
64116;Bescat;31.2;
64117;Bésingrand;24.7;
64118;Bétracq;60.9;
64119;Beuste;29.2;
64120;Beyrie-sur-Joyeuse;34.3;
64121;Beyrie-en-Béarn;45.2;
64122;Biarritz;1.9;
64123;Bidache;37.8;
64124;Bidarray;32.1;
64125;Bidart;14.2;
64126;Bidos;N/A - division par 0;
64127;Bielle;22.9;
64128;Bilhères;24.2;
64129;Billère;5;
64130;Biriatou;13.4;
64131;Biron;44.3;
64132;Bizanos;32.4;
64133;Boeil-Bezing;15.2;
64134;Bonloc;17;*
64135;Bonnut;47.4;
64136;Borce;59.8;
64137;Bordères;6.2;
64138;Bordes;20;
64139;Bosdarros;34.3;
64140;Boucau;14.3;
64141;Boueilh-Boueilho-Lasque;42.1;
64142;Bougarber;29.3;
64143;Bouillon;46.1;
64144;Boumourt;53;
64145;Bourdettes;10.4;*
64146;Bournos;49;
64147;Briscous;30.4;
64148;Bruges-Capbis-Mifaget;32;
64149;Bugnein;43.6;
64150;Bunus;39.6;
64151;Burgaronne;18.7;
64152;Buros;30.1;
64153;Burosse-Mendousse;20;
64154;Bussunarits-Sarrasquette;30.1;
64155;Bustince-Iriberry;39.9;
64156;Buziet;29;
64157;Buzy;39.8;
64158;Cabidos;25.1;
64159;Cadillon;50.2;
64160;Cambo-les-Bains;16;
64161;Came;37.9;
64162;Camou-Cihigue;43.2;
64165;Cardesse;41.4;
64166;Caro;31.3;
64167;Carrère;26.3;
64168;Carresse-Cassaber;45.3;
64170;Castagnède;27.6;
64171;Casteide-Cami;36.4;*
64172;Casteide-Candau;47.1;
64173;Casteide-Doat;45.2;
64174;Castéra-Loubix;7.8;*
64175;Castet;11.9;
64176;Castetbon;63.4;
64177;Castétis;45.2;
64178;Castetnau-Camblong;45.7;
64179;Castetner;30.7;
64180;Castetpugon;42.3;
64181;Castillon (Canton d'Arthez-de-Béarn);22.9;
64182;Castillon (Canton de Lembeye);38.1;
64183;Caubios-Loos;31.2;
64184;Cescau;23.7;
64185;Cette-Eygun;161.9;*
64186;Charre;51.3;
64187;Charritte-de-Bas;48.9;
64188;Chéraute;36.5;
64189;Ciboure;19.1;
64190;Claracq;31.9;
64191;Coarraze;30.7;
64192;Conchez-de-Béarn;38.4;
64193;Corbère-Abères;48.8;
64194;Coslédaà-Lube-Boast;34.3;
64195;Coublucq;34.6;
64196;Crouseilles;35.7;
64197;Cuqueron;18.9;
64198;Denguin;35.1;
64199;Diusse;58.5;
64200;Doazon;51.9;
64201;Dognen;40.5;
64202;Domezain-Berraute;49.8;
64203;Doumy;25.7;
64204;Eaux-Bonnes;23.3;
64205;Escos;55.5;
64206;Escot;40.4;
64207;Escou;53.1;
64208;Escoubès;43.4;
64209;Escout;18.8;
64210;Escurès;47.5;
64211;Eslourenties-Daban;19.3;
64212;Espéchède;46.9;
64213;Espelette;16.8;
64214;Espès-Undurein;57.1;
64215;Espiute;43.2;
64216;Espoey;31.8;
64217;Esquiule;36.4;
64218;Estérençuby;25.9;
64219;Estialescq;31.4;
64220;Estos;36;
64221;Etcharry;49.8;
64222;Etchebar;30.1;
64223;Etsaut;10.1;
64224;Eysus;28.4;
64225;Ance Féas;24.9;
64226;Fichous-Riumayou;39.9;
64227;Gabaston;32.6;
64228;Gabat;28.5;
64229;Gamarthe;36.9;
64230;Gan;27.4;
64231;Garindein;32.7;
64232;Garlède-Mondebat;38.6;
64233;Garlin;39;
64234;Garos;33.3;
64235;Garris;19.5;
64236;Gayon;41.7;
64237;Gelos;20.4;
64238;Ger;29.1;
64239;Gerderest;49.8;
64240;Gère-Bélesten;15.2;
64241;Géronce;32.4;
64242;Gestas;43.5;
64243;Géus-d'Arzacq;29.1;
64244;Geüs-d'Oloron;23.4;
64245;Goès;32.5;*
64246;Gomer;26.8;
64247;Gotein-Libarrenx;69.2;
64249;Guéthary;5.2;
64250;Guiche;37.4;
64251;Guinarthe-Parenties;33;
64252;Gurmençon;30.9;
64253;Gurs;35;
64254;Hagetaubin;58.4;
64255;Halsou;4.2;
64256;Hasparren;27.5;
64257;Haut-de-Bosdarros;20.2;
64258;Haux;28.3;
64259;Hélette;31.8;
64260;Hendaye;2.7;
64261;Herrère;33.4;
64262;Higuères-Souye;37.1;
64263;L'Hôpital-d'Orion;30.3;
64264;L'Hôpital-Saint-Blaise;36.9;
64265;Hosta;40.7;
64266;Hours;33.9;
64267;Ibarrolle;36.5;
64268;Idaux-Mendy;36;
64269;Idron;9.9;*
64270;Igon;19.8;
64271;Iholdy;38.8;
64272;Ilharre;40.1;
64273;Irissarry;38.6;
64274;Irouléguy;28.9;
64275;Ispoure;24.3;
64276;Issor;22.1;
64277;Isturits;35.6;
64279;Itxassou;19.2;
64280;Izeste;27;
64281;Jasses;45.3;
64282;Jatxou;37.8;
64283;Jaxu;40.6;
64284;Jurançon;17;
64285;Juxue;39.5;
64286;Laà-Mondrans;50.1;
64287;Laàs;32.5;
64288;Labastide-Cézéracq;37;
64289;La Bastide-Clairence;35.4;
64290;Labastide-Monréjeau;43.1;
64291;Labastide-Villefranche;51.7;
64292;Labatmale;28.3;
64293;Labatut;46.5;
64294;Labets-Biscay;34.7;
64295;Labeyrie;56;
64296;Lacadée;55.3;
64297;Lacarre;48.8;
64298;Lacarry-Arhan-Charritte-de-Haut;33.6;
64299;Lacommande;9.1;
64300;Lacq;32.2;
64301;Lagor;48.9;
64302;Lagos;40;
64303;Laguinge-Restoue;24.8;
64304;Lahonce;11;
64305;Lahontan;42.7;
64306;Lahourcade;37.5;
64307;Lalongue;42.8;
64308;Lalonquette;35.7;
64309;Lamayou;38.1;
64310;Lanne-en-Barétous;26.1;
64311;Lannecaube;43.9;
64312;Lanneplaà;77.3;
64313;Lantabat;46.6;
64314;Larceveau-Arros-Cibits;40.7;
64315;Laroin;22.1;
64316;Larrau;34.7;
64317;Larressore;14.2;
64318;Larreule;32.3;
64319;Larribar-Sorhapuru;36.2;
64320;Laruns;16.8;*
64321;Lasclaveries;26.2;
64322;Lasse;23.8;
64323;Lasserre;34.9;
64324;Lasseube;40.1;
64325;Lasseubetat;35.3;
64326;Lay-Lamidou;36.9;
64327;Lecumberry;27.1;
64328;Ledeuix;30.3;
64329;Lée;25.6;
64330;Lées-Athas;23.3;
64331;Lembeye;29.7;
64332;Lème;43.7;
64334;Léren;33;
64335;Lescar;24.4;
64336;Lescun;22.6;
64337;Lespielle;27.6;
64338;Lespourcy;29.4;
64339;Lestelle-Bétharram;33.2;
64340;Lichans-Sunhar;21.2;
64341;Lichos;46.7;
64342;Licq-Athérey;22.3;
64343;Limendous;24.1;
64344;Livron;37.7;
64345;Lohitzun-Oyhercq;45.4;
64346;Lombia;27.2;
64347;Lonçon;47.1;
64348;Lons;16.7;
64349;Loubieng;43.2;
64350;Louhossoa;28.2;
64351;Lourdios-Ichère;19.2;
64352;Lourenties;37.4;
64353;Louvie-Juzon;23.5;
64354;Louvie-Soubiron;5.9;
64355;Louvigny;56;
64356;Luc-Armau;59.3;
64357;Lucarré;21;
64358;Lucgarier;23.6;
64359;Lucq-de-Béarn;37;
64360;Lurbe-Saint-Christau;25.3;
64361;Lussagnet-Lusson;31.7;
64362;Luxe-Sumberraute;46.5;
64363;Lys;32.7;
64364;Macaye;34.2;
64365;Malaussanne;37.5;
64366;Mascaraàs-Haron;56;
64367;Maslacq;35.5;
64368;Masparraute;31.1;
64369;Maspie-Lalonquère-Juillacq;36.3;
64370;Maucor;19.2;
64371;Mauléon-Licharre;63.2;
64372;Maure;34.7;
64373;Mazères-Lezons;9.2;
64374;Mazerolles;29.6;
64375;Méharin;43.1;
64376;Meillon;15.1;
64377;Mendionde;25.9;
64378;Menditte;38.9;
64379;Mendive;22.2;
64380;Méracq;28;
64381;Méritein;30.2;
64382;Mesplède;33.1;
64383;Mialos;29.4;
64385;Miossens-Lanusse;35.8;
64386;Mirepeix;7.5;
64387;Momas;49.6;
64388;Momy;36.9;
64389;Monassut-Audiracq;37;
64390;Moncaup;44.8;
64391;Moncayolle-Larrory-Mendibieu;68.4;
64392;Moncla;46.9;
64393;Monein;20;
64394;Monpezat;33.7;
64395;Monségur;34.4;
64396;Mont;69.4;
64397;Montagut;30.6;
64398;Montaner;28.2;
64399;Montardon;41.7;
64400;Montaut;28;
64401;Mont-Disse;57.1;
64403;Montfort;62.4;
64404;Montory;44.7;
64405;Morlaàs;31.2;
64406;Morlanne;27.8;
64407;Mouguerre;14.1;
64408;Mouhous;36.1;
64409;Moumour;79.8;
64410;Mourenx;10.6;
64411;Musculdy;28;
64412;Nabas;60.4;
64413;Narcastet;15.4;*
64414;Narp;48;
64415;Navailles-Angos;23;
64416;Navarrenx;36;
64417;Nay;16.9;
64418;Noguères;6.8;
64419;Nousty;27.3;
64420;Ogenne-Camptort;34.2;
64421;Ogeu-les-Bains;32.2;
64422;Oloron-Sainte-Marie;30.9;
64423;Oraàs;43.1;
64424;Ordiarp;37.2;
64425;Orègue;32.2;
64426;Orin;35.5;
64427;Orion;56.6;
64428;Orriule;57.5;
64429;Orsanco;37.2;
64430;Orthez;33.9;
64431;Os-Marsillon;9.6;
64432;Ossas-Suhare;46.4;
64433;Osse-en-Aspe;30.3;
64434;Ossenx;63.6;
64435;Osserain-Rivareyte;32.7;
64436;Ossès;30;
64437;Ostabat-Asme;31;
64438;Ouillon;18.8;
64439;Ousse;40.7;
64440;Ozenx-Montestrucq;36.5;
64441;Pagolle;45.3;
64442;Parbayse;21.2;
64443;Pardies;81.5;*
64444;Pardies-Piétat;53.2;
64445;Pau;16.9;
64446;Peyrelongue-Abos;32.1;
64447;Piets-Plasence-Moustrou;39.5;
64448;Poey-de-Lescar;23.8;
64449;Poey-d'Oloron;34.9;
64450;Pomps;31.4;
64451;Ponson-Debat-Pouts;43.7;*
64452;Ponson-Dessus;38;
64453;Pontacq;32.6;
64454;Pontiacq-Viellepinte;33.4;
64455;Portet;40.1;
64456;Pouliacq;55.3;
64457;Poursiugues-Boucoue;33.5;
64458;Préchacq-Josbaig;88.5;
64459;Préchacq-Navarrenx;55.8;
64460;Précilhon;73;
64461;Puyoô;21.3;
64462;Ramous;35.5;
64463;Rébénacq;36.3;
64464;Ribarrouy;46.3;
64465;Riupeyrous;21.9;
64466;Rivehaute;18;
64467;Rontignon;16.5;
64468;Roquiague;55.3;
64469;Saint-Abit;14.8;
64470;Saint-Armou;23.3;
64471;Saint-Boès;39.9;
64472;Saint-Castin;29.6;
64473;Sainte-Colome;28.6;
64474;Saint-Dos;38.3;
64475;Sainte-Engrâce;19.9;
64476;Saint-Esteben;35.4;
64477;Saint-Étienne-de-Baïgorry;27.2;
64478;Saint-Faust;20.1;
64479;Saint-Girons-en-Béarn;51;
64480;Saint-Gladie-Arrive-Munein;34;
64481;Saint-Goin;38.3;
64482;Saint-Jammes;36;
64483;Saint-Jean-de-Luz;22.8;
64484;Saint-Jean-le-Vieux;31.6;
64485;Saint-Jean-Pied-de-Port;29.2;
64486;Saint-Jean-Poudge;47.8;*
64487;Saint-Just-Ibarre;32.4;
64488;Saint-Laurent-Bretagne;37.2;
64489;Saint-Martin-d'Arberoue;37.5;
64490;Saint-Martin-d'Arrossa;36.3;
64491;Saint-Médard;32.7;
64492;Saint-Michel;21;
64493;Saint-Palais;21.2;
64494;Saint-Pé-de-Léren;36.9;
64495;Saint-Pée-sur-Nivelle;20.1;
64496;Saint-Pierre-d'Irube;12.6;
64498;Saint-Vincent;32.3;
64499;Salies-de-Béarn;43.9;
64500;Salles-Mongiscard;28.7;
64501;Sallespisse;45.9;
64502;Sames;27;
64503;Samsons-Lion;39.2;
64504;Sare;25.7;
64505;Sarpourenx;75.2;
64506;Sarrance;19.1;
64507;Saubole;20.3;
64508;Saucède;27.2;
64509;Sauguis-Saint-Étienne;38.3;
64510;Sault-de-Navailles;39.1;
64511;Sauvagnon;35.3;
64512;Sauvelade;55;
64513;Sauveterre-de-Béarn;38.8;
64514;Séby;48.7;
64515;Sedze-Maubecq;27.3;
64516;Sedzère;36.9;
64517;Séméacq-Blachon;45.8;
64518;Sendets;24.3;
64519;Serres-Castet;42.3;
64520;Serres-Morlaàs;33.4;*
64521;Serres-Sainte-Marie;35.9;
64522;Sévignacq-Meyracq;34.7;
64523;Sévignacq;27.5;
64524;Simacourbe;31.2;
64525;Siros;33.6;
64526;Soumoulou;21.6;
64527;Souraïde;31.8;
64528;Suhescun;28.7;
64529;Sus;36.1;
64530;Susmiou;36.4;
64531;Tabaille-Usquain;34.6;
64532;Tadousse-Ussau;26.8;
64533;Tardets-Sorholus;35.9;
64534;Taron-Sadirac-Viellenave;35.8;
64535;Tarsacq;22.1;
64536;Thèze;37;
64537;Trois-Villes;42.1;
64538;Uhart-Cize;30.1;
64539;Uhart-Mixe;39.8;
64540;Urcuit;18.9;
64541;Urdès;32.4;
64542;Urdos;118.9;
64543;Urepel;23.2;
64544;Urost;68.9;
64545;Urrugne;18.5;
64546;Urt;25.8;
64547;Ustaritz;17.2;
64548;Uzan;41;
64549;Uzein;37.4;
64550;Uzos;18;
64551;Verdets;45.9;
64552;Vialer;36.7;
64554;Viellenave-d'Arthez;53.4;
64555;Viellenave-de-Navarrenx;33.5;
64556;Vielleségure;44.5;
64557;Vignes;52.4;
64558;Villefranque;14.3;
64559;Viodos-Abense-de-Bas;50.6;
64560;Viven;38.1;
65001;Adast;20.2;
65002;Adé;11.5;
65003;Adervielle-Pouchergues;31.3;
65004;Agos-Vidalos;15.2;
65005;Allier;12;
65006;Ancizan;29.8;
65007;Andrest;30.3;
65009;Anères;78;
65010;Angos;42.7;
65011;Les Angles;20.6;
65012;Anla;24.9;
65013;Ansost;62.5;
65014;Antichan;17.2;
65015;Antin;47.8;
65016;Antist;4.2;
65017;Aragnouet;11.5;
65018;Arbéost;10.4;
65019;Arcizac-Adour;14.4;
65020;Arcizac-ez-Angles;39.7;
65021;Arcizans-Avant;16.3;*
65022;Arcizans-Dessus;26.2;
65023;Ardengost;13;
65024;Argelès-Bagnères;18.1;*
65025;Argelès-Gazost;8.7;
65026;Aries-Espénan;39.2;
65028;Arné;45.5;
65029;Arras-en-Lavedan;14.8;
65031;Arreau;6.9;*
65032;Arrens-Marsous;23.5;
65033;Arrodets-ez-Angles;16.3;
65034;Arrodets;19.8;
65035;Artagnan;50;
65036;Artalens-Souin;14.5;
65037;Artiguemy;28.8;
65038;Artigues;21.4;
65039;Aspin-Aure;31.1;
65040;Aspin-en-Lavedan;9.7;
65041;Asque;21.6;
65042;Asté;18.8;
65043;Astugue;29.7;
65044;Aubarède;45.4;*
65045;Aucun;19.6;
65046;Aulon;27.7;
65047;Aureilhan;25;
65048;Aurensan;34.1;
65049;Auriébat;56.3;
65050;Avajan;7.9;
65051;Aventignan;42.3;
65052;Averan;26.7;
65053;Aveux;21.8;
65054;Avezac-Prat-Lahitte;24.6;
65055;Ayros-Arbouix;23.3;
65056;Ayzac-Ost;21;
65057;Azereix;35.9;
65058;Azet;22.8;
65059;Bagnères-de-Bigorre;16;
65060;Banios;17.2;
65061;Barbachen;110.5;
65062;Barbazan-Debat;13.9;
65063;Barbazan-Dessus;23.7;
65064;Bareilles;28.9;
65065;Barlest;26.6;
65066;Barrancoueu;6.9;*
65067;Barry;13.1;
65068;Barthe;49.7;
65069;La Barthe-de-Neste;28.2;
65070;Bartrès;30.5;
65071;Batsère;52.4;
65072;Bazet;13.7;
65073;Bazillac;46;*
65074;Bazordan;20.6;
65075;Bazus-Aure;66.2;
65076;Bazus-Neste;31;
65077;Beaucens;21.4;
65078;Beaudéan;20.9;
65079;Bégole;26.5;
65080;Bénac;17.7;
65081;Benqué-Molère;15.8;
65082;Berbérust-Lias;28.4;
65083;Bernac-Debat;21.5;
65084;Bernac-Dessus;29.6;
65085;Bernadets-Debat;25.4;
65086;Bernadets-Dessus;42.5;
65087;Bertren;24;
65088;Betbèze;60.8;
65089;Betpouey;17.7;
65090;Betpouy;52;
65091;Bettes;17.5;
65092;Beyrède-Jumet-Camous;12.7;*
65093;Bize;46.3;
65094;Bizous;43.5;
65095;Bonnefont;26.6;
65096;Bonnemazon;42.7;
65097;Bonrepos;31.7;
65098;Boô-Silhen;24.4;
65099;Bordères-Louron;19.1;
65100;Bordères-sur-l'Échez;32.8;
65101;Bordes;22.5;
65102;Bouilh-Devant;53.8;
65103;Bouilh-Péreuilh;39.8;
65104;Boulin;28.3;
65105;Bourg-de-Bigorre;38.3;
65106;Bourisp;26.9;
65107;Bourréac;53;*
65108;Bours;56.7;
65109;Bramevaque;97.1;
65110;Bugard;20.7;
65111;Bulan;16.5;
65112;Bun;16.1;
65113;Burg;27.8;
65114;Buzon;44;
65115;Cabanac;19.1;
65116;Cadéac;66.9;
65117;Cadeilhan-Trachère;4.9;
65118;Caharet;48.5;
65119;Caixon;34.1;
65120;Calavanté;13.7;
65121;Camalès;46.6;
65123;Campan;19.6;
65124;Camparan;22.8;
65125;Campistrous;55.1;
65126;Campuzan;87.1;
65127;Capvern;36.5;
65128;Castelbajac;24.9;
65129;Castelnau-Magnoac;52.9;
65130;Castelnau-Rivière-Basse;52.9;
65131;Castelvieilh;37.6;
65132;Castéra-Lanusse;18.9;
65133;Castéra-Lou;35.3;
65134;Casterets;66.1;
65135;Castillon;23.3;
65136;Caubous;41.8;
65137;Caussade-Rivière;35.7;
65138;Cauterets;17.9;*
65139;Cazarilh;55.8;
65140;Cazaux-Debat;15.8;
65141;Cazaux-Fréchet-Anéran-Camors;21.8;
65142;Chelle-Debat;40.1;
65143;Chelle-Spou;30.4;
65144;Cheust;27.4;
65145;Chèze;12.2;
65146;Chis;34.5;
65147;Cieutat;30.2;
65148;Cizos;24.9;
65149;Clarac;67.7;
65150;Clarens;55.3;
65151;Collongues;52.8;
65153;Coussan;23.4;
65154;Créchets;N/A - division par 0;
65155;Devèze;48.1;
65156;Dours;17.8;
65157;Ens;18.3;*
65158;Esbareich;25.5;
65159;Escala;28.3;
65160;Escaunets;54;
65161;Escondeaux;29.6;
65162;Esconnets;11.8;
65163;Escots;24.6;
65164;Escoubès-Pouts;25.3;
65165;Esparros;13.5;
65166;Espèche;11.6;
65167;Espieilh;32.4;
65168;Esquièze-Sère;17.3;
65169;Estaing;22.5;
65170;Estampures;28.4;
65171;Estarvielle;26.6;
65172;Estensan;17.7;
65173;Esterre;3;
65174;Estirac;53.3;
65175;Ferrère;23.9;
65176;Ferrières;10.6;
65177;Fontrailles;41.5;
65178;Fréchède;45.1;
65179;Fréchendets;N/A - division par 0;
65180;Fréchet-Aure;3;
65181;Fréchou-Fréchet;20.1;
65182;Gaillagos;33.2;
65183;Galan;24;
65184;Galez;29.6;
65185;Gardères;32.7;
65186;Gaudent;43.4;
65187;Gaussan;34.8;
65189;Gayan;23.5;
65190;Gazave;33.2;
65191;Gazost;15.6;
65192;Gavarnie-Gèdre;17.5;
65193;Gembrie;N/A - division par 0;
65194;Générest;29.5;
65195;Génos;17.2;
65196;Gensac;60.8;*
65197;Ger;39.4;
65198;Gerde;44.6;
65199;Germ;15.5;
65200;Germs-sur-l'Oussouet;18.6;
65201;Geu;29.6;
65202;Gez;15.7;
65203;Gez-ez-Angles;13.6;
65204;Gonez;9.2;
65205;Gouaux;8.3;
65206;Goudon;41.9;
65207;Gourgue;39.4;
65208;Grailhen;N/A - division par 0;
65209;Grézian;21.4;
65210;Grust;12.5;
65211;Guchan;24.9;
65212;Guchen;N/A - division par 0;
65213;Guizerix;61.9;
65214;Hachan;36;
65215;Hagedet;23.9;
65216;Hauban;23.3;*
65217;Hautaget;29.4;
65218;Hèches;40.3;
65219;Hères;29.5;*
65220;Hibarette;34.6;
65221;Hiis;56.9;
65222;Hitte;18.3;
65223;Horgues;27.6;
65224;Houeydets;43.7;
65225;Hourc;32.9;
65226;Ibos;28.1;
65228;Ilhet;11.4;
65229;Ilheu;84.6;
65230;Izaourt;72.5;
65231;Izaux;34;
65232;Jacque;33.5;
65233;Jarret;26.8;
65234;Jézeau;16.7;
65235;Juillan;19.3;
65236;Julos;33.9;
65237;Juncalas;32.8;
65238;Labassère;17.2;
65239;Labastide;30.5;
65240;Labatut-Rivière;50.9;
65241;Laborde;12.8;
65242;Lacassagne;47.4;
65243;Lafitole;73.1;
65244;Lagarde;27.4;
65245;Lagrange;37.2;
65247;Arrayou-Lahitte;24.3;
65248;Lahitte-Toupière;24.6;
65249;Lalanne;49.7;
65250;Lalanne-Trie;38.6;
65251;Laloubère;26.9;
65252;Lamarque-Pontacq;19.8;
65253;Lamarque-Rustaing;17.9;
65254;Laméac;21;
65255;Lançon;15.1;
65256;Lanespède;27.4;
65257;Lanne;24.3;
65258;Lannemezan;20.5;
65259;Lansac;17.9;
65260;Lapeyre;81.1;
65261;Laran;56.6;
65262;Larreule;38.7;
65263;Larroque;31.5;
65264;Lascazères;28.4;
65265;Laslades;38;
65266;Lassales;33.4;
65267;Lau-Balagnas;22.2;
65268;Layrisse;51.9;
65269;Lescurry;57.1;
65270;Lespouey;17.3;
65271;Lézignan;18;
65272;Lhez;11.4;
65273;Liac;40.6;
65274;Libaros;28.9;
65275;Lies;19.8;
65276;Lizos;8.4;
65277;Lombrès;45.2;
65278;Lomné;18;
65279;Lortet;40.4;
65280;Loubajac;26;
65281;Loucrup;43.5;
65282;Loudenvielle;31;
65283;Loudervielle;19;*
65284;Louey;14.3;
65285;Louit;23.3;
65286;Lourdes;19.1;
65287;Loures-Barousse;N/A - division par 0;
65288;Lubret-Saint-Luc;32.6;
65289;Luby-Betmont;31.5;
65290;Luc;23.5;
65291;Lugagnan;N/A - division par 0;
65292;Luquet;33.3;
65293;Lustar;23;
65294;Lutilhous;49.2;
65295;Luz-Saint-Sauveur;25.4;
65296;Madiran;42.4;
65297;Mansan;77.1;
65298;Marquerie;27.1;
65299;Marsac;48.7;
65300;Marsas;31.5;
65301;Marseillan;24;
65303;Mascaras;20.1;
65304;Maubourguet;32.1;
65305;Mauléon-Barousse;N/A - division par 0;
65306;Mauvezin;40.9;
65307;Mazères-de-Neste;29;
65308;Mazerolles;30.7;
65309;Mazouau;111.5;
65310;Mérilheu;15;
65311;Mingot;37.8;
65313;Momères;34.6;
65314;Monfaucon;47.9;
65315;Monléon-Magnoac;47.3;
65316;Monlong;34.8;
65317;Mont;32.5;
65318;Montastruc;38.4;
65319;Montégut;17.1;
65320;Montgaillard;27.8;
65321;Montignac;24.1;
65322;Montoussé;33.5;
65323;Montsérié;60.8;
65324;Moulédous;34;
65325;Moumoulous;35.9;
65326;Mun;50.8;
65327;Nestier;28.3;
65328;Neuilh;20.7;
65329;Nistos;34.5;
65330;Nouilhan;61;
65331;Odos;22.2;
65332;Oléac-Debat;4.7;
65333;Oléac-Dessus;13.3;
65334;Omex;26.8;
65335;Ordizan;27.8;
65336;Organ;61.4;
65337;Orieux;39.9;
65338;Orignac;26.2;
65339;Orincles;36.4;
65340;Orleix;22.3;
65341;Oroix;47.7;
65342;Osmets;42.4;
65343;Ossen;26.8;
65344;Ossun;35.6;
65345;Ossun-ez-Angles;23.8;
65346;Oueilloux;17.2;
65347;Ourde;70.6;
65348;Ourdis-Cotdoussan;18.4;*
65349;Ourdon;26.3;
65350;Oursbelille;88.3;
65351;Ousté;5.2;
65352;Ouzous;23.4;
65353;Ozon;36.2;
65354;Pailhac;13.3;
65355;Paréac;37.4;
65356;Péré;24.4;*
65357;Peyraube;28.5;
65358;Peyret-Saint-André;68.8;
65359;Peyriguère;28.2;
65360;Peyrouse;52.1;
65361;Peyrun;36.7;
65362;Pierrefitte-Nestalas;28;
65363;Pinas;34.8;
65364;Pintac;33.8;
65366;Poueyferré;34.8;
65367;Poumarous;23.5;
65368;Pouy;36.3;
65369;Pouyastruc;20;
65370;Pouzac;23.2;
65371;Préchac;26.1;
65372;Pujo;39.3;
65373;Puntous;34.2;
65374;Puydarrieux;32.5;
65375;Rabastens-de-Bigorre;13.9;
65376;Recurt;34;
65377;Réjaumont;29.7;
65378;Ricaud;30.9;
65379;Ris;49.6;
65380;Sabalos;3.3;
65381;Sabarros;52.6;
65382;Sacoué;17.7;
65383;Sadournin;47.1;
65384;Sailhan;16.1;
65385;Saint-Arroman;29.6;
65386;Saint-Créac;19.3;
65387;Saint-Lanne;19.8;
65388;Saint-Lary-Soulan;21.6;
65389;Saint-Laurent-de-Neste;47.9;
65390;Saint-Lézer;45.9;
65391;Sainte-Marie;N/A - division par 0;
65392;Saint-Martin;19.1;
65393;Saint-Pastous;15.2;
65394;Saint-Paul;16.8;*
65395;Saint-Pé-de-Bigorre;21.5;
65396;Saint-Savin;25.6;
65397;Saint-Sever-de-Rustan;40.6;
65398;Saléchan;22.7;
65399;Saligos;9.5;
65400;Salles;9.9;
65401;Salles-Adour;22.4;
65402;Samuran;28.5;
65403;Sanous;12.9;
65404;Sariac-Magnoac;44.1;
65405;Sarlabous;28.2;
65406;Sarniguet;58.5;
65407;Sarp;30.5;
65408;Sarrancolin;18.2;*
65409;Sarriac-Bigorre;47.8;
65410;Sarrouilles;33.1;
65411;Sassis;5.1;
65412;Sauveterre;56.6;
65413;Sazos;16;
65414;Ségalas;54.2;
65415;Ségus;23.3;
65416;Seich;22.7;
65417;Séméac;16.1;
65418;Sénac;41.9;
65419;Sentous;32.2;
65420;Sère-en-Lavedan;15.3;
65421;Sère-Lanso;18.8;
65422;Séron;32.8;
65423;Sère-Rustaing;36.7;
65424;Sers;17.3;*
65425;Siarrouy;46.3;
65426;Sinzos;53.3;
65427;Siradan;N/A - division par 0;
65428;Sireix;20;
65429;Sombrun;103.7;
65430;Soréac;51.5;
65431;Sost;47.6;
65432;Soublecause;16.8;
65433;Soues;7.8;
65435;Soulom;18.2;
65436;Souyeaux;50.2;
65437;Tajan;31.6;
65438;Talazac;5.4;
65439;Tarasteix;28.6;
65440;Tarbes;16.6;
65441;Thèbe;44;
65442;Thermes-Magnoac;36.3;
65443;Thuy;93.5;
65444;Tibiran-Jaunac;39.3;
65445;Tilhouse;22.1;
65446;Tostat;27.6;
65447;Tournay;18.8;
65448;Tournous-Darré;20.3;
65449;Tournous-Devant;29.7;
65450;Tramezaïgues;0.7;
65451;Trébons;20.9;
65452;Trie-sur-Baïse;39.8;
65453;Troubat;65.8;
65454;Trouley-Labarthe;50.4;
65455;Tuzaguet;39.9;
65456;Uglas;35.9;
65457;Ugnouas;39.5;
65458;Uz;21.3;
65459;Uzer;30;
65460;Vic-en-Bigorre;40.7;
65461;Vidou;23.5;
65462;Vidouze;51;
65463;Viella;27.8;
65464;Vielle-Adour;28.6;
65465;Vielle-Aure;38.8;
65466;Vielle-Louron;20.6;
65467;Vier-Bordes;20.4;
65468;Vieuzos;108.4;
65469;Viey;19.5;
65470;Viger;83.3;
65471;Vignec;11.7;
65472;Villefranque;44.9;
65473;Villelongue;18;
65474;Villembits;64.9;
65475;Villemur;23.7;
65476;Villenave-près-Béarn;17.5;
65477;Villenave-près-Marsac;N/A - division par 0;
65478;Viscos;N/A - division par 0;
65479;Visker;22.7;
65481;Barèges;N/A - division par 0;
65482;Cantaous;32.3;
66001;L'Albère;34.4;
66002;Alénya;14.1;
66003;Amélie-les-Bains-Palalda;20.5;*
66004;Les Angles;52.6;
66005;Angoustrine-Villeneuve-des-Escaldes;89.9;
66006;Ansignan;7.2;
66007;Arboussols;183;
66008;Argelès-sur-Mer;28.6;
66009;Arles-sur-Tech;7.5;
66010;Ayguatébia-Talau;N/A - division par 0;
66011;Bages;10.5;
66012;Baho;9.1;
66013;Baillestavy;78.7;
66014;Baixas;11.1;
66015;Banyuls-dels-Aspres;16.8;
66016;Banyuls-sur-Mer;3.3;
66017;Le Barcarès;1.6;
66018;La Bastide;112.9;
66019;Bélesta;24.1;
66020;Bolquère;12.1;
66021;Bompas;7.3;
66022;Boule-d'Amont;51.3;
66023;Bouleternère;42.1;
66024;Le Boulou;9;
66025;Bourg-Madame;86.7;
66026;Brouilla;12.1;
66027;La Cabanasse;71.3;
66028;Cabestany;12.9;
66029;Caixas;39.4;
66030;Calce;23.5;
66032;Calmeilles;56;
66033;Camélas;16.3;
66034;Campôme;16.4;*
66035;Campoussy;131.6;
66036;Canaveilles;N/A - division par 0;
66037;Canet-en-Roussillon;15.6;
66038;Canohès;23.5;
66039;Caramany;6.5;
66040;Casefabre;88.3;
66041;Cases-de-Pène;12.6;
66042;Cassagnes;9.2;
66043;Casteil;N/A - division par 0;
66044;Castelnou;11.5;
66045;Catllar;30.9;
66046;Caudiès-de-Fenouillèdes;12.1;
66047;Caudiès-de-Conflent;N/A - division par 0;
66048;Cerbère;1.4;
66049;Céret;6.5;
66050;Claira;11.5;
66051;Clara-Villerach;0.3;
66052;Codalet;19.8;*
66053;Collioure;5.4;
66054;Conat;15.8;
66055;Corbère;14.2;
66056;Corbère-les-Cabanes;23.1;
66057;Corneilla-de-Conflent;29.4;
66058;Corneilla-la-Rivière;13.4;
66059;Corneilla-del-Vercol;47.5;
66060;Corsavy;65.8;
66061;Coustouges;N/A - division par 0;
66062;Dorres;71.6;
66063;Les Cluses;N/A - division par 0;
66064;Égat;44;
66065;Elne;11.4;
66066;Enveitg;76.9;
66067;Err;46;
66068;Escaro;21;
66069;Espira-de-l'Agly;17.7;
66070;Espira-de-Conflent;15.7;
66071;Estagel;12.6;
66072;Estavar;11.4;
66073;Estoher;58.3;*
66074;Eus;66.9;
66075;Eyne;54.9;
66076;Felluns;2;
66077;Fenouillet;52.9;
66078;Fillols;16.3;
66079;Finestret;5.4;
66080;Fontpédrouse;0.8;
66081;Fontrabiouse;198.3;
66082;Formiguères;120.6;
66083;Fosse;199.9;
66084;Fourques;11.6;
66085;Fuilla;26.3;
66086;Glorianes;163.5;
66088;Ille-sur-Têt;23;
66089;Joch;3.8;
66090;Jujols;258.5;
66091;Lamanère;119;
66092;Lansac;8;
66093;Laroque-des-Albères;15;*
66094;Latour-Bas-Elne;8.5;
66095;Latour-de-Carol;114.7;
66096;Latour-de-France;10.1;
66097;Lesquerde;16;
66098;La Llagonne;98.7;
66099;Llauro;11.9;
66100;Llo;87.1;
66101;Llupia;6.1;
66102;Mantet;83.6;
66103;Marquixanes;15.2;
66104;Los Masos;122.8;
66105;Matemale;134.2;
66106;Maureillas-las-Illas;55.8;
66107;Maury;18;
66108;Millas;20.4;
66109;Molitg-les-Bains;8.2;
66111;Montalba-le-Château;43.4;
66112;Montauriol;40.4;*
66113;Montbolo;31.3;
66114;Montescot;47;
66115;Montesquieu-des-Albères;15.1;
66116;Montferrer;47.5;*
66117;Mont-Louis;24.5;
66118;Montner;11.6;
66119;Mosset;56.6;
66120;Nahuja;83.4;
66121;Néfiach;14.9;
66122;Nohèdes;102.3;
66123;Nyer;63.7;
66124;Font-Romeu-Odeillo-Via;102.3;
66125;Olette;46.1;
66126;Oms;33.4;
66127;Opoul-Périllos;11.3;
66128;Oreilla;N/A - division par 0;
66129;Ortaffa;10.3;
66130;Osséja;149.1;
66132;Palau-de-Cerdagne;86.5;
66133;Palau-del-Vidre;14.4;
66134;Passa;14.2;
66136;Perpignan;12.4;
66137;Le Perthus;N/A - division par 0;
66138;Peyrestortes;8.4;
66139;Pézilla-de-Conflent;N/A - division par 0;
66140;Pézilla-la-Rivière;8.3;
66141;Pia;13.5;
66142;Planès;43.2;
66143;Planèzes;8.7;
66144;Pollestres;8.2;
66145;Ponteilla;17.9;
66146;Porta;341;
66147;Porté-Puymorens;132.3;
66148;Port-Vendres;3.8;
66149;Prades;8.8;
66150;Prats-de-Mollo-la-Preste;78;
66151;Prats-de-Sournia;68.6;
66152;Prugnanes;23.5;
66153;Prunet-et-Belpuig;84.2;
66154;Puyvalador;38.2;
66155;Py;57;
66156;Rabouillet;119.6;
66157;Railleu;30.7;
66158;Rasiguères;10;
66159;Réal;91;
66160;Reynès;3.5;
66161;Ria-Sirach;104.5;
66162;Rigarda;43.5;
66164;Rivesaltes;24.9;
66165;Rodès;11.5;
66166;Sahorre;34.2;*
66167;Saillagouse;92.2;
66168;Saint-André;9.9;
66169;Saint-Arnac;21.4;
66170;Sainte-Colombe-de-la-Commanderie;17.5;
66171;Saint-Cyprien;30.8;
66172;Saint-Estève;17.1;
66173;Saint-Féliu-d'Amont;10.5;*
66174;Saint-Féliu-d'Avall;21.2;
66175;Saint-Génis-des-Fontaines;19.4;
66176;Saint-Hippolyte;14.1;
66177;Saint-Jean-Lasseille;22.8;
66178;Saint-Jean-Pla-de-Corts;44.1;
66179;Saint-Laurent-de-Cerdans;34.5;
66180;Saint-Laurent-de-la-Salanque;27.8;
66181;Sainte-Léocadie;74.1;
66182;Sainte-Marie-la-Mer;7;
66183;Saint-Marsal;79.1;
66184;Saint-Martin-de-Fenouillet;111.9;
66185;Saint-Michel-de-Llotes;3.5;
66186;Saint-Nazaire;18.5;
66187;Saint-Paul-de-Fenouillet;11.9;
66188;Saint-Pierre-dels-Forcats;92.7;
66189;Saleilles;7.6;
66190;Salses-le-Château;18.9;
66191;Sansa;N/A - division par 0;
66192;Sauto;19.6;
66193;Serdinya;38.8;
66194;Serralongue;25.2;
66195;Le Soler;11.1;
66196;Sorède;73.2;
66197;Souanyas;82.3;
66198;Sournia;160;
66199;Taillet;10.5;
66201;Tarerach;19.9;
66202;Targassonne;82.2;
66203;Taulis;N/A - division par 0;
66204;Taurinya;114.4;
66205;Tautavel;12.9;
66206;Le Tech;87.4;
66207;Terrats;19.9;
66208;Théza;11.8;
66209;Thuès-Entre-Valls;52.9;
66210;Thuir;22.8;
66211;Tordères;36.9;
66212;Torreilles;19.6;
66213;Toulouges;6.9;
66214;Tresserre;22.5;
66215;Trévillach;5.1;
66216;Trilla;24.5;
66217;Trouillas;22.6;
66218;Ur;84.7;
66219;Urbanya;0;
66220;Valcebollère;100;
66221;Valmanya;97.6;
66222;Vernet-les-Bains;70.6;
66223;Villefranche-de-Conflent;N/A - division par 0;
66224;Villelongue-de-la-Salanque;4.8;
66225;Villelongue-dels-Monts;25.5;
66226;Villemolaque;16.4;
66227;Villeneuve-de-la-Raho;24.7;
66228;Villeneuve-la-Rivière;9.8;
66230;Vinça;12.2;
66231;Vingrau;8.9;
66232;Vira;38.9;
66233;Vivès;5.1;
66234;Le Vivier;0.9;
67001;Achenheim;48.2;
67002;Adamswiller;82.2;
67003;Albé;3.3;
67004;Sommerau;65.6;
67005;Alteckendorf;56.7;
67006;Altenheim;37.5;
67008;Altorf;71.4;
67009;Altwiller;117.9;
67010;Andlau;6.9;
67011;Artolsheim;37.4;
67012;Aschbach;24.3;
67013;Asswiller;77.8;
67016;Avolsheim;5.2;
67017;Baerendorf;124.2;
67018;Balbronn;15.4;
67019;Baldenheim;70.3;
67020;Barembach;N/A - division par 0;
67021;Barr;16;*
67022;Bassemberg;117.8;
67023;Batzendorf;42.2;
67025;Beinheim;79.4;
67026;Bellefosse;48.9;
67027;Belmont;80.6;
67028;Benfeld;12.3;
67029;Berg;61;
67030;Bergbieten;8.2;
67031;Bernardswiller;9.4;
67032;Bernardvillé;9.3;
67033;Bernolsheim;38.7;
67034;Berstett;42.8;
67035;Berstheim;45;
67036;Bettwiller;97.8;
67037;Biblisheim;99.6;
67038;Bietlenheim;111.6;
67039;Bilwisheim;56.9;
67040;Bindernheim;43.8;
67043;Bischheim;N/A - division par 0;
67044;Bischholtz;51.5;
67045;Bischoffsheim;23.3;
67046;Bischwiller;54.5;
67047;Bissert;144.4;
67048;Bitschhoffen;72.8;
67049;Blaesheim;32.6;
67050;Blancherupt;N/A - division par 0;
67051;Blienschwiller;7;
67052;Bœrsch;9;
67053;Bœsenbiesen;34.9;
67054;Bolsenheim;41.6;
67055;Boofzheim;59;
67056;Bootzheim;28;
67057;Bosselshausen;69.1;
67058;Bossendorf;64;
67059;Bourg-Bruche;43.9;
67060;Bourgheim;50.3;
67061;Bouxwiller;66.8;
67062;Breitenau;36.7;
67063;Breitenbach;34.8;
67065;Breuschwickersheim;45.9;
67066;La Broque;42.3;
67067;Brumath;50.7;
67068;Buswiller;47.5;
67069;Buhl;36.6;
67070;Burbach;112.6;
67071;Bust;242.9;
67072;Butten;149.1;
67073;Châtenois;15.6;
67074;Cleebourg;4.6;
67075;Climbach;18.5;
67076;Colroy-la-Roche;6.9;
67077;Cosswiller;15.6;
67078;Crastatt;38.9;
67079;Crœttwiller;50.4;
67080;Dachstein;38.9;
67081;Dahlenheim;22.5;
67082;Dalhunden;45.4;
67083;Dambach;27.8;
67084;Dambach-la-Ville;10.2;
67085;Dangolsheim;26.6;
67086;Daubensand;68.1;
67087;Dauendorf;39.1;
67088;Dehlingen;74.2;
67089;Dettwiller;90;
67090;Diebolsheim;78;
67091;Diedendorf;93;
67092;Dieffenbach-au-Val;90.7;
67093;Dieffenbach-lès-Wœrth;77.3;
67094;Dieffenthal;2.7;
67095;Diemeringen;2.4;
67096;Dimbsthal;20.8;
67097;Dingsheim;67.7;
67098;Dinsheim-sur-Bruche;45.9;
67099;Domfessel;141.4;
67100;Donnenheim;68.9;
67101;Dorlisheim;28.2;
67102;Dossenheim-Kochersberg;32.5;
67103;Dossenheim-sur-Zinsel;N/A - division par 0;
67104;Drachenbronn-Birlenbach;52.9;
67105;Drulingen;232.6;
67106;Drusenheim;68.4;
67107;Duntzenheim;55.1;
67108;Duppigheim;34.9;
67109;Durningen;39;
67110;Durrenbach;27.3;
67111;Durstel;57.5;
67112;Duttlenheim;42.6;
67113;Eberbach-Seltz;26;
67115;Ebersheim;70.8;
67116;Ebersmunster;47.3;
67117;Eckartswiller;N/A - division par 0;
67118;Eckbolsheim;10.9;*
67119;Eckwersheim;83.3;*
67120;Eichhoffen;6.2;
67121;Elsenheim;46.6;
67122;Wangenbourg-Engenthal;13.8;
67123;Engwiller;84.8;
67124;Entzheim;55.1;
67125;Epfig;13.5;
67126;Erckartswiller;48.7;
67127;Ergersheim;22.2;
67128;Ernolsheim-Bruche;24;
67129;Ernolsheim-lès-Saverne;128.1;
67130;Erstein;41.2;
67131;Eschau;63.2;
67132;Eschbach;29;
67133;Eschbourg;10.8;
67134;Eschwiller;64.6;
67135;Ettendorf;25.8;
67136;Eywiller;67.4;
67137;Fegersheim;33.4;
67138;Fessenheim-le-Bas;27.4;
67139;Flexbourg;34.9;
67140;Forstfeld;49.3;
67141;Forstheim;86.9;
67142;Fort-Louis;83.5;
67143;Fouchy;22.7;
67144;Fouday;48.7;
67145;Friedolsheim;65;
67146;Friesenheim;38.3;
67147;Frœschwiller;51.1;
67148;Frohmuhl;N/A - division par 0;
67149;Furchhausen;78.4;
67150;Furdenheim;41.5;
67151;Gambsheim;76.8;
67152;Geispolsheim;32.1;
67153;Geiswiller-Zœbersdorf;52.7;
67154;Gerstheim;72.8;
67155;Gertwiller;17.1;
67156;Geudertheim;51.9;
67159;Gœrlingen;63.9;
67160;Gœrsdorf;66.4;
67161;Gottenhouse;82.4;
67162;Gottesheim;74.8;
67163;Gougenheim;24.6;
67164;Goxwiller;10.5;
67165;Grandfontaine;0;
67166;Grassendorf;46.4;
67167;Grendelbruch;94.3;
67168;Gresswiller;76.8;
67169;Gries;38.4;*
67172;Griesheim-près-Molsheim;47.4;
67173;Griesheim-sur-Souffel;43.4;
67174;Gumbrechtshoffen;140.3;
67176;Gundershoffen;50.5;
67177;Gunstett;70.9;
67178;Gungwiller;N/A - division par 0;
67179;Haegen;7;
67180;Haguenau;32.9;
67181;Handschuheim;33.9;
67182;Hangenbieten;31.7;
67183;Harskirchen;71.4;
67184;Hatten;46.8;
67185;Hattmatt;24.2;
67186;Hegeney;20.3;
67187;Heidolsheim;35.1;
67188;Heiligenberg;N/A - division par 0;
67189;Heiligenstein;7.4;
67190;Hengwiller;N/A - division par 0;
67191;Herbitzheim;63;
67192;Herbsheim;104.3;
67194;Herrlisheim;81.6;
67195;Hessenheim;27.8;
67196;Hilsenheim;65;
67197;Hindisheim;59;
67198;Hinsbourg;4.8;
67199;Hinsingen;183.6;
67200;Hipsheim;154.7;
67201;Hirschland;124;
67202;Hochfelden;57.4;
67203;Hochstett;31.9;
67204;Hœnheim;N/A - division par 0;
67205;Hœrdt;80.6;
67206;Hoffen;28.4;
67208;Hohengœft;45.9;
67209;Hohfrankenheim;44.4;
67210;Le Hohwald;54.9;
67212;Holtzheim;68.3;
67213;Hunspach;50;
67214;Hurtigheim;48.2;
67215;Huttendorf;33.4;
67216;Huttenheim;45.1;
67217;Ichtratzheim;71.9;
67218;Illkirch-Graffenstaden;27.1;
67220;Ingenheim;57.7;
67221;Ingolsheim;40.1;
67222;Ingwiller;27.7;
67223;Innenheim;28;
67225;Issenhausen;54.7;
67226;Ittenheim;48;
67227;Itterswiller;8.3;
67228;Neugartheim-Ittlenheim;39.9;
67229;Jetterswiller;107.3;
67230;Kaltenhouse;94.5;
67231;Kauffenheim;N/A - division par 0;
67232;Keffenach;38.8;
67233;Kertzfeld;55.7;
67234;Keskastel;126.7;
67235;Kesseldorf;12.4;
67236;Kienheim;54.3;
67237;Kilstett;85.3;
67238;Kindwiller;40.5;
67239;Kintzheim;11.5;
67240;Kirchheim;21.7;
67241;Kirrberg;21;
67242;Kirrwiller;54.9;
67244;Kleingœft;184.6;
67245;Knœrsheim;19.6;
67246;Kogenheim;45.9;
67247;Kolbsheim;52.2;
67248;Krautergersheim;38.7;
67249;Krautwiller;23;
67250;Kriegsheim;45.2;
67252;Kurtzenhouse;58.7;
67253;Kuttolsheim;15.5;
67254;Kutzenhausen;34.5;
67255;Lalaye;N/A - division par 0;
67256;Lampertheim;68.2;
67257;Lampertsloch;58.5;
67258;Landersheim;102.3;
67259;Langensoultzbach;25.7;
67260;Laubach;3;
67261;Lauterbourg;122.4;
67263;Lembach;55.3;
67264;Leutenheim;N/A - division par 0;
67265;Lichtenberg;4;
67266;Limersheim;37.9;
67267;Lingolsheim;71.5;
67268;Lipsheim;52.6;
67269;Littenheim;82.5;
67270;Lixhausen;91.3;
67271;Lobsann;28.2;
67272;Lochwiller;100.1;
67273;Lohr;170.1;
67274;Lorentzen;290;
67275;Lupstein;38.5;
67276;Lutzelhouse;13.3;
67277;Mackenheim;27.5;
67278;Mackwiller;117;
67279;Maennolsheim;29.7;
67280;Maisonsgoutte;11.1;
67281;Marckolsheim;39.8;
67282;Marlenheim;18;
67283;Marmoutier;77.4;
67285;Matzenheim;41.1;
67286;Meistratzheim;43.5;
67287;Melsheim;52.4;
67288;Memmelshoffen;33.7;
67289;Menchhoffen;133.4;
67290;Merkwiller-Pechelbronn;29.7;
67291;Mertzwiller;57.9;
67292;Mietesheim;82.3;
67293;Minversheim;44.1;
67295;Mittelbergheim;6.8;
67296;Mittelhausbergen;140.5;
67298;Mittelschaeffolsheim;50.1;
67299;Mollkirch;58.6;
67300;Molsheim;12.1;
67301;Mommenheim;38.1;
67302;Monswiller;18;
67303;Morsbronn-les-Bains;31.4;
67304;Morschwiller;63.1;
67305;Mothern;67.3;
67306;Muhlbach-sur-Bruche;20.6;
67307;Mulhausen;81;
67308;Munchhausen;62;
67309;Mundolsheim;120.6;
67310;Mussig;39.5;
67311;Muttersholtz;62.9;
67312;Mutzenhouse;50.6;
67313;Mutzig;2.7;
67314;Natzwiller;12.6;
67315;Neewiller-près-Lauterbourg;60.6;
67317;Neubois;6.8;
67319;Neuhaeusel;42;
67320;Neuve-Église;39.9;*
67321;Neuviller-la-Roche;N/A - division par 0;
67322;Neuwiller-lès-Saverne;47.3;
67324;Niederbronn-les-Bains;37.9;
67325;Niederhaslach;31.5;
67326;Niederhausbergen;45.4;
67327;Niederlauterbach;40.8;
67328;Niedermodern;N/A - division par 0;
67329;Niedernai;66.1;
67330;Niederrœdern;33.4;
67331;Niederschaeffolsheim;35.2;
67333;Niedersoultzbach;58.7;
67334;Niedersteinbach;N/A - division par 0;
67335;Nordheim;24.3;
67336;Nordhouse;45.4;
67337;Nothalten;5.8;
67338;Obenheim;65.2;
67339;Betschdorf;41;
67340;Oberbronn;61.8;
67341;Oberdorf-Spachbach;22.1;
67342;Oberhaslach;37.9;
67343;Oberhausbergen;167.4;
67344;Oberhoffen-lès-Wissembourg;15.7;
67345;Oberhoffen-sur-Moder;42.2;
67346;Oberlauterbach;24.9;
67347;Obermodern-Zutzendorf;47.4;
67348;Obernai;13.9;
67349;Oberrœdern;43;
67350;Oberschaeffolsheim;42.9;
67351;Seebach;36.3;
67352;Obersoultzbach;54;
67353;Obersteinbach;11.3;
67354;Odratzheim;10.9;
67355;Oermingen;78.2;
67356;Offendorf;28;
67358;Offwiller;80.1;
67359;Ohlungen;43.9;
67360;Ohnenheim;75;
67361;Olwisheim;52.9;
67362;Orschwiller;9.9;
67363;Osthoffen;26.4;
67364;Osthouse;53.2;
67365;Ostwald;150.9;*
67366;Ottersthal;N/A - division par 0;
67367;Otterswiller;25.6;
67368;Ottrott;2.5;
67369;Ottwiller;50;
67370;Petersbach;53.5;
67371;La Petite-Pierre;1.3;
67372;Val-de-Moder;71.5;
67373;Pfalzweyer;87.1;
67375;Pfulgriesheim;44.8;
67377;Plaine;21;
67378;Plobsheim;54.2;
67379;Preuschdorf;53.9;
67380;Printzheim;50.5;
67381;Puberg;N/A - division par 0;
67382;Quatzenheim;56.8;
67383;Rangen;72.6;
67384;Ranrupt;42;
67385;Ratzwiller;99.5;
67386;Rauwiller;252.7;
67387;Reichsfeld;6.3;
67388;Reichshoffen;80.4;
67389;Reichstett;9.9;
67391;Reinhardsmunster;N/A - division par 0;
67392;Reipertswiller;61.2;
67394;Retschwiller;55;
67395;Reutenbourg;46.7;
67396;Rexingen;197.9;
67397;Rhinau;50.3;
67398;Richtolsheim;33.5;
67400;Riedseltz;42.8;
67401;Rimsdorf;66.6;
67403;Ringendorf;36.1;
67404;Rittershoffen;25.2;
67405;Rœschwoog;79.7;
67406;Rohr;77.5;
67407;Rohrwiller;N/A - division par 0;
67408;Romanswiller;43.3;
67409;Roppenheim;58.7;
67410;Rosenwiller;4.9;
67411;Rosheim;19.6;
67412;Rossfeld;80.8;
67413;Rosteig;3.5;
67414;Rothau;N/A - division par 0;
67415;Rothbach;34.9;
67416;Rott;4.2;
67417;Rottelsheim;30.1;
67418;Rountzenheim-Auenheim;85.4;
67420;Russ;14.8;
67421;Saales;66.1;
67422;Saasenheim;49;
67423;Saessolsheim;31.8;
67424;Saint-Blaise-la-Roche;22.8;
67425;Saint-Jean-Saverne;46.5;
67426;Saint-Martin;N/A - division par 0;
67427;Saint-Maurice;0;
67428;Saint-Nabor;0.3;
67429;Saint-Pierre;12.3;
67430;Saint-Pierre-Bois;19.5;
67432;Salmbach;25.4;
67433;Sand;36.8;
67434;Sarre-Union;103.5;
67435;Sarrewerden;90;
67436;Saulxures;50.1;
67437;Saverne;2.9;
67438;Schaeffersheim;23.8;
67440;Schaffhouse-près-Seltz;33.2;
67441;Schalkendorf;172.9;
67442;Scharrachbergheim-Irmstett;14.6;
67443;Scheibenhard;38.4;
67444;Scherlenheim;48.7;
67445;Scherwiller;9.3;
67446;Schillersdorf;82.9;
67447;Schiltigheim;14.3;
67448;Schirmeck;N/A - division par 0;
67449;Schirrhein;56.4;
67450;Schirrhoffen;N/A - division par 0;
67451;Schleithal;42.5;
67452;Schnersheim;44.1;
67453;Schœnau;30.8;
67454;Schœnbourg;49.5;
67455;Schœnenbourg;18.3;
67456;Schopperten;56.5;
67458;Schweighouse-sur-Moder;37.4;
67459;Schwenheim;61.8;
67460;Schwindratzheim;44;
67461;Schwobsheim;23;
67462;Sélestat;28.8;
67463;Seltz;51.4;
67464;Sermersheim;57.3;
67465;Sessenheim;74.6;
67466;Siegen;40.2;
67467;Siewiller;114.3;
67468;Siltzheim;86.5;
67470;Solbach;25.6;
67471;Souffelweyersheim;76.6;
67472;Soufflenheim;31.3;
67473;Soultz-les-Bains;31.3;
67474;Soultz-sous-Forêts;31.6;
67475;Sparsbach;15;
67476;Stattmatten;114.7;
67477;Steige;60.3;
67478;Steinbourg;78.7;
67479;Steinseltz;20;
67480;Still;109.2;
67481;Stotzheim;24;
67482;Strasbourg;15.3;
67483;Struth;6.1;
67484;Stundwiller;30.2;
67485;Stutzheim-Offenheim;35.9;
67486;Sundhouse;61.3;
67487;Surbourg;61.9;
67488;Thal-Drulingen;72.8;
67489;Thal-Marmoutier;1;
67490;Thanvillé;N/A - division par 0;
67491;Tieffenbach;N/A - division par 0;
67492;Traenheim;10.8;
67493;Triembach-au-Val;0.6;
67494;Trimbach;22.3;
67495;Truchtersheim;42.5;
67497;Uhlwiller;40.8;
67498;Uhrwiller;81.5;
67499;Urbeis;58.1;
67500;Urmatt;0;
67501;Uttenheim;36.5;
67502;Uttenhoffen;90.1;
67503;Uttwiller;75.7;
67504;Valff;27.3;
67505;La Vancelle;79.9;
67506;Vendenheim;56.9;
67507;Villé;0.2;
67508;Vœllerdingen;96.8;
67509;Volksberg;77.4;*
67510;Wahlenheim;63.9;
67511;Walbourg;55.7;
67513;Waldersbach;N/A - division par 0;
67514;Waldhambach;212.4;
67515;Waldolwisheim;45.9;
67516;Waltenheim-sur-Zorn;23.4;
67517;Wangen;15.1;
67519;La Wantzenau;67.7;
67520;Wasselonne;84.4;
67521;Weinbourg;67.1;
67522;Weislingen;132.2;
67523;Weitbruch;36.5;
67524;Weiterswiller;88.3;
67525;Westhoffen;10.7;
67526;Westhouse;35.7;
67527;Westhouse-Marmoutier;40.3;
67528;Weyer;83.8;
67529;Weyersheim;51.2;
67530;Wickersheim-Wilshausen;77.8;
67531;Wildersbach;N/A - division par 0;
67532;Willgottheim;63.7;
67534;Wilwisheim;45;
67535;Wimmenau;2.8;
67536;Windstein;21.5;
67537;Wingen;167.4;
67538;Wingen-sur-Moder;27.1;
67539;Wingersheim les Quatre Bans;41.4;
67540;Wintershouse;30.4;
67541;Wintzenbach;33.8;
67542;Wintzenheim-Kochersberg;20.1;
67543;Wisches;N/A - division par 0;
67544;Wissembourg;46.3;
67545;Witternheim;85.3;
67546;Wittersheim;33.5;
67547;Wittisheim;40.2;
67548;Wiwersheim;61;
67550;Wœrth;61;
67551;Wolfisheim;115.4;
67552;Wolfskirchen;97;
67553;Wolschheim;62.3;
67554;Wolxheim;11.9;
67555;Zehnacker;105.5;
67556;Zeinheim;55.2;
67557;Zellwiller;28.6;
67558;Zinswiller;N/A - division par 0;
67559;Zittersheim;201.6;
68001;Algolsheim;73.5;
68002;Altenach;60.6;
68004;Altkirch;70;
68005;Ammerschwihr;5.6;
68006;Bernwiller;34.9;
68007;Andolsheim;54.4;
68008;Appenwihr;58;
68009;Artzenheim;119.9;
68010;Aspach;75.3;
68011;Aspach-le-Bas;62.2;
68012;Aspach-Michelbach;83.1;
68013;Attenschwiller;18.5;
68014;Aubure;21.3;
68015;Baldersheim;74.5;
68016;Balgau;53.8;
68017;Ballersdorf;41.8;
68018;Balschwiller;89.1;
68019;Baltzenheim;37.6;
68020;Bantzenheim;99.5;
68021;Bartenheim;50.9;
68022;Battenheim;65.9;
68023;Beblenheim;13.4;
68024;Bellemagny;124.6;
68025;Bendorf;4.3;
68026;Bennwihr;5.5;
68027;Berentzwiller;30.6;
68028;Bergheim;6.2;
68029;Bergholtz;14.6;
68030;Bergholtzzell;7.8;
68032;Berrwiller;29.5;
68033;Bettendorf;27.6;
68034;Bettlach;50.3;
68035;Biederthal;47.7;
68036;Biesheim;63.9;
68037;Biltzheim;32.5;
68038;Bischwihr;53.2;
68039;Bisel;44.9;
68040;Bitschwiller-lès-Thann;15.4;
68041;Blodelsheim;41.9;
68042;Blotzheim;75.7;
68043;Bollwiller;76.8;
68044;Le Bonhomme;35.8;
68045;Bourbach-le-Bas;43.8;
68046;Bourbach-le-Haut;43.7;
68049;Bouxwiller;27.2;
68050;Bréchaumont;54.4;
68051;Breitenbach-Haut-Rhin;69.1;
68052;Bretten;51.4;
68054;Brinckheim;37.1;
68055;Bruebach;43.3;
68056;Brunstatt-Didenheim;62.6;
68057;Buethwiller;6.1;
68058;Buhl;25.8;
68059;Burnhaupt-le-Bas;39.5;
68060;Burnhaupt-le-Haut;91.4;
68061;Buschwiller;25.6;
68062;Carspach;50;
68063;Cernay;19.5;
68064;Chalampé;4.4;
68065;Chavannes-sur-l'Étang;57.4;
68066;Colmar;8.2;
68067;Courtavon;102.2;
68068;Dannemarie;35.6;
68069;Dessenheim;48.9;
68071;Diefmatten;48.2;
68072;Dietwiller;57.1;
68073;Dolleren;68.2;*
68074;Durlinsdorf;85.9;
68075;Durmenach;51.1;
68076;Durrenentzen;49.3;
68077;Eglingen;43.9;
68078;Eguisheim;7.7;
68079;Elbach;N/A - division par 0;
68080;Emlingen;52.6;
68081;Saint-Bernard;32.7;
68082;Ensisheim;91.6;
68083;Eschbach-au-Val;14.8;
68084;Eschentzwiller;20.5;
68085;Eteimbes;39.4;
68086;Falkwiller;26.5;
68087;Feldbach;50.3;
68088;Feldkirch;87.8;
68089;Fellering;79;
68090;Ferrette;52.3;
68091;Fessenheim;48.9;
68092;Fislis;47.7;
68093;Flaxlanden;48.3;
68094;Folgensbourg;31.2;
68095;Fortschwihr;80.7;
68096;Franken;46.3;
68097;Fréland;27;
68098;Friesen;82.5;
68099;Frœningen;37.2;
68100;Fulleren;59.9;
68101;Galfingue;64.8;
68102;Geishouse;36.9;
68103;Geispitzen;125.7;
68104;Geiswasser;29.5;
68105;Gildwiller;20.3;
68106;Goldbach-Altenbach;30.8;
68107;Gommersdorf;79.8;
68109;Griesbach-au-Val;112.4;
68110;Grussenheim;46.3;
68111;Gueberschwihr;5.7;
68112;Guebwiller;27.4;
68113;Guémar;77.7;
68114;Guevenatten;0.5;
68115;Guewenheim;39.5;
68116;Gundolsheim;43.1;
68117;Gunsbach;0.4;
68118;Habsheim;39.2;
68119;Hagenbach;77.2;
68120;Hagenthal-le-Bas;22.6;
68121;Hagenthal-le-Haut;163;
68122;Hartmannswiller;15.5;
68123;Hattstatt;6.7;
68124;Hausgauen;39;
68125;Hecken;25.6;
68126;Hégenheim;57.1;
68127;Heidwiller;49.9;
68128;Heimersdorf;49.6;
68129;Heimsbrunn;55.1;
68130;Heiteren;59.4;
68131;Heiwiller;19.2;
68132;Helfrantzkirch;31.7;
68134;Herrlisheim-près-Colmar;11.8;
68135;Hésingue;31.1;
68136;Hettenschlag;76.8;
68137;Hindlingen;9.2;
68138;Hirsingue;36.3;
68139;Hirtzbach;41.5;
68140;Hirtzfelden;57.4;
68141;Hochstatt;61.2;
68142;Hohrod;59.8;
68143;Porte du Ried;30.3;
68144;Hombourg;87.5;
68145;Horbourg-Wihr;42.5;
68146;Houssen;18;
68147;Hunawihr;5;
68148;Hundsbach;17.3;
68149;Huningue;N/A - division par 0;
68150;Husseren-les-Châteaux;4.1;
68151;Husseren-Wesserling;7;
68152;Illfurth;40.3;
68153;Illhaeusern;61.2;
68154;Illzach;8.8;
68155;Ingersheim;4.5;
68156;Issenheim;64.8;
68157;Jebsheim;55.1;
68158;Jettingen;82.3;
68159;Jungholtz;19.2;
68160;Kappelen;41.4;
68161;Katzenthal;5.2;
68162;Kaysersberg Vignoble;8.2;
68163;Kembs;35.4;
68165;Kiffis;36.3;
68166;Kingersheim;N/A - division par 0;
68167;Kirchberg;65.4;
68168;Knœringue;24.8;
68169;Kœstlach;71.6;
68170;Kœtzingue;31.2;
68171;Kruth;72.5;
68172;Kunheim;66.8;
68173;Labaroche;39.9;
68174;Landser;48.9;
68175;Lapoutroie;48.7;
68176;Largitzen;77.9;
68177;Lautenbach;65.6;
68178;Lautenbachzell;23.4;
68179;Lauw;58.7;
68180;Leimbach;0.8;
68181;Levoncourt;35.7;
68182;Leymen;34.6;
68183;Liebenswiller;57.7;
68184;Liebsdorf;23.4;
68185;Lièpvre;51.4;
68186;Ligsdorf;36.9;
68187;Linsdorf;81.5;
68188;Linthal;38.8;
68189;Logelheim;75.9;
68190;Lucelle;101.4;
68191;Luemschwiller;60.9;
68192;Valdieu-Lutran;102.1;
68193;Luttenbach-près-Munster;33.3;
68194;Lutter;39;
68195;Lutterbach;86.6;
68196;Magny;38.3;
68197;Magstatt-le-Bas;28.6;
68198;Magstatt-le-Haut;46.7;
68199;Malmerspach;30.6;
68200;Manspach;47.6;
68201;Masevaux-Niederbruck;38.2;
68202;Mertzen;181.5;
68203;Merxheim;57.2;
68204;Metzeral;57;
68205;Meyenheim;52.3;
68207;Michelbach-le-Bas;25.7;
68208;Michelbach-le-Haut;39.8;
68209;Mittelwihr;7.7;
68210;Mittlach;77.3;
68211;Mitzach;22.7;
68212;Mœrnach;45.5;
68213;Mollau;41.7;
68214;Montreux-Jeune;N/A - division par 0;
68215;Montreux-Vieux;N/A - division par 0;
68216;Mooslargue;41;
68217;Moosch;52;
68218;Morschwiller-le-Bas;75.3;
68219;Le Haut Soultzbach;46.5;
68221;Muespach;40.6;
68222;Muespach-le-Haut;52.6;
68223;Muhlbach-sur-Munster;57.7;
68224;Mulhouse;114.2;
68225;Munchhouse;50.8;
68226;Munster;21;
68227;Muntzenheim;43;
68228;Munwiller;66;
68229;Murbach;N/A - division par 0;
68230;Nambsheim;46.7;
68231;Neuf-Brisach;N/A - division par 0;
68232;Neuwiller;18.5;
68234;Niederentzen;53.6;
68235;Niederhergheim;41.6;
68237;Niedermorschwihr;4.9;
68238;Niffer;114.8;
68239;Oberbruck;42.9;
68240;Illtal;29.7;
68241;Oberentzen;94.3;
68242;Oberhergheim;76.9;
68243;Oberlarg;59;
68244;Obermorschwihr;3.8;
68245;Obermorschwiller;47.4;
68246;Obersaasheim;49.7;
68247;Oderen;40.7;
68248;Oltingue;46;
68249;Orbey;46.8;
68250;Orschwihr;9.8;
68251;Osenbach;14.9;
68252;Ostheim;51.7;
68253;Ottmarsheim;N/A - division par 0;
68254;Petit-Landau;72.3;
68255;Pfaffenheim;4.9;
68256;Pfastatt;38.4;
68257;Pfetterhouse;109.5;
68258;Pulversheim;134.7;
68259;Raedersdorf;77.5;
68260;Raedersheim;62.4;
68261;Rammersmatt;10.8;
68262;Ranspach;36.2;
68263;Ranspach-le-Bas;93.2;
68264;Ranspach-le-Haut;72.8;
68265;Rantzwiller;28.6;
68266;Réguisheim;61.6;
68267;Reiningue;35;
68268;Retzwiller;132.6;
68269;Ribeauvillé;8.7;
68270;Richwiller;65.9;
68271;Riedisheim;61.4;
68273;Riespach;70.2;
68274;Rimbach-près-Guebwiller;13.4;
68275;Rimbach-près-Masevaux;25.2;
68276;Rimbachzell;N/A - division par 0;
68277;Riquewihr;7.9;
68278;Rixheim;38.9;
68279;Roderen;43.9;
68280;Rodern;7.8;
68281;Roggenhouse;40;
68282;Romagny;150.3;
68283;Rombach-le-Franc;37;
68284;Roppentzwiller;60.6;*
68285;Rorschwihr;10.9;
68286;Rosenau;23.7;
68287;Rouffach;32.1;
68288;Ruederbach;26.5;
68289;Ruelisheim;65.3;
68290;Rustenhart;56.1;
68291;Rumersheim-le-Haut;62.4;
68292;Saint-Amarin;29.1;
68293;Saint-Cosme;31.7;
68294;Sainte-Croix-aux-Mines;47.8;
68295;Sainte-Croix-en-Plaine;79;
68296;Saint-Hippolyte;8;
68297;Saint-Louis;50.5;
68298;Sainte-Marie-aux-Mines;32.4;
68299;Saint-Ulrich;0.8;
68300;Sausheim;58.4;
68301;Schlierbach;39.1;
68302;Schweighouse-Thann;43.2;
68303;Schwoben;20.2;
68304;Sentheim;38;
68305;Seppois-le-Bas;156.9;
68306;Seppois-le-Haut;125.7;
68307;Sewen;39.4;
68308;Sickert;7.2;
68309;Sierentz;34.2;
68311;Sondernach;71;
68312;Sondersdorf;24.3;
68313;Soppe-le-Bas;41;*
68315;Soultz-Haut-Rhin;19.9;
68316;Soultzbach-les-Bains;26.5;
68317;Soultzeren;50.9;
68318;Soultzmatt;8;
68320;Spechbach;56.7;
68321;Staffelfelden;90.6;
68322;Steinbach;9.4;
68323;Steinbrunn-le-Bas;54;
68324;Steinbrunn-le-Haut;16.2;
68325;Steinsoultz;50;
68326;Sternenberg;61.5;
68327;Stetten;44.2;
68328;Storckensohn;57.2;
68329;Stosswihr;56.8;
68330;Strueth;31.9;
68331;Sundhoffen;59;
68332;Tagolsheim;43;
68333;Tagsdorf;37.9;
68334;Thann;0.6;
68335;Thannenkirch;6.1;
68336;Traubach-le-Bas;73.4;
68337;Traubach-le-Haut;63.9;
68338;Turckheim;3.9;
68340;Ueberstrass;109.1;
68341;Uffheim;39.1;
68342;Uffholtz;23.6;
68343;Ungersheim;58.6;
68344;Urbès;70.9;
68345;Urschenheim;38.1;
68347;Vieux-Ferrette;204.2;
68348;Vieux-Thann;N/A - division par 0;
68349;Village-Neuf;14.7;
68350;Vœgtlinshoffen;5.8;
68351;Vogelgrun;28.3;
68352;Volgelsheim;70.5;
68353;Wahlbach;43.7;
68354;Walbach;6;
68355;Waldighofen;29.3;
68356;Walheim;121.7;
68357;Waltenheim;20.3;
68358;Wasserbourg;36.4;
68359;Wattwiller;46.3;
68360;Weckolsheim;55.8;
68361;Wegscheid;N/A - division par 0;
68362;Wentzwiller;34.9;
68363;Werentzhouse;55.5;
68364;Westhalten;10;
68365;Wettolsheim;9.8;
68366;Wickerschwihr;51.7;
68367;Widensolen;66.7;
68368;Wihr-au-Val;12;
68370;Wildenstein;17.4;
68371;Willer;35.8;
68372;Willer-sur-Thur;47.1;
68373;Winkel;45.4;
68374;Wintzenheim;7.4;
68375;Wittelsheim;316.1;
68376;Wittenheim;77.7;
68377;Wittersdorf;53.6;
68378;Wolfersdorf;183;
68379;Wolfgantzen;56.8;*
68380;Wolschwiller;41.1;
68381;Wuenheim;7.5;
68382;Zaessingue;36.8;
68383;Zellenberg;7.9;
68384;Zillisheim;81.6;
68385;Zimmerbach;3.4;
68386;Zimmersheim;52.1;
69001;Affoux;46.1;
69002;Aigueperse;88.3;
69003;Albigny-sur-Saône;0.5;
69004;Alix;23;
69005;Ambérieux;37.6;
69006;Amplepuis;68.8;
69007;Ampuis;8.4;
69008;Ancy;32.3;
69009;Anse;12.5;
69010;L'Arbresle;0.6;
69012;Les Ardillats;53.9;
69013;Arnas;37.2;
69014;Aveize;34.6;
69016;Azolette;42.5;*
69017;Bagnols;14.4;
69018;Beaujeu;10.5;*
69019;Belleville-en-Beaujolais;14.2;
69020;Belmont-d'Azergues;0.3;
69021;Bessenay;27.2;
69022;Bibost;17.6;
69023;Blacé;18.5;
69024;Val d'Oingt;8.2;
69026;Le Breuil;26.1;
69027;Brignais;60.6;
69028;Brindas;46.4;
69029;Bron;N/A - division par 0;
69030;Brullioles;47.7;
69031;Brussieu;31.9;
69032;Bully;31.6;
69033;Cailloux-sur-Fontaines;57.4;
69034;Caluire-et-Cuire;30;
69035;Cenves;69.6;
69036;Cercié;39;*
69037;Chambost-Allières;71.5;
69038;Chambost-Longessaigne;41.9;
69039;Chamelet;14.1;
69040;Champagne-au-Mont-d'Or;0.1;
69042;La Chapelle-sur-Coise;35.6;
69043;Chaponost;41;
69044;Charbonnières-les-Bains;5;
69045;Charentay;34.9;
69046;Charly;12.9;
69047;Charnay;15.1;
69049;Chasselay;26.9;
69050;Châtillon;36.5;
69051;Chaussan;18.4;
69052;Chazay-d'Azergues;34.6;
69053;Chénas;8.6;
69054;Chénelette;93.8;
69055;Les Chères;35.1;
69056;Chessy;34;
69057;Chevinay;36.5;
69058;Chiroubles;9.2;
69059;Civrieux-d'Azergues;25.4;
69060;Claveisolles;60.2;
69061;Cogny;25.4;
69062;Coise;34.3;
69063;Collonges-au-Mont-d'Or;0.9;
69064;Condrieu;13;
69065;Corcelles-en-Beaujolais;23.4;
69066;Cours;78.1;
69067;Courzieu;29.5;
69068;Couzon-au-Mont-d'Or;N/A - division par 0;
69069;Craponne;0.6;
69070;Cublize;38;
69071;Curis-au-Mont-d'Or;4.5;
69072;Dardilly;31.7;
69074;Denicé;14.3;
69075;Dième;81.8;
69076;Dommartin;25.9;
69077;Dracé;90.3;
69078;Duerne;39;
69080;Échalas;39.6;
69081;Écully;N/A - division par 0;
69082;Émeringes;14.3;
69083;Éveux;24.7;*
69084;Fleurie;7;
69085;Fleurieu-sur-Saône;26.3;
69086;Fleurieux-sur-l'Arbresle;60.3;
69087;Fontaines-Saint-Martin;N/A - division par 0;
69088;Fontaines-sur-Saône;N/A - division par 0;
69089;Francheville;N/A - division par 0;
69090;Frontenas;19;
69091;Givors;97.9;
69092;Gleizé;14.3;
69093;Grandris;109.7;
69094;Grézieu-la-Varenne;17.2;
69095;Grézieu-le-Marché;31.7;
69096;Grigny;4.8;
69097;Les Haies;36;
69098;Les Halles;32.8;
69099;Haute-Rivoire;45.3;
69100;Irigny;11.2;
69102;Joux;39.9;
69103;Juliénas;9.9;
69104;Jullié;9.6;
69105;Lacenas;7;
69106;Lachassagne;16.5;
69107;Lamure-sur-Azergues;79.2;
69108;Lancié;11.7;
69109;Lantignié;10.1;
69110;Larajasse;34.9;
69111;Légny;12.1;
69112;Lentilly;26.7;
69113;Létra;9.7;
69115;Limas;10.3;
69116;Limonest;24.3;
69117;Lissieu;15.8;
69118;Loire-sur-Rhône;23.8;
69119;Longes;69.9;
69120;Longessaigne;42.1;
69121;Lozanne;45.8;
69122;Lucenay;20.3;
69123;Lyon;5;
69124;Marchampt;21.1;
69125;Marcilly-d'Azergues;59.7;
69126;Marcy;13.9;
69127;Marcy-l'Étoile;33.3;
69130;Meaux-la-Montagne;81.4;
69131;Messimy;24.2;
69132;Meys;44.3;
69133;Millery;20.2;
69134;Moiré;7.2;
69135;Deux-Grosnes;63.3;
69136;Montagny;28.9;
69137;Montmelas-Saint-Sorlin;12.5;
69138;Montromant;43.4;
69139;Montrottier;43.1;
69140;Morancé;17.9;
69141;Mornant;39.9;
69142;La Mulatière;0;
69143;Neuville-sur-Saône;23.4;
69145;Odenas;14.6;
69148;Orliénas;24.8;
69149;Oullins;N/A - division par 0;
69151;Le Perréon;5.9;
69152;Pierre-Bénite;N/A - division par 0;
69153;Poleymieux-au-Mont-d'Or;63;
69154;Pollionnay;34.6;
69155;Pomeys;41.3;
69156;Pommiers;12;
69157;Vindry-sur-Turdine;34.7;
69159;Porte des Pierres Dorées;13.4;
69160;Poule-les-Écharmeaux;40.2;
69161;Propières;80.6;
69162;Quincié-en-Beaujolais;7.7;
69163;Quincieux;45.9;
69164;Ranchal;116;
69165;Régnié-Durette;8.9;
69166;Riverie;34.8;
69167;Rivolet;23.5;
69168;Rochetaillée-sur-Saône;8.6;
69169;Ronno;60.2;
69170;Rontalon;17.4;
69171;Sain-Bel;56.2;
69172;Salles-Arbuissonnas-en-Beaujolais;9.2;
69173;Sarcey;32.8;
69174;Les Sauvages;57;
69175;Savigny;42.1;
69176;Soucieu-en-Jarrest;18;
69177;Sourcieux-les-Mines;58.9;
69178;Souzy;80.8;
69179;Beauvallon;75.5;
69180;Saint-André-la-Côte;40.2;
69181;Saint-Appolinaire;85.2;
69182;Saint-Bonnet-des-Bruyères;55.7;
69183;Saint-Bonnet-le-Troncy;63.9;
69184;Sainte-Catherine;38.6;
69186;Saint-Clément-de-Vers;71.6;
69187;Saint-Clément-les-Places;49.1;
69188;Saint-Clément-sur-Valsonne;62.4;
69189;Sainte-Colombe;30.8;
69190;Sainte-Consorce;27.8;
69191;Saint-Cyr-au-Mont-d'Or;N/A - division par 0;
69192;Saint-Cyr-le-Chatoux;39.5;
69193;Saint-Cyr-sur-le-Rhône;9.9;
69194;Saint-Didier-au-Mont-d'Or;0;
69196;Saint-Didier-sur-Beaujeu;42.8;
69197;Saint-Étienne-des-Oullières;19.5;
69198;Saint-Étienne-la-Varenne;11.4;
69199;Saint-Fons;N/A - division par 0;
69200;Saint-Forgeux;42.1;
69201;Sainte-Foy-l'Argentière;N/A - division par 0;
69202;Sainte-Foy-lès-Lyon;3.1;
69203;Saint-Genis-l'Argentière;65.5;
69204;Saint-Genis-Laval;27.5;
69205;Saint-Genis-les-Ollières;40.2;
69206;Saint-Georges-de-Reneins;35.7;
69207;Saint-Germain-au-Mont-d'Or;56.2;
69208;Saint-Germain-Nuelles;11.7;
69209;Saint-Igny-de-Vers;40.4;
69212;Saint-Jean-des-Vignes;19.6;
69214;Saint-Jean-la-Bussière;64.1;
69215;Saint-Julien;9.4;
69216;Saint-Julien-sur-Bibost;23.9;
69217;Saint-Just-d'Avray;49.6;
69218;Saint-Lager;8.7;
69219;Saint-Laurent-d'Agny;42.9;
69220;Saint-Laurent-de-Chamousset;46.8;
69225;Saint-Marcel-l'Éclairé;56.3;
69227;Saint-Martin-en-Haut;28.6;
69228;Chabanière;25.2;
69229;Saint-Nizier-d'Azergues;51.7;
69230;Sainte-Paule;21.9;
69231;Saint-Pierre-la-Palud;24.7;
69233;Saint-Romain-au-Mont-d'Or;4.8;
69234;Saint-Romain-de-Popey;31.5;
69235;Saint-Romain-en-Gal;23;
69236;Saint-Romain-en-Gier;35.8;
69238;Saint-Symphorien-sur-Coise;26.6;
69239;Saint-Vérand;29.3;
69240;Saint-Vincent-de-Reins;87.1;
69241;Taluyers;37.5;
69242;Taponas;67.9;
69243;Tarare;57.1;
69244;Tassin-la-Demi-Lune;40.7;
69245;Ternand;10.8;
69246;Theizé;10.2;
69248;Thizy-les-Bourgs;67.8;
69249;Thurins;12;
69250;La Tour-de-Salvagny;N/A - division par 0;
69252;Trèves;32.3;
69253;Tupin-et-Semons;8.9;
69254;Valsonne;75.4;
69255;Vaugneray;40.2;
69256;Vaulx-en-Velin;15.7;
69257;Vaux-en-Beaujolais;6.8;
69258;Vauxrenard;14.3;
69259;Vénissieux;N/A - division par 0;
69260;Vernaison;0.3;
69261;Vernay;88;
69263;Villechenève;50.2;
69264;Villefranche-sur-Saône;18.1;
69265;Ville-sur-Jarnioux;19.4;
69266;Villeurbanne;N/A - division par 0;
69267;Villié-Morgon;8.8;
69268;Vourles;5.7;
69269;Yzeron;35.8;
69270;Chaponnay;62.3;
69271;Chassieu;54.9;
69272;Communay;42.3;
69273;Corbas;98.7;
69275;Décines-Charpieu;49.1;
69276;Feyzin;70.5;
69277;Genas;102.7;
69278;Genay;63.4;
69279;Jonage;71.1;
69280;Jons;65.8;
69281;Marennes;53.2;
69282;Meyzieu;151.5;
69283;Mions;33.3;
69284;Montanay;141.9;
69285;Pusignan;80;
69286;Rillieux-la-Pape;42.1;
69287;Saint-Bonnet-de-Mure;92.7;
69288;Saint-Laurent-de-Mure;64.2;
69289;Saint-Pierre-de-Chandieu;119;
69290;Saint-Priest;68.5;
69291;Saint-Symphorien-d'Ozon;33.7;
69292;Sathonay-Camp;80.7;
69293;Sathonay-Village;177;
69294;Sérézin-du-Rhône;26.7;
69295;Simandres;43.4;
69296;Solaize;47.5;
69297;Ternay;35.6;
69298;Toussieu;61.8;
69299;Colombier-Saugnieu;65.9;
70001;Abelcourt;158.9;
70002;Aboncourt-Gesincourt;139.1;
70003;Achey;279.2;
70004;Adelans-et-le-Val-de-Bithaine;111.5;
70005;Aillevans;164.9;
70006;Aillevillers-et-Lyaumont;105.8;
70007;Ailloncourt;201.6;
70008;Ainvelle;N/A - division par 0;
70009;Aisey-et-Richecourt;338.1;
70010;Alaincourt;121.5;
70011;Amage;59.8;
70012;Amance;211;
70013;Ambiévillers;109.4;
70014;Amblans-et-Velotte;100.1;
70015;Amoncourt;N/A - division par 0;
70016;Amont-et-Effreney;37;
70017;Anchenoncourt-et-Chazel;230;*
70018;Ancier;130.5;
70019;Andelarre;N/A - division par 0;
70020;Andelarrot;76.9;
70021;Andornay;170.1;
70022;Angirey;173.4;
70023;Anjeux;199.6;
70024;Apremont;145.3;
70025;Arbecey;111.2;
70026;Arc-lès-Gray;164.6;
70027;Argillières;170.4;
70028;Aroz;245.5;
70029;Arpenans;108.9;
70030;Arsans;96.8;
70031;Athesans-Étroitefontaine;148.1;
70032;Attricourt;251.9;
70035;Augicourt;178.1;
70036;Aulx-lès-Cromary;179.6;
70037;Autet;92.9;
70038;Authoison;94.4;
70039;Autoreille;54.8;
70040;Autrey-lès-Cerre;146.4;
70041;Autrey-lès-Gray;229.7;
70042;Autrey-le-Vay;29.9;
70043;Auvet-et-la-Chapelotte;106.2;
70044;Auxon;71.3;
70045;Avrigney-Virey;159.7;
70046;Les Aynans;114.9;
70047;Baignes;116.4;
70048;Bard-lès-Pesmes;65;
70049;Barges;141.2;
70050;La Barre;212.1;
70051;La Basse-Vaivre;10;
70052;Bassigney;N/A - division par 0;
70053;Les Bâties;120;
70054;Battrans;111.7;
70055;Baudoncourt;118.5;
70056;Baulay;2.7;
70057;Bay;157;
70058;Beaujeu-Saint-Vallier-Pierrejux-et-Quitteur;124.7;
70059;Beaumotte-Aubertans;108.8;
70060;Beaumotte-lès-Pin;20.8;
70061;Belfahy;N/A - division par 0;
70062;Belmont;1;
70063;Belonchamp;N/A - division par 0;
70064;Belverne;N/A - division par 0;
70065;Besnans;401.4;
70066;Betaucourt;130.9;
70067;Betoncourt-lès-Brotte;216.1;
70069;Betoncourt-Saint-Pancras;N/A - division par 0;
70070;Betoncourt-sur-Mance;179.2;
70071;Beulotte-Saint-Laurent;41.9;
70072;Beveuge;86.3;
70074;Blondefontaine;226.7;
70075;Bonboillon;209.7;
70076;Bonnevent-Velloreille;94;*
70077;Borey;120.2;
70078;Bougey;234.3;
70079;Bougnon;108.1;
70080;Bouhans-et-Feurg;69;
70081;Bouhans-lès-Lure;104.6;
70082;Bouhans-lès-Montbozon;130.6;
70083;Bouligney;162.8;
70084;Boulot;50.7;
70085;Boult;100.1;
70086;Bourbévelle;205.5;
70087;Bourguignon-lès-Conflans;206;
70088;Bourguignon-lès-la-Charité;89.8;
70089;Bourguignon-lès-Morey;263.8;
70090;Boursières;323.6;
70091;Bousseraucourt;177.1;
70092;Bresilley;N/A - division par 0;
70093;Breuches;35.8;
70094;Breuchotte;N/A - division par 0;
70095;Breurey-lès-Faverney;49.5;
70096;Brevilliers;84.1;
70097;Briaucourt;136.3;
70098;Brotte-lès-Luxeuil;62.1;
70099;Brotte-lès-Ray;162.5;
70100;Broye-les-Loups-et-Verfontaine;139.9;
70101;Broye-Aubigney-Montseugny;109.5;
70102;Brussey;260.4;
70103;La Bruyère;49.2;
70104;Bucey-lès-Gy;63.8;
70105;Bucey-lès-Traves;81.2;
70106;Buffignécourt;96.5;
70107;Bussières;91.6;
70109;Buthiers;68;
70111;Calmoutier;147.7;
70112;Cemboing;165.2;
70113;Cenans;190.8;
70114;Cendrecourt;134.5;
70115;Cerre-lès-Noroy;277.1;
70116;Chagey;37.3;
70117;Châlonvillars;95.7;
70118;Chambornay-lès-Bellevaux;N/A - division par 0;
70119;Chambornay-lès-Pin;120.5;
70120;Champagney;16.4;
70121;Champey;41.6;
70122;Champlitte;170.9;
70124;Champtonnay;140.2;
70125;Champvans;149.7;
70126;Chancey;137.2;
70127;Chantes;71;
70128;La Chapelle-lès-Luxeuil;3.7;
70129;La Chapelle-Saint-Quillain;117;
70130;Charcenne;101.1;
70132;Chargey-lès-Gray;125.5;
70133;Chargey-lès-Port;137.7;
70134;Chariez;86.9;
70135;Charmes-Saint-Valbert;295.4;
70136;Charmoille;204.1;
70137;Chassey-lès-Montbozon;119.5;
70138;Chassey-lès-Scey;176.5;
70140;Châteney;60.7;
70141;Châtenois;N/A - division par 0;
70142;Chaumercenne;144;
70143;Chauvirey-le-Châtel;106.6;
70144;Chauvirey-le-Vieil;6.5;
70145;Chaux-la-Lotière;80.3;
70146;Chaux-lès-Port;81;
70147;Chavanne;142.4;
70148;Chemilly;3;
70149;Chenebier;N/A - division par 0;
70150;Chenevrey-et-Morogne;100.2;
70151;Chevigney;580.9;
70152;Choye;94.3;
70153;Cintrey;107.7;
70154;Cirey;90.3;
70155;Citers;83.3;
70156;Citey;73;
70157;Clairegoutte;N/A - division par 0;
70158;Clans;76.4;
70159;Cognières;73.5;
70160;Coisevaux;77.1;*
70162;Colombe-lès-Vesoul;98.3;
70163;Colombier;182.2;
70164;Colombotte;175.4;
70165;Combeaufontaine;40;
70166;Comberjon;N/A - division par 0;
70167;Conflandey;63.3;
70168;Conflans-sur-Lanterne;211.3;
70169;Confracourt;110.6;
70170;Contréglise;327.9;
70171;Corbenay;88.7;
70172;La Corbière;46.7;
70174;Cordonnet;102.7;
70175;Cornot;205.2;
70176;Corravillers;100.2;
70177;Corre;88.4;
70178;La Côte;4.7;
70179;Coulevon;146.8;
70180;Courchaton;112.2;
70181;Courcuire;458.3;
70182;Courmont;N/A - division par 0;
70183;Courtesoult-et-Gatey;66.6;
70184;Couthenans;N/A - division par 0;
70185;Cresancey;104.7;
70186;La Creuse;275.4;
70187;Crevans-et-la-Chapelle-lès-Granges;127.8;
70188;Creveney;130.7;*
70189;Cromary;85;
70190;Cubry-lès-Faverney;372.5;
70192;Cugney;201.9;
70193;Cult;109.8;
70194;Cuve;4.3;
70195;Dambenoît-lès-Colombe;89.2;*
70196;Dampierre-lès-Conflans;88.4;
70197;Dampierre-sur-Linotte;120.1;
70198;Dampierre-sur-Salon;206.3;
70199;Dampvalley-lès-Colombe;91.8;
70200;Dampvalley-Saint-Pancras;68.5;
70201;Delain;134.4;
70202;Demangevelle;29.1;
70203;La Demie;238.4;
70204;Denèvre;213.4;
70205;Échavanne;23.4;
70206;Échenans-sous-Mont-Vaudois;243.8;
70207;Échenoz-la-Méline;N/A - division par 0;
70208;Échenoz-le-Sec;110.1;
70210;Écromagny;127.8;
70211;Écuelle;133.9;
70213;Éhuns;208.9;
70214;Équevilley;140.9;
70215;Errevet;123.4;
70216;Esboz-Brest;63.8;
70217;Esmoulières;55.7;
70218;Esmoulins;32;
70219;Esprels;61;
70220;Essertenne-et-Cecey;18.4;
70221;Étobon;N/A - division par 0;
70222;Étrelles-et-la-Montbleuse;167.3;
70224;Étuz;90.2;
70225;Fahy-lès-Autrey;120.3;
70226;Fallon;88;
70227;Faucogney-et-la-Mer;18.8;*
70228;Faverney;14.1;
70229;Faymont;N/A - division par 0;
70230;Fédry;74.1;
70231;Ferrières-lès-Ray;160.6;
70232;Ferrières-lès-Scey;235.1;
70233;Les Fessey;43;
70234;Filain;96.1;
70235;Flagy;199.1;
70236;Fleurey-lès-Faverney;123.4;
70237;Fleurey-lès-Lavoncourt;203.6;
70238;Fleurey-lès-Saint-Loup;2.8;
70239;Fondremand;82;*
70240;Fontaine-lès-Luxeuil;80.9;
70242;Fontenois-la-Ville;106.2;
70243;Fontenois-lès-Montbozon;56.8;
70244;Fouchécourt;141.4;
70245;Fougerolles-Saint-Valbert;53.6;
70247;Fouvent-Saint-Andoche;92;
70248;Frahier-et-Chatebier;98.9;
70249;Francalmont;85;
70250;Franchevelle;45.4;
70251;Francourt;131.1;
70252;Framont;171.6;
70253;Frasne-le-Château;172.2;
70254;Frédéric-Fontaine;16.2;
70255;Fresne-Saint-Mamès;8.8;
70256;Fresse;54.9;
70257;Fretigney-et-Velloreille;77.8;
70258;Froideconche;67.1;
70259;Froideterre;68.4;
70260;Frotey-lès-Lure;74.2;
70261;Frotey-lès-Vesoul;75.3;
70262;Genevreuille;115.1;
70263;Genevrey;77;
70264;Georfans;194.5;
70265;Germigney;75.2;
70267;Gevigney-et-Mercey;145.8;
70268;Gézier-et-Fontenelay;72.3;
70269;Girefontaine;69.7;
70271;Gouhenans;48.2;
70272;Gourgeon;82;
70273;Grammont;143.2;
70274;Grandecourt;2.7;
70275;Grandvelle-et-le-Perrenot;73.2;
70276;Granges-la-Ville;N/A - division par 0;
70277;Granges-le-Bourg;6.4;
70278;Grattery;15.5;
70279;Gray;8.9;
70280;Gray-la-Ville;N/A - division par 0;
70282;Gy;127.1;*
70283;Haut-du-Them-Château-Lambert;3.6;
70284;Hautevelle;51.7;
70285;Héricourt;129.5;
70286;Hugier;107.6;
70287;Hurecourt;84.4;
70288;Hyet;122.9;
70289;Igny;109.9;
70290;Jasney;159.9;
70291;Jonvelle;151.9;
70292;Jussey;82.5;
70293;Lambrey;N/A - division par 0;
70294;Lantenot;133.8;
70295;La Lanterne-et-les-Armonts;116.5;
70296;Larians-et-Munans;71.4;
70297;Larret;192.7;
70298;Lavigney;124.6;
70299;Lavoncourt;83.8;*
70301;Lieffrans;96.2;
70302;Lieucourt;2.3;
70303;Liévans;105.3;
70304;Linexert;138.1;
70305;Lœuilley;120.6;
70306;Lomont;45.5;
70307;Longevelle;142.6;
70308;La Longine;57.3;
70309;Loulans-Verchamp;148;
70310;Lure;24.4;
70311;Luxeuil-les-Bains;81.6;
70312;Luze;146.4;
70313;Lyoffans;15.6;
70314;Magnivray;51.3;
70315;Magnoncourt;N/A - division par 0;
70316;Le Magnoray;N/A - division par 0;
70317;Les Magny;25.8;
70318;Magny-Danigon;173.1;
70319;Magny-Jobert;0;
70320;Magny-lès-Jussey;113.4;
70321;Magny-Vernois;N/A - division par 0;
70322;Mailleroncourt-Charette;85;
70323;Mailleroncourt-Saint-Pancras;291.6;
70324;Mailley-et-Chazelot;139.6;
70325;Maizières;78.2;
70326;La Malachère;117.4;
70327;Malans;508.5;
70328;Malbouhans;160.6;
70329;Malvillers;109.5;
70330;Mandrevillars;110.8;
70331;Mantoche;196.4;*
70332;Marast;92.3;
70334;Marnay;53.3;
70335;Maussans;165.2;
70336;Mélecey;61.6;
70337;Melin;114.2;
70338;Melincourt;108;
70339;Mélisey;61.3;
70340;Membrey;119.9;
70341;Menoux;221.2;
70342;Mercey-sur-Saône;256.9;
70343;Mersuay;198.2;
70344;Meurcourt;28.1;
70347;Mignavillers;98.6;
70348;Moffans-et-Vacheresse;42.2;
70349;Moimay;61.5;
70350;Molay;93.7;
70351;Mollans;117.1;
70352;La Montagne;14.1;*
70353;Montagney;71.6;
70355;Montarlot-lès-Rioz;36.8;
70356;Montboillon;75.2;
70357;Montbozon;206.4;*
70358;Montcey;83.6;
70359;Montcourt;163.6;
70360;Montdoré;N/A - division par 0;
70361;Montessaux;178.4;
70362;Montigny-lès-Cherlieu;58.9;
70363;Montigny-lès-Vesoul;231.1;
70364;Montjustin-et-Velotte;152;
70366;Villers-Chemin-et-Mont-lès-Étrelles;228.5;
70367;Mont-le-Vernois;185.5;
70368;Montot;88.7;
70369;Mont-Saint-Léger;179.5;
70371;Montureux-et-Prantigny;142.3;
70372;Montureux-lès-Baulay;128.1;
70373;La Roche-Morey;225.5;
70374;Motey-Besuche;94.5;
70376;Nantilly;101.1;*
70378;Navenne;2;
70380;Neurey-en-Vaux;161.4;
70381;Neurey-lès-la-Demie;95.3;
70383;Neuvelle-lès-Cromary;123.3;
70384;Neuvelle-lès-la-Charité;157;
70385;La Neuvelle-lès-Lure;14.9;
70386;La Neuvelle-lès-Scey;99.3;
70387;Noidans-le-Ferroux;36.6;
70388;Noidans-lès-Vesoul;206.1;
70389;Noiron;N/A - division par 0;
70390;Noroy-le-Bourg;100.5;
70392;Oigney;N/A - division par 0;
70393;Oiselay-et-Grachaux;109.1;
70394;Onay;143.8;
70395;Oppenans;26.9;
70396;Oricourt;50.9;
70397;Ormenans;N/A - division par 0;
70398;Ormoiche;154.4;
70399;Ormoy;49.1;
70400;Ouge;73.4;
70401;Ovanches;156;
70402;Oyrières;178;
70403;Palante;68.4;
70404;Passavant-la-Rochère;65.4;
70405;Pennesières;138.6;
70406;Percey-le-Grand;144.7;
70407;Perrouse;103.2;
70408;Pesmes;104.3;
70409;Pierrecourt;113;
70410;Pin;147.4;
70411;La Pisseure;7.6;
70412;Plainemont;171.4;
70413;Plancher-Bas;64.6;
70414;Plancher-les-Mines;23;
70415;Polaincourt-et-Clairefontaine;152.6;
70416;Pomoy;117.5;
70417;Pontcey;3.9;
70418;La Romaine;208.6;
70419;Pont-du-Bois;97.3;
70420;Pont-sur-l'Ognon;116.9;
70421;Port-sur-Saône;119.4;
70422;Poyans;118.2;
70423;Preigney;N/A - division par 0;
70425;La Proiselière-et-Langle;57.4;
70426;Provenchère;78.2;
70427;Purgerot;105.2;
70428;Pusey;65.8;
70429;Pusy-et-Épenoux;122.6;
70430;La Quarte;229.7;
70431;Quenoche;186.7;
70432;Quers;19;
70433;Quincey;28.3;
70435;Raddon-et-Chapendu;49.5;
70436;Raincourt;34.1;
70437;Ranzevelle;128.7;
70438;Ray-sur-Saône;96.6;
70439;Raze;150.6;
70440;Recologne;N/A - division par 0;
70441;Recologne-lès-Rioz;160.2;
70442;Renaucourt;132.4;
70443;La Grande-Résie;115.3;
70444;La Résie-Saint-Martin;169;
70445;Rignovelle;212.6;
70446;Rigny;123.1;
70447;Rioz;104;
70448;Roche-et-Raucourt;136;
70449;Roche-sur-Linotte-et-Sorans-les-Cordiers;202.1;
70450;La Rochelle;328.7;
70451;Ronchamp;28.9;
70452;Rosey;142.2;
70453;La Rosière;43.1;
70454;Rosières-sur-Mance;56.8;
70455;Roye;97.1;
70456;Ruhans;113.7;
70457;Rupt-sur-Saône;183.4;
70459;Saint-Barthélemy;117.9;
70460;Saint-Bresson;61.6;
70461;Saint-Broing;221.3;
70462;Saint-Ferjeux;118.5;*
70463;Saint-Gand;362.2;
70464;Saint-Germain;46.3;*
70466;Saint-Loup-Nantouard;141.1;
70467;Saint-Loup-sur-Semouse;83.1;
70468;Saint-Marcel;154;
70469;Sainte-Marie-en-Chanois;62.3;
70470;Sainte-Marie-en-Chaux;297.5;
70471;Sainte-Reine;122.3;
70472;Saint-Rémy-en-Comté;107;
70473;Saint-Sauveur;115.4;
70474;Saint-Sulpice;85.9;
70476;Saponcourt;49.1;*
70477;Saulnot;92.1;
70478;Saulx;119.5;
70479;Sauvigney-lès-Gray;140.5;
70480;Sauvigney-lès-Pesmes;156.9;
70481;Savoyeux;7.2;
70482;Scey-sur-Saône-et-Saint-Albin;82;
70483;Scye;89.4;
70484;Secenans;27.7;
70485;Selles;0.5;
70486;Semmadon;113;
70487;Senargent-Mignafans;93.6;
70488;Senoncourt;135;
70489;Servance-Miellin;41.4;
70490;Servigney;84.9;
70491;Seveux-Motey;98.2;
70492;Soing-Cubry-Charentenay;223.6;
70493;Sorans-lès-Breurey;106.1;
70494;Sornay;192.1;
70496;Tartécourt;92.3;
70498;Ternuay-Melay-et-Saint-Hilaire;37.2;
70499;Theuley;101.6;
70500;Thieffrans;90.1;
70501;Thiénans;80.2;
70502;Tincey-et-Pontrebeau;114.5;*
70503;Traitiéfontaine;45.1;*
70504;Traves;130.7;
70505;Le Tremblois;192;
70506;Trémoins;143.4;
70507;Trésilley;74.4;
70509;Tromarey;128.5;*
70510;Vadans;147;
70511;Vaite;120.5;
70512;La Vaivre;42.6;
70513;Vaivre-et-Montoille;0.1;
70514;Valay;170.1;
70515;Le Val-de-Gouhenans;12;
70516;Vallerois-le-Bois;151;
70517;Vallerois-Lorioz;72.9;
70518;Le Val-Saint-Éloi;7.6;
70519;Vandelans;N/A - division par 0;
70520;Vanne;115.7;
70521;Vantoux-et-Longevelle;122.2;
70522;Varogne;332;
70523;Vars;93.5;
70524;Vauchoux;222.6;
70525;Vauconcourt-Nervezain;172.3;
70526;Vauvillers;186.5;
70527;Vaux-le-Moncelot;155.7;
70528;Velesmes-Échevanne;126.5;
70529;Velet;116.3;
70530;Vellechevreux-et-Courbenans;42.7;
70531;Velleclaire;179.1;
70532;Vellefaux;87.9;
70533;Vellefrey-et-Vellefrange;N/A - division par 0;
70534;Vellefrie;124.2;
70535;Velleguindry-et-Levrecey;156.5;
70536;Velle-le-Châtel;140.4;
70537;Velleminfroy;6.5;
70538;Vellemoz;164.3;
70539;Vellexon-Queutrey-et-Vaudey;106.8;
70540;Velloreille-lès-Choye;83;
70541;Velorcey;12.1;
70542;Venère;72.1;
70544;La Vergenne;N/A - division par 0;
70545;Venisey;182.7;
70546;Vereux;427.9;
70547;Verlans;N/A - division par 0;
70548;Vernois-sur-Mance;124.5;*
70549;La Vernotte;86;
70550;Vesoul;7.3;
70552;Villafans;N/A - division par 0;
70553;Villargent;71.7;
70554;Villars-le-Pautel;79.5;
70555;La Villedieu-en-Fontenette;489.2;
70557;Villefrancon;171.3;
70558;La Villeneuve-Bellenoye-et-la-Maize;116.4;
70559;Villeparois;245.3;
70560;Villers-Bouton;165.3;
70561;Villersexel;112.7;
70562;Villers-la-Ville;105.6;*
70563;Villers-le-Sec;118.3;
70564;Villers-lès-Luxeuil;61.4;
70565;Villers-Pater;310.1;
70566;Villers-sur-Port;74.4;
70567;Villers-sur-Saulnot;146.1;
70568;Villers-Vaudey;260.9;
70569;Vilory;94.9;
70571;Visoncourt;93.3;
70572;Vitrey-sur-Mance;186.8;
70573;La Voivre;54.7;
70574;Volon;164.7;
70575;Voray-sur-l'Ognon;79.3;
70576;Vougécourt;314.3;
70577;Vouhenans;101.6;*
70578;Vregille;246.2;*
70579;Vyans-le-Val;12.5;
70580;Vy-le-Ferroux;269.1;
70581;Vy-lès-Lure;106.1;
70582;Vy-lès-Rupt;176.6;
70583;Vy-lès-Filain;37.7;
71001;L'Abergement-de-Cuisery;209.1;
71002;L'Abergement-Sainte-Colombe;109.4;
71003;Allerey-sur-Saône;161.5;
71004;Allériot;130.2;
71005;Aluze;17.6;
71006;Amanzé;65.1;
71007;Ameugny;196.9;
71008;Anglure-sous-Dun;64;
71009;Anost;68.9;
71010;Antully;105.4;
71011;Anzy-le-Duc;102.7;
71012;Artaix;131.8;
71013;Authumes;61.2;
71014;Autun;96.1;
71015;Auxy;87;
71016;Azé;22.2;
71017;Ballore;82.6;
71018;Bantanges;126;
71019;Barizey;17.8;
71020;Barnay;161.1;
71021;Baron;74.4;
71022;Baudemont;63.6;
71023;Baudrières;104.5;
71024;Baugy;105.9;
71025;Beaubery;107.9;
71026;Beaumont-sur-Grosne;355.4;
71027;Beaurepaire-en-Bresse;91.5;
71028;Beauvernois;73.2;
71029;Bellevesvre;80.8;
71030;Bergesserin;79.7;
71031;Berzé-le-Châtel;16.6;
71032;Berzé-la-Ville;22.4;
71033;Bey;56.5;
71034;Bissey-sous-Cruchaud;26.3;
71035;Bissy-la-Mâconnaise;37.4;
71036;Bissy-sous-Uxelles;57.7;
71037;Bissy-sur-Fley;114.4;
71038;Les Bizots;114.5;
71039;Blanot;53;*
71040;Blanzy;146.2;
71041;Bois-Sainte-Marie;45.7;
71042;Bonnay;78.3;
71043;Les Bordes;183.5;
71044;Bosjean;126.2;
71045;Bouhans;92.4;
71046;La Boulaye;106.3;
71047;Bourbon-Lancy;162;
71048;Bourg-le-Comte;56.6;
71050;Bourgvilain;75.9;
71051;Bouzeron;9.9;
71052;Boyer;108.9;
71054;Bragny-sur-Saône;129.6;
71056;Branges;67;
71057;Bray;55.2;
71058;Bresse-sur-Grosne;192.7;
71059;Le Breuil;152.1;
71060;Briant;79.7;
71061;Brienne;129.9;
71062;Brion;92.8;
71063;Broye;80.6;
71064;Bruailles;53.4;
71065;Buffières;89.1;
71066;Burgy;6.3;*
71067;Burnand;48.9;
71068;Burzy;150.8;
71069;Bussières;12.6;
71070;Buxy;40.1;
71071;Céron;101.4;
71072;Cersot;140.7;
71073;Chagny;81.7;
71074;Chaintré;7.6;
71075;Chalmoux;163.5;
71076;Chalon-sur-Saône;0.6;*
71077;Chambilly;114.7;
71078;Chamilly;28.2;
71079;Champagnat;61.2;
71080;Champagny-sous-Uxelles;216;
71081;Champforgeuil;N/A - division par 0;
71082;Champlecy;83.9;
71084;Chânes;7.6;
71085;Change;15.5;
71086;Changy;69.2;
71087;Chapaize;154.6;
71088;La Chapelle-au-Mans;139.5;
71089;La Chapelle-de-Bragny;61.6;
71090;La Chapelle-de-Guinchay;22.4;
71091;La Chapelle-du-Mont-de-France;74.8;
71092;La Chapelle-Naude;51.5;
71093;La Chapelle-Saint-Sauveur;55.5;
71094;La Chapelle-sous-Brancion;55.3;
71095;La Chapelle-sous-Dun;71;
71096;La Chapelle-sous-Uchon;77.9;
71097;La Chapelle-Thècle;125.4;
71098;Charbonnat;111.2;
71099;Charbonnières;109.5;
71100;Chardonnay;12.5;
71101;Charette-Varennes;107.8;
71102;La Charmée;150.1;
71103;Charmoy;124.5;
71104;Charnay-lès-Chalon;126.6;
71105;Charnay-lès-Mâcon;44.8;
71106;Charolles;67.6;
71107;Charrecey;10.6;
71108;Chasselas;5.5;
71109;Chassey-le-Camp;10.5;
71110;Chassigny-sous-Dun;42.8;
71111;Chassy;97;
71112;Château;131;
71113;Châteauneuf;56.7;
71115;Châtel-Moron;90.6;
71116;Châtenay;67;
71117;Châtenoy-en-Bresse;23.5;
71118;Châtenoy-le-Royal;112.5;
71119;Chaudenay;233.3;
71120;Chauffailles;35.2;
71121;La Chaux;94.6;
71122;Cheilly-lès-Maranges;14.1;
71123;Chenay-le-Châtel;167;
71124;Chenôves;16.9;
71125;Chérizet;524.8;
71126;Chevagny-les-Chevrières;31.2;
71127;Chevagny-sur-Guye;109.1;
71128;Chiddes;93.8;
71129;Chissey-en-Morvan;111.5;
71130;Chissey-lès-Mâcon;29.5;*
71131;Ciel;98;
71132;Ciry-le-Noble;110.7;
71133;La Clayette;59.8;
71134;Navour-sur-Grosne;86.4;
71135;Clessé;29.1;
71136;Clessy;64.7;
71137;Cluny;52.2;
71139;Collonge-en-Charollais;81.2;
71140;Collonge-la-Madeleine;169.8;
71141;Colombier-en-Brionnais;83.6;
71142;La Comelle;121.6;
71143;Condal;66;
71144;Cordesse;176.1;
71145;Cormatin;41.2;
71146;Cortambert;90.1;
71147;Cortevaix;73.7;*
71148;Coublanc;35.2;
71149;Couches;103.1;
71150;Crêches-sur-Saône;20.1;
71151;Créot;2.7;
71152;Cressy-sur-Somme;200.9;
71153;Le Creusot;123.7;
71154;Crissey;316;
71155;Cronat;157.9;
71156;Cruzille;15.5;
71157;Cuiseaux;92.6;
71158;Cuisery;38.6;
71159;Culles-les-Roches;8.4;
71160;Curbigny;69;
71161;Curdin;88.8;
71162;Curgy;132.2;
71163;Curtil-sous-Buffières;150.4;
71164;Curtil-sous-Burnand;213.5;
71165;Cussy-en-Morvan;109.7;
71166;Cuzy;193.7;
71167;Damerey;116.1;
71168;Dampierre-en-Bresse;27.6;
71169;Davayé;19.8;
71170;Demigny;81.3;
71171;Dennevy;17;
71172;Dettey;98.4;
71173;Devrouze;186.1;
71174;Dezize-lès-Maranges;40;
71175;Diconne;47.5;
71176;Digoin;102;
71177;Dommartin-lès-Cuiseaux;116.2;
71178;Dompierre-les-Ormes;93.1;
71179;Dompierre-sous-Sanvignes;169.8;
71181;Donzy-le-Pertuis;116.1;
71182;Dracy-le-Fort;40.6;
71183;Dracy-lès-Couches;58.5;
71184;Dracy-Saint-Loup;96.7;
71185;Dyo;60.6;
71186;Écuelles;89.1;
71187;Écuisses;86.5;*
71188;Épertully;65.7;
71189;Épervans;86.7;
71190;Épinac;123.5;
71191;Essertenne;105.8;
71192;Étang-sur-Arroux;151.1;
71193;Étrigny;66.2;
71194;Farges-lès-Chalon;265.3;
71195;Farges-lès-Mâcon;47.8;
71196;Le Fay;52.3;
71198;Flacey-en-Bresse;124.1;
71199;Flagy;138.7;
71200;Fleury-la-Montagne;161;
71201;Fley;37.1;
71202;Fontaines;122.2;
71203;Fontenay;104.1;
71204;Fragnes-La Loyère;125;
71205;Frangy-en-Bresse;88.4;
71206;La Frette;29;
71207;Fretterans;205.3;
71208;Frontenard;89.1;
71209;Frontenaud;82.2;
71210;Fuissé;11.5;
71212;Génelard;116.2;
71213;La Genête;41.8;
71214;Genouilly;91.9;
71215;Gergy;134.1;
71216;Germagny;191;
71217;Germolles-sur-Grosne;95.5;
71218;Gibles;55.1;
71219;Gigny-sur-Saône;288.7;
71220;Gilly-sur-Loire;96.9;
71221;Givry;43.6;
71222;Gourdon;101;
71223;La Grande-Verrière;99.2;
71224;Grandvaux;185.7;
71225;Granges;101.7;
71226;Grevilly;17;
71227;Grury;143.7;
71228;Guerfand;2.4;
71229;Les Guerreaux;67.5;
71230;Gueugnon;140.3;
71231;La Guiche;113.5;
71232;Hautefond;115.5;
71233;L'Hôpital-le-Mercier;144.6;
71234;Huilly-sur-Seille;108.9;
71235;Hurigny;30.9;
71236;Igé;9.4;
71237;Igornay;49.3;
71238;Iguerande;112.6;
71239;Issy-l'Évêque;141.4;
71240;Jalogny;85;
71241;Jambles;67.7;
71242;Joncy;105.7;
71243;Joudes;76.5;
71244;Jouvençon;132;
71245;Jugy;130.9;
71246;Juif;70.8;
71247;Jully-lès-Buxy;29.3;
71248;Lacrost;57.1;
71249;Laives;91.3;
71250;Laizé;45.8;
71251;Laizy;117.9;
71252;Lalheue;175.5;
71253;Lans;86.4;
71254;Lays-sur-le-Doubs;151.4;
71255;Lesme;42;
71256;Lessard-en-Bresse;115.1;
71257;Lessard-le-National;76.1;
71258;Leynes;8.4;
71259;Ligny-en-Brionnais;68.5;
71261;Loisy;93.8;
71262;Longepierre;119.4;
71263;Louhans;96;
71264;Lournand;90.6;
71266;Lucenay-l'Évêque;110.3;
71267;Lugny;13.5;
71268;Lugny-lès-Charolles;91.4;
71269;Lux;339.3;
71270;Mâcon;15.8;
71271;Mailly;36.8;
71272;Malay;73.6;
71273;Maltat;80;
71274;Mancey;82.1;
71275;Marcigny;58.2;
71276;Marcilly-la-Gueurce;61.2;
71277;Marcilly-lès-Buxy;180.5;
71278;Marigny;83.3;
71279;Le Rousset-Marizy;125.6;
71280;Marly-sous-Issy;184.5;
71281;Marly-sur-Arroux;120.5;
71282;Marmagne;86.8;
71283;Marnay;354.6;
71284;Martailly-lès-Brancion;12.8;
71285;Martigny-le-Comte;102.6;
71286;Mary;68.1;
71287;Massilly;91.5;
71289;Matour;73.8;
71290;Mazille;83.5;
71291;Melay;99.9;
71292;Mellecey;132;
71293;Ménetreuil;99.5;
71294;Mercurey;14.2;
71295;Mervans;119.5;
71296;Messey-sur-Grosne;135.5;
71297;Mesvres;108;
71299;Milly-Lamartine;19.2;
71300;Le Miroir;161.6;
71301;Mont;148.1;
71302;Montagny-lès-Buxy;12.9;
71303;Montagny-près-Louhans;79.9;
71305;Montbellet;108.6;
71306;Montceau-les-Mines;76.8;
71307;Montceaux-l'Étoile;56.7;
71308;Montceaux-Ragny;10;
71309;Montcenis;189.4;
71310;Montchanin;0.3;
71311;Montcony;75.2;
71312;Montcoy;84.3;
71313;Monthelon;156.6;
71314;Montjay;110.7;
71315;Mont-lès-Seurre;120.3;
71316;Montmelard;73.3;
71317;Montmort;141.2;
71318;Montpont-en-Bresse;89.5;
71319;Montret;38.1;
71320;Mont-Saint-Vincent;199.4;
71321;Morey;171.1;
71322;Morlet;215.8;
71323;Mornay;63.5;
71324;Moroges;38;
71325;La Motte-Saint-Jean;110.1;
71326;Mouthier-en-Bresse;114.9;
71327;Mussy-sous-Dun;49.6;
71328;Nanton;126.2;
71329;Navilly;103.6;
71330;Neuvy-Grandchamp;150.1;
71331;Nochize;99.5;
71332;Ormes;60.5;
71333;Oslon;32.5;
71334;Oudry;109.2;
71335;Ouroux-sous-le-Bois-Sainte-Marie;46.7;
71336;Ouroux-sur-Saône;30.6;
71337;Oyé;54.9;
71338;Ozenay;46.1;*
71339;Ozolles;101;
71340;Palinges;123.7;
71341;Palleau;150.4;
71342;Paray-le-Monial;94.9;
71343;Paris-l'Hôpital;6.3;
71344;Passy;20.4;
71345;Péronne;20.2;
71346;Perrecy-les-Forges;107;
71347;Perreuil;120.8;
71348;Perrigny-sur-Loire;103.6;
71349;La Petite-Verrière;293.1;
71350;Pierreclos;38.6;
71351;Pierre-de-Bresse;135.6;
71352;Le Planois;45.7;
71353;Plottes;13.4;
71354;Poisson;118.6;
71355;Pontoux;80.2;
71356;Pouilloux;80.6;
71357;Pourlans;117.6;
71358;Pressy-sous-Dondin;125.4;
71359;Préty;116.5;
71360;Prissé;13.2;
71361;Prizy;60.2;
71362;Pruzilly;14.8;
71363;Le Puley;142.8;
71364;La Racineuse;138;
71365;Rancy;216.8;
71366;Ratenelle;120.3;
71367;Ratte;88.3;
71368;Reclesne;108.2;*
71369;Remigny;9.8;
71370;Rigny-sur-Arroux;119.6;
71371;La Roche-Vineuse;41;
71372;Romanèche-Thorins;9.7;
71373;Romenay;94.9;
71374;Rosey;40.7;
71376;Roussillon-en-Morvan;64.7;
71377;Royer;44.8;*
71378;Rully;13;
71379;Sagy;89.3;
71380;Saillenard;54.6;
71381;Sailly;136.5;
71382;Saint-Agnan;130.7;
71383;Saint-Albain;59;
71384;Saint-Ambreuil;249.9;
71385;Saint-Amour-Bellevue;7.8;
71386;Saint-André-en-Bresse;58.5;
71387;Saint-André-le-Désert;82.6;
71388;Saint-Aubin-en-Charollais;73.1;
71389;Saint-Aubin-sur-Loire;54.6;*
71390;Saint-Berain-sous-Sanvignes;131.4;
71391;Saint-Bérain-sur-Dheune;73.3;
71392;Saint-Boil;57.1;
71393;Saint-Bonnet-de-Cray;63.4;
71394;Saint-Bonnet-de-Joux;82.4;
71395;Saint-Bonnet-de-Vieille-Vigne;67.6;
71396;Saint-Bonnet-en-Bresse;113.3;
71397;Sainte-Cécile;29.3;
71398;Saint-Christophe-en-Bresse;93;
71399;Saint-Christophe-en-Brionnais;97.5;
71400;Saint-Clément-sur-Guye;76;
71401;Sainte-Croix;62.5;
71402;Saint-Cyr;95.1;
71403;Saint-Denis-de-Vaux;137.4;
71404;Saint-Désert;20.3;
71405;Saint-Didier-en-Bresse;137.7;
71406;Saint-Didier-en-Brionnais;72;
71407;Saint-Didier-sur-Arroux;134.6;
71408;Saint-Edmond;100.9;
71409;Saint-Émiland;126;
71410;Saint-Étienne-en-Bresse;108.1;
71411;Saint-Eugène;123.3;
71412;Saint-Eusèbe;199.1;
71413;Saint-Firmin;165.4;
71414;Saint-Forgeot;138;
71415;Sainte-Foy;42.2;
71416;Saint-Gengoux-de-Scissé;9.9;
71417;Saint-Gengoux-le-National;46.6;
71419;Saint-Germain-du-Bois;70.4;
71420;Saint-Germain-du-Plain;184.9;
71421;Saint-Germain-en-Brionnais;95.6;
71422;Saint-Germain-lès-Buxy;178.8;
71423;Saint-Gervais-en-Vallière;103.3;
71424;Saint-Gervais-sur-Couches;192.8;
71425;Saint-Gilles;160.8;
71426;Sainte-Hélène;152.9;
71427;Saint-Huruge;444.6;
71428;Saint-Igny-de-Roche;61.4;
71430;Saint-Jean-de-Vaux;3.9;
71431;Saint-Jean-de-Trézy;85;
71433;Saint-Julien-de-Civry;99.9;
71434;Saint-Julien-de-Jonzy;48.6;
71435;Saint-Julien-sur-Dheune;214.1;
71436;Saint-Laurent-d'Andenay;141.9;
71437;Saint-Laurent-en-Brionnais;75.5;
71438;Saint-Léger-du-Bois;141.9;
71439;Saint-Léger-lès-Paray;70.6;
71440;Saint-Léger-sous-Beuvray;92;
71441;Saint-Léger-sous-la-Bussière;90.6;
71442;Saint-Léger-sur-Dheune;169.4;
71443;Saint-Loup-Géanges;200;
71444;Saint-Loup-de-Varennes;236.1;
71445;Saint-Marcel;29.5;
71446;Saint-Marcelin-de-Cray;106;
71447;Saint-Mard-de-Vaux;11;
71448;Saint-Martin-Belle-Roche;65.6;
71449;Saint-Martin-d'Auxy;21.7;
71450;Saint-Martin-de-Commune;244.7;
71451;Saint-Martin-de-Lixy;98.7;
71452;Saint-Martin-de-Salencey;55.3;
71453;Saint-Martin-du-Lac;41.9;
71454;Saint-Martin-du-Mont;33.7;
71455;Saint-Martin-du-Tartre;174.5;
71456;Saint-Martin-en-Bresse;111.2;
71457;Saint-Martin-en-Gâtinois;137.2;*
71458;Saint-Martin-la-Patrouille;171.7;
71459;Saint-Martin-sous-Montaigu;9.3;
71460;Saint-Maurice-de-Satonnay;43.5;
71461;Saint-Maurice-des-Champs;94.6;
71462;Saint-Maurice-en-Rivière;94.9;
71463;Saint-Maurice-lès-Châteauneuf;77.7;*
71464;Saint-Maurice-lès-Couches;8.1;
71465;Saint-Micaud;168.6;
71466;Saint-Nizier-sur-Arroux;107.2;
71468;Saint-Pierre-de-Varennes;95.2;
71469;Saint-Pierre-le-Vieux;75.1;
71470;Saint-Point;42.4;
71471;Saint-Privé;42.5;
71472;Saint-Prix;57.4;
71473;Saint-Racho;56;
71474;Sainte-Radegonde;110.6;
71475;Saint-Rémy;184.2;
71477;Saint-Romain-sous-Gourdon;132.2;
71478;Saint-Romain-sous-Versigny;114.5;
71479;Saint-Sernin-du-Bois;63.6;
71480;Saint-Sernin-du-Plain;57;
71481;Saint-Symphorien-d'Ancelles;73.4;
71482;Saint-Symphorien-de-Marmagne;137.6;
71483;Saint-Symphorien-des-Bois;79.2;
71484;Saint-Usuge;120.4;
71485;Saint-Vallerin;28.8;
71486;Saint-Vallier;115.2;
71487;Saint-Vérand;7.8;
71488;Saint-Vincent-des-Prés;179.4;
71489;Saint-Vincent-en-Bresse;94.9;
71490;Saint-Vincent-Bragny;133.4;
71491;Saint-Yan;93.6;
71492;Saint-Ythaire;67.1;
71493;Saisy;125;
71494;La Salle;4.3;
71495;Salornay-sur-Guye;179.8;
71496;Sampigny-lès-Maranges;5.8;
71497;Sancé;88.8;
71498;Santilly;42.1;
71499;Sanvignes-les-Mines;110;
71500;Sarry;106.4;
71501;Sassangy;165.8;
71502;Sassenay;162.8;
71503;Saules;26.6;
71504;Saunières;191.7;
71505;Savianges;0;
71506;Savigny-en-Revermont;123.5;
71507;Savigny-sur-Grosne;125.8;
71508;Savigny-sur-Seille;65.8;
71509;La Celle-en-Morvan;107.3;
71510;Semur-en-Brionnais;48.7;
71512;Sennecey-le-Grand;92.2;
71513;Senozan;72.7;
71514;Sens-sur-Seille;84.1;
71515;Sercy;117;
71516;Serley;97.6;
71517;Sermesse;136.8;
71518;Serrières;21.7;
71519;Serrigny-en-Bresse;67.1;
71520;Sevrey;236.9;
71521;Sigy-le-Châtel;0.2;
71522;Simandre;149.8;
71523;Simard;113.7;
71524;Sivignon;79.5;
71525;Sologny;32.7;
71526;Solutré-Pouilly;11.1;
71527;Sommant;102;
71528;Sornay;38.1;
71529;Suin;82.8;
71530;Sully;161.5;
71531;La Tagnière;111.4;
71532;Taizé;148.9;
71533;Tancon;101;
71534;Le Tartre;133.5;
71535;Tavernay;145.1;
71537;Thil-sur-Arroux;98.2;
71538;Thurey;129.7;
71539;Tintry;68.5;
71540;Torcy;237.3;
71541;Torpes;74.6;
71542;Toulon-sur-Arroux;129.2;
71543;Tournus;66.2;
71544;Toutenant;101.6;
71545;Tramayes;91.8;
71546;Trambly;89.8;
71547;Trivy;93;
71548;Tronchy;129.8;
71549;La Truchère;N/A - division par 0;
71550;Uchizy;52.7;
71551;Uchon;85.9;
71552;Uxeau;120.9;
71553;Vareilles;59;
71554;Varenne-l'Arconce;68.3;
71555;Varennes-le-Grand;80.9;
71556;Varennes-lès-Mâcon;21.9;
71557;Varenne-Saint-Germain;139.6;
71558;Varennes-Saint-Sauveur;86;
71559;Varennes-sous-Dun;50.2;
71561;Vauban;93.7;
71562;Vaudebarrier;127.3;
71563;Vaux-en-Pré;53.7;
71564;Vendenesse-lès-Charolles;101.8;
71565;Vendenesse-sur-Arroux;190.5;
71566;Verdun-sur-le-Doubs;202.4;
71567;Vergisson;6.7;
71568;Vérissey;135.3;
71570;Verjux;162.1;
71571;Verosvres;85;
71572;Vers;4.6;
71573;Versaugues;85.8;
71574;Verzé;19.9;
71576;Le Villars;N/A - division par 0;
71577;Villegaudin;104.8;
71578;Clux-Villeneuve;194.3;
71579;Villeneuve-en-Montagne;174.2;
71580;Vincelles;42.7;
71581;Vindecy;175.8;
71582;La Vineuse sur Fregande;103;
71583;Vinzelles;32.3;
71584;Viré;19.7;
71585;Virey-le-Grand;123.2;
71586;Viry;117.7;
71588;Vitry-en-Charollais;76.1;
71589;Vitry-sur-Loire;106.6;
71590;Volesvres;84.2;
71591;Fleurville;155.2;
72001;Aigné;47.1;
72002;Aillières-Beauvoir;127.1;
72003;Allonnes;42.9;
72004;Amné;90.7;
72005;Ancinnes;83.6;
72006;Arçonnay;N/A - division par 0;
72007;Ardenay-sur-Mérize;17.4;
72008;Arnage;69.4;
72009;Arthezé;70.2;
72010;Asnières-sur-Vègre;81.9;
72011;Assé-le-Boisne;109;
72012;Assé-le-Riboul;76.3;
72013;Aubigné-Racan;75.7;
72015;Les Aulneaux;139;
72016;Auvers-le-Hamon;76.9;
72017;Auvers-sous-Montfaucon;106.3;
72018;Avesnes-en-Saosnois;90.7;
72019;Avessé;102;
72020;Avezé;101.6;
72021;Avoise;53.9;
72022;Le Bailleul;74.3;
72023;Ballon-Saint Mars;57.7;
72024;La Bazoge;92.3;
72025;Bazouges Cré sur Loir;88.5;
72026;Beaufay;105.1;
72027;Beaumont-sur-Dême;105.4;
72028;Beaumont-Pied-de-Bœuf;92;
72029;Beaumont-sur-Sarthe;21.7;
72031;Beillé;N/A - division par 0;
72032;Berfay;39.6;
72034;Bérus;155.3;
72035;Bessé-sur-Braye;102.9;
72036;Béthon;154.5;
72037;Blèves;44.9;
72038;Boëssé-le-Sec;29.2;
72039;Bonnétable;68.7;
72040;La Bosse;103.1;
72041;Bouër;150.8;
72042;Bouloire;92.9;
72043;Bourg-le-Roi;N/A - division par 0;
72044;Bousse;73.4;
72045;Brains-sur-Gée;100.7;
72046;Le Breil-sur-Mérize;104.9;
72047;Brette-les-Pins;27.8;
72048;Briosne-lès-Sables;172;
72049;La Bruère-sur-Loir;75.1;
72050;Brûlon;76.8;
72051;Cérans-Foulletourte;68.9;
72052;Chahaignes;107.2;
72053;Challes;111.8;
72054;Champagné;20.8;
72056;Champfleur;95.7;
72057;Champrond;93.2;
72058;Changé;38;
72059;Chantenay-Villedieu;74.2;
72060;La Chapelle-aux-Choux;47;
72061;La Chapelle-d'Aligné;61;
72062;La Chapelle-du-Bois;93.5;
72064;La Chapelle-Huon;90;
72065;La Chapelle-Saint-Aubin;20.1;
72066;La Chapelle-Saint-Fray;45.3;
72067;La Chapelle-Saint-Rémy;87;
72068;La Chartre-sur-le-Loir;72.1;
72070;Chassillé;50.8;
72071;Montval-sur-Loir;69.5;
72072;Château-l'Hermitage;N/A - division par 0;
72073;Chaufour-Notre-Dame;72;
72074;Chemiré-en-Charnie;66.5;
72075;Chemiré-le-Gaudin;117.2;
72076;Chenay;13.6;
72077;Chenu;87.8;
72078;Chérancé;96.1;
72079;Chérisay;87.7;
72080;Cherré-Au;106.1;
72083;Chevillé;53.1;
72084;Clermont-Créans;73.9;
72085;Cogners;108;
72086;Commerveil;75.1;
72087;Conflans-sur-Anille;128.8;
72088;Congé-sur-Orne;101.6;
72089;Conlie;65.5;
72090;Connerré;76.4;
72091;Contilly;80.1;
72093;Cormes;123.2;
72094;Coudrecieux;137.4;
72095;Coulaines;148.1;*
72096;Coulans-sur-Gée;69.8;
72098;Coulongé;131.2;
72099;Courcebœufs;57.9;
72100;Courcelles-la-Forêt;130.7;
72101;Courcemont;77.7;
72102;Courcival;50.4;
72103;Courdemanche;109.5;
72104;Courgains;75.7;
72105;Courgenard;68.2;
72106;Courtillers;2.9;
72107;Crannes-en-Champagne;98.7;
72109;Crissé;79.6;
72110;Crosmières;125.7;
72111;Cures;79.3;
72112;Dangeul;124;
72113;Degré;112;
72114;Dehault;131.1;
72115;Dissay-sous-Courcillon;89.9;
72118;Dollon;107;
72119;Domfront-en-Champagne;85.2;
72120;Doucelles;116.1;
72121;Douillet;125.9;
72122;Duneau;96.5;
72123;Dureil;97.9;*
72124;Écommoy;59.8;
72125;Écorpain;107;
72126;Épineu-le-Chevreuil;74.4;
72127;Étival-lès-le-Mans;52.9;
72128;Val-d'Étangson;134.5;
72129;Fatines;104.8;
72130;Fay;97.2;
72131;Fercé-sur-Sarthe;92.9;
72132;La Ferté-Bernard;57.2;
72133;Fillé;53.5;
72134;Flée;101.1;
72135;La Fontaine-Saint-Martin;45.6;
72136;Fontenay-sur-Vègre;83.6;
72137;Villeneuve-en-Perseigne;69.8;
72138;Fresnay-sur-Sarthe;85.5;
72139;Fyé;113;
72141;Gesnes-le-Gandelin;31.4;
72142;Grandchamp;99.6;
72143;Le Grand-Lucé;83.8;
72144;Gréez-sur-Roc;67.5;
72145;Le Grez;54.2;
72146;Guécélard;128.1;*
72147;La Guierche;97.6;
72148;Jauzé;110.1;
72149;Joué-en-Charnie;83.4;
72150;Joué-l'Abbé;72.1;
72151;Juigné-sur-Sarthe;111.5;
72152;Juillé;126.2;
72153;Jupilles;66.4;
72154;La Flèche;75.2;
72155;Laigné-en-Belin;98.7;
72156;Lamnay;87.4;
72157;Lavardin;33.6;
72158;Lavaré;106.4;
72160;Lavernat;54.3;
72161;Lhomme;36;
72163;Ligron;79.4;
72164;Livet-en-Saosnois;76.9;
72165;Lombron;44;
72166;Longnes;103;
72167;Louailles;76.8;
72168;Loué;78.7;
72169;Louplande;33.7;
72170;Louvigny;103.3;
72171;Louzes;98.3;
72172;Le Luart;90.5;*
72173;Luceau;65.3;
72174;Lucé-sous-Ballon;91.2;
72175;Luché-Pringé;103.4;
72176;Le Lude;92;
72177;Maigné;77.9;
72178;Maisoncelles;76.9;
72179;Malicorne-sur-Sarthe;71;
72180;Mamers;175.4;
72181;Le Mans;6.4;
72182;Mansigné;86;
72183;Marçon;95.7;
72184;Mareil-en-Champagne;58.4;
72185;Mareil-sur-Loir;125.5;
72186;Maresché;46.1;
72187;Marigné-Laillé;77.3;
72188;Marollette;138.5;
72189;Marolles-les-Braults;96.5;
72190;Marolles-lès-Saint-Calais;131.2;
72191;Mayet;103.9;
72192;Les Mées;79.2;
72193;Melleray;98;
72194;Meurcé;96;
72195;Mézeray;59.9;
72196;Mézières-sur-Ponthouin;42.4;
72197;Mézières-sous-Lavardin;89.3;
72198;La Milesse;43.8;
72199;Moitron-sur-Sarthe;54.9;
72200;Moncé-en-Belin;39.3;
72201;Moncé-en-Saosnois;104.7;
72202;Monhoudou;69.3;
72204;Montaillé;104.3;
72205;Montbizot;85.4;
72208;Montmirail;136.4;
72209;Montreuil-le-Chétif;93.7;
72210;Montreuil-le-Henri;84.7;
72211;Mont-Saint-Jean;92.2;
72212;Moulins-le-Carbonnel;109.5;
72213;Mulsanne;55.2;
72214;Nauvay;91.1;
72215;Neufchâtel-en-Saosnois;82.5;
72216;Neuvillalais;125.9;
72217;Neuville-sur-Sarthe;56.6;
72218;Neuvillette-en-Charnie;79.7;
72219;Bernay-Neuvy-en-Champagne;105.3;
72220;Nogent-le-Bernard;78.1;
72221;Nogent-sur-Loir;95.7;
72222;Nouans;61.8;
72223;Noyen-sur-Sarthe;99.6;
72224;Nuillé-le-Jalais;96;
72225;Oisseau-le-Petit;116.1;
72226;Oizé;63.8;
72227;Panon;202.7;
72228;Parcé-sur-Sarthe;110.7;
72229;Parennes;83;
72230;Parigné-le-Pôlin;52.9;
72231;Parigné-l'Évêque;64.2;
72232;Notre-Dame-du-Pé;38.4;
72233;Peray;77.6;
72234;Pezé-le-Robert;68.2;
72235;Piacé;99.9;
72236;Pincé;88.8;
72237;Pirmil;99.3;
72238;Pizieux;105.5;
72239;Poillé-sur-Vègre;85.5;
72241;Montfort-le-Gesnois;57.2;
72243;Pontvallain;47.2;
72244;Précigné;95.5;
72245;Préval;65.9;
72246;Prévelles;39.9;
72247;Pruillé-le-Chétif;75.7;
72248;Pruillé-l'Éguillé;43.5;
72249;La Quinte;85.7;
72250;Rahay;134.4;
72251;René;96.1;
72252;Requeil;63.7;
72253;Roézé-sur-Sarthe;76.3;
72254;Rouessé-Fontaine;153.3;
72255;Rouessé-Vassé;85.2;
72256;Rouez;96.3;
72257;Rouillon;75.7;
72259;Rouperroux-le-Coquet;100.6;
72260;Ruaudin;36;
72261;Ruillé-en-Champagne;97.7;
72262;Loir en Vallée;99.5;
72264;Sablé-sur-Sarthe;105.2;
72265;Saint-Aignan;86.5;
72266;Saint-Aubin-de-Locquenay;71.3;
72267;Saint-Aubin-des-Coudrais;96.9;
72268;Saint-Biez-en-Belin;124;
72269;Saint-Calais;106.6;
72270;Saint-Calez-en-Saosnois;59.9;
72271;Saint-Célerin;38.6;
72272;Sainte-Cérotte;93.5;
72273;Saint-Christophe-du-Jambet;109;
72274;Saint-Christophe-en-Champagne;68.5;
72275;Saint-Corneille;69.1;
72276;Saint-Cosme-en-Vairais;157.6;
72277;Saint-Denis-des-Coudrais;54.2;
72278;Saint-Denis-d'Orques;98.2;
72279;Saint-Georges-de-la-Couée;98.5;
72280;Saint-Georges-du-Bois;95.2;
72281;Saint-Georges-du-Rosay;85.5;
72282;Saint-Georges-le-Gaultier;95;
72283;Saint-Germain-d'Arcé;74.2;
72286;Saint-Gervais-de-Vic;168.9;
72287;Saint-Gervais-en-Belin;111.2;
72289;Sainte-Jamme-sur-Sarthe;56.9;
72290;Saint-Jean-d'Assé;113.8;
72291;Saint-Jean-de-la-Motte;99.5;
72292;Saint-Jean-des-Échelles;57.8;
72293;Saint-Jean-du-Bois;16.8;
72294;Saint-Léonard-des-Bois;85.3;
72295;Saint-Longis;91.2;
72296;Saint-Maixent;99.9;
72297;Saint-Marceau;43.1;
72298;Saint-Mars-de-Locquenay;78.3;
72299;Saint-Mars-d'Outillé;67.3;
72300;Saint-Mars-la-Brière;70.4;
72302;Saint-Martin-des-Monts;102.1;
72303;Saint-Michel-de-Chavaignes;172.1;
72305;Saint-Ouen-de-Mimbré;64.3;
72306;Saint-Ouen-en-Belin;103.7;
72307;Saint-Ouen-en-Champagne;25.9;
72308;Saint-Paterne - Le Chevain;101.1;
72309;Saint-Paul-le-Gaultier;71.8;
72310;Saint-Pavace;29.8;
72311;Saint-Pierre-de-Chevillé;114.9;
72312;Saint-Pierre-des-Bois;58.7;
72313;Saint-Pierre-des-Ormes;111.2;
72314;Saint-Pierre-du-Lorouër;131.9;
72315;Saint-Rémy-de-Sillé;78.6;
72316;Saint-Rémy-des-Monts;40.3;
72317;Saint-Rémy-du-Val;99.3;
72319;Sainte-Sabine-sur-Longève;71.1;
72320;Saint-Saturnin;70.8;
72321;Saint-Symphorien;41.6;
72322;Saint-Ulphace;116.3;
72323;Saint-Victeur;118.2;
72324;Saint-Vincent-des-Prés;126.6;
72325;Saint-Vincent-du-Lorouër;110.7;
72326;Saosnes;108.1;*
72327;Sarcé;151.1;
72328;Sargé-lès-le-Mans;64.1;
72329;Savigné-l'Évêque;85.7;
72330;Savigné-sous-le-Lude;80.7;
72331;Sceaux-sur-Huisne;117.8;*
72332;Ségrie;61.9;
72333;Semur-en-Vallon;67.4;
72334;Sillé-le-Guillaume;55.8;
72335;Sillé-le-Philippe;84.6;
72336;Solesmes;65.7;
72337;Sougé-le-Ganelon;75;
72338;Souillé;101.2;
72339;Souligné-Flacé;76.2;
72340;Souligné-sous-Ballon;63.1;
72341;Soulitré;117;
72342;Souvigné-sur-Même;151.6;
72343;Souvigné-sur-Sarthe;120.7;
72344;Spay;147.6;
72345;Surfonds;5.6;
72346;La Suze-sur-Sarthe;75;
72347;Tassé;101.8;
72348;Tassillé;61;
72349;Teillé;90.8;
72350;Teloché;85.4;
72351;Tennie;86.1;
72352;Terrehault;80.9;
72353;Théligny;110.4;
72354;Thoigné;111.8;
72355;Thoiré-sous-Contensor;88.9;
72356;Thoiré-sur-Dinan;62.8;
72357;Thorée-les-Pins;74.3;
72358;Thorigné-sur-Dué;105.6;
72359;Torcé-en-Vallée;66;
72360;Trangé;85.8;
72361;Tresson;105.3;
72362;Le Tronchet;70;
72363;Tuffé Val de la Chéronne;119.9;
72364;Vaas;94.3;
72366;Valennes;104;
72367;Vallon-sur-Gée;72.3;
72368;Vancé;84.1;
72369;Verneil-le-Chétif;85.9;
72370;Vernie;93.5;
72372;Vezot;100.4;*
72373;Vibraye;96.3;
72374;Villaines-la-Carelle;103;
72375;Villaines-la-Gonais;66.1;
72376;Villaines-sous-Lucé;80;
72377;Villaines-sous-Malicorne;75.8;
72378;Vion;85.3;
72379;Viré-en-Champagne;80.5;
72380;Vivoin;78.7;
72381;Voivres-lès-le-Mans;52.3;
72382;Volnay;87.7;
72383;Vouvray-sur-Huisne;171;
72385;Yvré-le-Pôlin;88;
72386;Yvré-l'Évêque;64.7;
73001;Aiguebelette-le-Lac;34.7;
73003;Grand-Aigueblanche;54.1;
73004;Aillon-le-Jeune;98.4;
73005;Aillon-le-Vieux;67.7;
73006;Aime-la-Plagne;94.7;
73007;Aiton;59.8;
73008;Aix-les-Bains;1.2;
73010;Entrelacs;50.6;
73011;Albertville;9.2;
73012;Albiez-le-Jeune;46.2;
73013;Albiez-Montrond;75;
73014;Allondaz;25.8;
73015;Les Allues;116.5;
73017;Apremont;6.8;
73018;Arbin;11.6;
73019;Argentine;51.4;
73020;Arith;94.6;
73021;Arvillard;7.6;
73022;Attignat-Oncin;51.3;
73023;Aussois;53.4;
73024;Les Avanchers-Valmorel;94.1;
73025;Avressieux;40.9;
73026;Avrieux;N/A - division par 0;
73027;Ayn;57.9;
73028;La Balme;56.9;
73029;Barberaz;36.5;
73030;Barby;0;
73031;Bassens;0.8;
73032;La Bâthie;173.1;
73033;La Bauche;44.7;
73034;Beaufort;94.9;
73036;Bellecombe-en-Bauges;66.2;
73039;Belmont-Tramonet;87.1;
73040;Bessans;117.3;
73041;Betton-Bettonet;48.7;
73042;Billième;10.1;
73043;La Biolle;41.8;
73047;Bonneval-sur-Arc;100.4;
73048;Bonvillard;9.2;
73049;Bonvillaret;17;
73050;Bourdeau;N/A - division par 0;
73051;Le Bourget-du-Lac;5.2;
73052;Bourget-en-Huile;34.5;
73053;Bourgneuf;57.7;
73054;Bourg-Saint-Maurice;187.4;
73055;Bozel;74.4;
73057;Brides-les-Bains;N/A - division par 0;
73058;La Bridoire;35.2;
73059;Brison-Saint-Innocent;5.6;
73061;Césarches;19.7;
73063;Cevins;80.3;
73064;Challes-les-Eaux;171.9;
73065;Chambéry;44.8;
73067;La Chambre;7.3;
73068;Chamousset;115;
73069;Chamoux-sur-Gelon;61.6;
73070;Champagneux;91;
73071;Champagny-en-Vanoise;64.2;
73072;Champ-Laurent;46.5;
73073;Chanaz;10.2;
73074;La Chapelle;58.4;
73075;La Chapelle-Blanche;66.5;
73076;La Chapelle-du-Mont-du-Chat;N/A - division par 0;
73077;Les Chapelles;100;
73078;La Chapelle-Saint-Martin;94.7;
73079;Châteauneuf;36;
73081;Le Châtelard;93.2;
73082;La Chavanne;109;
73083;Les Chavannes-en-Maurienne;374;
73084;Chignin;7.8;
73085;Chindrieux;26.3;
73086;Cléry;41.3;
73087;Cognin;3.2;
73088;Cohennoz;N/A - division par 0;
73089;Coise-Saint-Jean-Pied-Gauthier;103;
73090;La Compôte;118.9;
73091;Conjux;N/A - division par 0;
73092;Corbel;87.4;
73094;Crest-Voland;72.1;
73095;La Croix-de-la-Rochette;15.6;
73096;Cruet;17.1;
73097;Curienne;39.7;
73098;Les Déserts;98.7;
73099;Détrier;3.3;*
73100;Domessin;47.2;
73101;Doucy-en-Bauges;59.5;
73103;Drumettaz-Clarafond;25.4;
73104;Dullin;57.9;
73105;Les Échelles;39.9;
73106;École;157;
73107;Entremont-le-Vieux;48.5;
73109;Épierre;258.6;
73110;Esserts-Blay;80.5;
73113;Feissons-sur-Salins;332.9;*
73114;Flumet;48.2;
73116;Fontcouverte-la-Toussuire;118.5;
73117;Fourneaux;N/A - division par 0;
73119;Freney;N/A - division par 0;
73120;Fréterive;16.8;
73121;Frontenex;N/A - division par 0;
73122;Gerbaix;67.6;
73123;La Giettaz;69.7;
73124;Gilly-sur-Isère;13.1;
73128;Grésy-sur-Aix;34.9;
73129;Grésy-sur-Isère;69.5;
73130;Grignon;N/A - division par 0;
73131;Hautecour;158.9;
73132;Hauteluce;71.3;
73133;Hauteville;173.6;
73135;La Tour-en-Maurienne;85.1;
73137;Jacob-Bellecombette;105;
73138;Jarrier;59.1;
73139;Jarsy;324.4;
73140;Jongieux;20.3;
73141;Laissaud;35.3;
73142;Landry;90.5;*
73145;Lépin-le-Lac;68.1;
73146;Lescheraines;38.9;
73147;Loisieux;22.9;
73149;Lucey;5.1;
73150;La Plagne Tarentaise;79.4;
73151;Porte-de-Savoie;18.1;
73152;Marcieux;N/A - division par 0;
73153;Marthod;25.2;
73154;Mercury;67.4;
73155;Méry;76.2;
73156;Meyrieux-Trouet;68.2;
73157;Modane;9.8;
73159;Les Mollettes;26.6;
73160;Montagnole;29.8;
73161;Montagny;299.7;*
73162;Montailleur;35.8;
73164;Montcel;59.1;
73166;Montendry;N/A - division par 0;
73168;Montgilbert;13.4;
73170;Monthion;N/A - division par 0;
73171;Montmélian;8.7;
73173;Montricher-Albanne;98.2;*
73175;Montsapey;74.2;
73176;Montvalezan;70.5;
73177;Montvernier;104.1;
73178;La Motte-en-Bauges;100.3;
73179;La Motte-Servolex;26.4;
73180;Motz;34.6;
73181;Moûtiers;98.8;*
73182;Mouxy;78.4;
73183;Myans;24.1;
73184;Nances;107.6;
73186;Notre-Dame-de-Bellecombe;39.7;
73187;La Léchère;62.2;*
73188;Notre-Dame-des-Millières;54.6;
73189;Notre-Dame-du-Cruet;85.2;
73190;Notre-Dame-du-Pré;68.2;
73191;Novalaise;31.3;
73192;Le Noyer;50.9;
73193;Ontex;152.4;
73194;Orelle;N/A - division par 0;
73196;Pallud;43.7;
73197;Peisey-Nancroix;274.3;
73200;Planaise;26.5;
73201;Planay;152.2;
73202;Plancherine;52.7;
73204;Le Pont-de-Beauvoisin;9.2;
73205;Le Pontet;6.5;
73206;Pralognan-la-Vanoise;123.2;
73207;Presle;63.4;
73208;Pugny-Chatenod;200.6;
73210;Puygros;77.8;
73211;Queige;31.5;
73212;Val-d'Arc;1.4;
73213;La Ravoire;6.8;
73214;Rochefort;113.1;
73215;Valgelon-La Rochette;44.8;
73216;Rognaix;159.4;
73217;Rotherens;6.3;
73218;Ruffieux;7;
73219;Saint-Alban-de-Montbel;46.2;
73220;Saint-Alban-d'Hurtières;39.1;
73221;Saint-Alban-des-Villards;N/A - division par 0;
73222;Saint-Alban-Leysse;5.1;
73223;Saint-André;117.5;
73224;Saint-Avre;207.3;
73225;Saint-Baldoph;7.9;
73226;Saint-Béron;38.7;
73227;Courchevel;107;
73228;Saint-Cassin;149.9;*
73229;Saint-Christophe;23;
73230;Saint-Colomban-des-Villards;356;
73231;Saint-Étienne-de-Cuines;130.1;
73232;Sainte-Foy-Tarentaise;142.4;
73233;Saint-Franc;31.6;
73234;Saint-François-de-Sales;99.9;
73235;Saint François Longchamp;77.2;
73236;Saint-Genix-les-Villages;38.4;
73237;Saint-Georges-d'Hurtières;N/A - division par 0;
73240;Sainte-Hélène-du-Lac;79.5;
73241;Sainte-Hélène-sur-Isère;57.8;
73242;Saint-Jean-d'Arves;99.8;
73243;Saint-Jean-d'Arvey;3.7;
73245;Saint-Jean-de-Chevelu;64.4;
73246;Saint-Jean-de-Couz;5.7;
73247;Saint-Jean-de-la-Porte;27.9;
73248;Saint-Jean-de-Maurienne;538.9;
73249;Saint-Jeoire-Prieuré;22.3;
73250;Saint-Julien-Mont-Denis;171.4;
73252;Saint-Léger;6.7;
73253;Saint-Marcel;19.3;
73254;Sainte-Marie-d'Alvey;87.1;
73255;Sainte-Marie-de-Cuines;326.6;
73256;Saint-Martin-d'Arc;N/A - division par 0;
73257;Les Belleville;151.2;
73258;Saint-Martin-de-la-Porte;N/A - division par 0;
73259;Saint-Martin-sur-la-Chambre;23.5;
73261;Saint-Michel-de-Maurienne;101.2;
73262;Saint-Nicolas-la-Chapelle;46.7;
73263;Saint-Offenge;60.8;
73265;Saint-Ours;123.7;
73267;Saint-Pancrace;19.6;
73268;Saint-Paul-sur-Isère;107.8;
73269;Saint-Paul;83.9;
73270;Saint-Pierre-d'Albigny;9.4;
73271;Saint-Pierre-d'Alvey;61.7;
73272;Saint-Pierre-de-Belleville;0;
73273;Saint-Pierre-de-Curtille;185.4;
73274;Saint-Pierre-d'Entremont;34.1;
73275;Saint-Pierre-de-Genebroz;122.7;
73276;Saint-Pierre-de-Soucy;34.6;
73277;Sainte-Reine;139.3;
73278;Saint-Rémy-de-Maurienne;305.5;
73280;Saint-Sorlin-d'Arves;100.3;
73281;Saint-Sulpice;12;
73282;Saint-Thibaud-de-Couz;50.9;
73283;Saint-Vital;24.9;
73284;Salins-Fontaine;12.1;
73285;Séez;57.8;
73286;Serrières-en-Chautagne;16;
73288;Sonnaz;21;
73289;La Table;18.6;
73290;Val-Cenis;127.5;
73292;Thénésol;24.4;
73293;Thoiry;127;*
73294;La Thuile;68.7;
73296;Tignes;108.9;
73297;Tournon;29.1;
73298;Tours-en-Savoie;152.6;
73299;Traize;132.5;
73300;Tresserve;N/A - division par 0;
73301;Trévignin;36.2;
73302;La Trinité;15.2;
73303;Ugine;29.1;
73304;Val-d'Isère;225.1;
73306;Valloire;276.5;
73307;Valmeinier;218.3;
73308;Venthon;4;
73309;Verel-de-Montbel;121;
73310;Verel-Pragondran;51.1;*
73311;Le Verneil;13.5;
73312;Verrens-Arvey;26.7;
73313;Verthemex;39.1;
73314;Villard-d'Héry;28.4;
73315;Villard-Léger;39.5;
73316;Villard-Sallet;49.2;
73317;Villard-sur-Doron;74.2;
73318;Villarembert;107.5;
73320;Villargondran;60.3;
73322;Villarodin-Bourget;204.6;
73323;Villaroger;72.6;
73324;Villaroux;16;
73326;Vimines;18.3;
73327;Vions;1.8;
73328;Viviers-du-Lac;12.5;
73329;Voglans;26.8;
73330;Yenne;50.5;
74001;Abondance;91.8;
74002;Alby-sur-Chéran;56.5;
74003;Alex;44.7;
74004;Allèves;N/A - division par 0;
74005;Allinges;55.4;
74006;Allonzier-la-Caille;46.3;
74007;Amancy;39;
74008;Ambilly;N/A - division par 0;
74009;Andilly;64.5;
74010;Annecy;32.8;
74012;Annemasse;17.3;
74013;Anthy-sur-Léman;4;
74014;Arâches-la-Frasse;43.9;
74015;Arbusigny;66.2;
74016;Archamps;39.3;
74018;Arenthon;62;
74019;Argonay;39.9;
74020;Armoy;21;
74021;Arthaz-Pont-Notre-Dame;5;
74024;Ayse;18.8;
74025;Ballaison;60.1;
74026;La Balme-de-Sillingy;63.4;
74027;La Balme-de-Thuy;60.9;
74029;Bassy;74.5;
74030;La Baume;22.6;
74031;Beaumont;63;
74032;Bellevaux;43.1;
74033;Bernex;42.3;
74034;Le Biot;26.5;
74035;Bloye;110;
74036;Bluffy;N/A - division par 0;
74037;Boëge;58.9;
74038;Bogève;44.4;
74040;Bonne;73.9;
74041;Bonnevaux;46.9;
74042;Bonneville;24.8;
74043;Bons-en-Chablais;34.9;
74044;Bossey;3.6;*
74045;Le Bouchet-Mont-Charvin;75.2;
74046;Boussy;51.1;
74048;Brenthonne;57.1;
74049;Brizon;119.8;
74050;Burdignin;34.5;
74051;Cercier;24.3;
74052;Cernex;79.4;
74053;Cervens;102.2;
74054;Chainaz-les-Frasses;34.6;
74055;Challonges;52.1;
74056;Chamonix-Mont-Blanc;192.3;
74057;Champanges;79;
74058;La Chapelle-d'Abondance;89.9;
74059;La Chapelle-Rambaud;31.8;
74060;La Chapelle-Saint-Maurice;39.8;
74061;Chapeiry;100;
74062;Charvonnex;69.2;
74063;Châtel;49.9;
74064;Châtillon-sur-Cluses;25.7;*
74065;Chaumont;143.9;
74066;Chavannaz;149.5;
74067;Chavanod;31.7;
74068;Chêne-en-Semine;138.5;
74069;Chênex;84.6;
74070;Chens-sur-Léman;141.6;
74071;Chessenaz;151.1;
74072;Chevaline;102.3;
74073;Chevenoz;78.7;
74074;Chevrier;37.7;
74075;Chilly;45.3;
74076;Choisy;62.4;
74077;Clarafond-Arcine;64.3;
74078;Clermont;46.6;
74079;Les Clefs;48.4;
74080;La Clusaz;52;
74081;Cluses;27.4;
74082;Collonges-sous-Salève;49;
74083;Combloux;48.6;
74085;Les Contamines-Montjoie;71.8;
74086;Contamine-Sarzin;38.5;
74087;Contamine-sur-Arve;64;
74088;Copponex;73.6;
74089;Cordon;40.4;
74090;Cornier;17.2;
74091;La Côte-d'Arbroz;233.4;
74094;Cranves-Sales;31;
74095;Crempigny-Bonneguête;69.5;
74096;Cruseilles;73.1;
74097;Cusy;38;
74098;Cuvat;85.5;
74099;Demi-Quartier;36.6;
74100;Desingy;67.4;
74101;Dingy-en-Vuache;66.5;
74102;Dingy-Saint-Clair;38.9;
74103;Domancy;50;
74104;Doussard;44;
74105;Douvaine;48.9;
74106;Draillant;74.9;
74107;Droisy;143.3;
74108;Duingt;16.5;
74109;Éloise;0;
74111;Entrevernes;45.5;
74112;Epagny Metz-Tessy;20;
74114;Essert-Romand;131.4;
74116;Etaux;37.3;
74117;Étercy;31.2;
74118;Étrembières;23.7;
74119;Évian-les-Bains;N/A - division par 0;
74121;Excenevex;46.7;
74122;Faucigny;42.6;
74123;Faverges-Seythenex;48.9;
74124;Feigères;59.7;
74126;Fessy;33.9;
74127;Féternes;57.5;
74128;Fillinges;15.9;
74129;La Forclaz;21;
74130;Franclens;N/A - division par 0;
74131;Frangy;75.6;
74133;Gaillard;7.4;
74134;Les Gets;86.5;
74135;Giez;97.2;
74136;Le Grand-Bornand;56.1;
74137;Groisy;38.7;
74138;Gruffy;74.1;
74139;Habère-Lullin;59.1;
74140;Habère-Poche;28.1;
74141;Hauteville-sur-Fier;60.9;
74142;Héry-sur-Alby;103;
74143;Les Houches;133.1;
74144;Jonzier-Épagny;66.6;
74145;Juvigny;40.5;
74146;Larringes;60.2;
74147;Lathuile;20.6;
74148;Leschaux;116.2;
74150;Loisin;26;
74151;Lornay;21.7;
74152;Lovagny;22.2;
74153;Lucinges;74.9;
74154;Lugrin;57.3;
74155;Lullin;37.4;
74156;Lully;52.2;
74157;Lyaud;50.9;
74158;Machilly;103.9;
74159;Magland;86.3;
74160;Manigod;58.6;
74161;Marcellaz-Albanais;50.2;
74162;Marcellaz;47;
74163;Margencel;50;
74164;Marignier;38.2;
74165;Marigny-Saint-Marcel;48.9;
74166;Marin;32.4;
74167;Val de Chaise;77.5;
74168;Marlioz;37;
74169;Marnaz;8.6;
74170;Massingy;82.9;
74171;Massongy;112.2;
74172;Maxilly-sur-Léman;0;
74173;Megève;31.4;
74174;Mégevette;31.6;*
74175;Meillerie;N/A - division par 0;
74176;Menthon-Saint-Bernard;107.6;
74177;Menthonnex-en-Bornes;70.2;
74178;Menthonnex-sous-Clermont;48.5;
74179;Mésigny;39.8;
74180;Messery;86.6;
74183;Mieussy;83.6;
74184;Minzier;137;
74185;Monnetier-Mornex;33.2;
74186;Montagny-les-Lanches;124.6;
74188;Montriond;62;
74189;Mont-Saxonnex;62.1;
74190;Morillon;70.2;
74191;Morzine;55.3;
74192;Moye;53.4;
74193;La Muraz;67.5;*
74194;Mûres;110.6;
74195;Musièges;16.5;
74196;Nancy-sur-Cluses;133.6;
74197;Nangy;54.6;
74198;Nâves-Parmelan;38.1;
74199;Nernier;N/A - division par 0;
74200;Neuvecelle;1.4;
74201;Neydens;42;
74202;Nonglard;101.9;
74203;Novel;47.4;
74205;Onnion;42.2;
74206;Orcier;44.6;
74208;Passy;49.3;
74209;Peillonnex;35.4;
74210;Perrignier;65.7;
74211;Pers-Jussy;61.4;
74212;Glières-Val-de-Borne;77.9;
74213;Poisy;38.2;
74215;Praz-sur-Arly;31.9;
74216;Présilly;48.8;
74218;Publier;16.9;
74219;Quintal;59.5;
74220;Reignier-Ésery;48.9;
74221;Le Reposoir;67.3;
74222;Reyvroz;54.3;
74223;La Rivière-Enverse;77.1;
74224;La Roche-sur-Foron;59;
74225;Rumilly;36.4;
74226;Saint-André-de-Boëge;61.7;
74228;Saint-Blaise;52.2;
74229;Saint-Cergues;44.3;
74231;Saint-Eusèbe;48.1;
74232;Saint-Eustache;55.7;
74233;Saint-Félix;26.1;
74234;Saint-Ferréol;49.3;
74235;Saint-Germain-sur-Rhône;219;
74236;Saint-Gervais-les-Bains;52.4;
74237;Saint-Gingolph;N/A - division par 0;
74238;Saint-Jean-d'Aulps;104.5;
74239;Saint-Jean-de-Sixt;53.1;
74240;Saint-Jean-de-Tholome;65.5;
74241;Saint-Jeoire;80.2;
74242;Saint-Jorioz;87.7;
74243;Saint-Julien-en-Genevois;30.6;
74244;Saint-Laurent;55.5;
74249;Saint-Paul-en-Chablais;46.5;
74250;Saint-Pierre-en-Faucigny;38.9;
74252;Saint-Sigismond;9.1;
74253;Saint-Sixt;64.5;
74254;Saint-Sylvestre;41.1;
74255;Sales;49.1;
74256;Sallanches;55.2;
74257;Sallenôves;38.9;
74258;Samoëns;91.3;
74259;Le Sappey;31.6;
74260;Savigny;98.2;
74261;Saxel;29.5;
74262;Scientrier;70.6;
74263;Sciez;22.5;
74264;Scionzier;N/A - division par 0;
74265;Serraval;49.5;
74266;Servoz;35.3;
74267;Sevrier;2.5;
74269;Seyssel;39.6;
74271;Seytroux;41.1;
74272;Sillingy;90.1;
74273;Sixt-Fer-à-Cheval;88;
74275;Talloires-Montmin;48.2;
74276;Taninges;66.6;
74278;Thyez;56.4;
74279;Thollon-les-Mémises;265;
74280;Thônes;46.1;
74281;Thonon-les-Bains;46.3;
74282;Fillière;53.7;
74283;Thusy;45.8;
74284;La Tour;107.2;
74285;Usinens;73.1;
74286;Vacheresse;68.5;
74287;Vailly;45.6;
74288;Valleiry;58.5;
74289;Vallières-sur-Fier;53;
74290;Vallorcine;23.3;
74291;Vanzy;37.6;
74292;Vaulx;62;
74293;Veigy-Foncenex;37.3;
74294;Verchaix;91.9;
74295;La Vernaz;78.7;
74296;Vers;39.9;
74297;Versonnex;49.1;
74298;Vétraz-Monthoux;3.1;*
74299;Veyrier-du-Lac;N/A - division par 0;
74301;Villard;98.6;
74302;Les Villards-sur-Thônes;20.8;
74303;Villaz;30.2;
74304;Ville-en-Sallaz;41.5;
74305;Ville-la-Grand;13.7;
74306;Villy-le-Bouveret;52.6;*
74307;Villy-le-Pelloux;22.5;
74308;Vinzier;66;
74309;Viry;50.4;
74310;Viuz-la-Chiésaz;46.4;
74311;Viuz-en-Sallaz;36.4;
74312;Vougy;91.3;
74313;Vovray-en-Bornes;98.8;
74314;Vulbens;103.3;
74315;Yvoire;3.5;
75056;Paris;0.1;
76001;Allouville-Bellefosse;70.9;
76002;Alvimare;76.7;
76004;Ambrumesnil;154.5;
76005;Amfreville-la-Mi-Voie;N/A - division par 0;
76006;Amfreville-les-Champs;37.9;
76007;Anceaumeville;57.9;
76008;Ancourt;59.4;
76009;Ancourteville-sur-Héricourt;54.1;
76010;Ancretiéville-Saint-Victor;71.1;
76011;Ancretteville-sur-Mer;63;
76012;Angerville-Bailleul;64;
76013;Angerville-la-Martel;161.1;
76014;Angerville-l'Orcher;51.8;
76015;Angiens;90.3;
76016;Anglesqueville-la-Bras-Long;79.3;
76017;Anglesqueville-l'Esneval;54.8;
76018;Val-de-Saâne;74.2;
76019;Anneville-sur-Scie;151.1;
76020;Anneville-Ambourville;55.4;
76021;Annouville-Vilmesnil;70.7;
76022;Anquetierville;87.7;
76023;Anvéville;102.5;
76024;Ardouval;9.3;
76025;Argueil;47.1;
76026;Arques-la-Bataille;63.1;*
76028;Aubéguimont;116.5;
76029;Aubermesnil-aux-Érables;72.1;
76030;Aubermesnil-Beaumais;103.1;
76032;Auberville-la-Manuel;59.3;
76033;Auberville-la-Renault;83.6;
76034;Val-de-Scie;73.5;
76035;Aumale;75.1;
76036;Auppegard;75;
76038;Authieux-Ratiéville;105.8;
76039;Les Authieux-sur-le-Port-Saint-Ouen;44.3;*
76040;Autigny;81.6;
76041;Les Hauts-de-Caux;126.6;
76042;Auvilliers;86.3;
76043;Auzebosc;86.6;
76045;Auzouville-l'Esneval;74.7;*
76046;Auzouville-sur-Ry;66.5;
76047;Auzouville-sur-Saâne;60.7;
76048;Avesnes-en-Bray;70;
76049;Avesnes-en-Val;179.9;
76050;Avremesnil;79.8;
76051;Bacqueville-en-Caux;67;
76052;Bailleul-Neuville;73.9;
76053;Baillolet;159.1;
76054;Bailly-en-Rivière;80.2;
76055;Baons-le-Comte;93.6;
76056;Bardouville;60.1;
76057;Barentin;77.9;
76058;Baromesnil;137;
76059;Bazinval;36.2;
76060;Beaubec-la-Rosière;35.2;
76062;Beaumont-le-Hareng;38.5;
76063;Beauval-en-Caux;122.4;
76064;Beaurepaire;4.1;
76065;Beaussault;99.7;
76066;Beautot;54.7;
76067;Beauvoir-en-Lyons;85.7;
76068;Bec-de-Mortagne;91.6;
76069;Belbeuf;34.5;
76070;Bellencombre;96.3;
76071;Bellengreville;183.9;
76072;Belleville-en-Caux;144.3;
76074;La Bellière;55.1;
76075;Belmesnil;90.7;
76076;Bénarville;116.2;
76077;Bénesville;10.7;
76079;Bénouville;124.7;
76082;Bernières;91;
76083;Bertheauville;153.5;
76084;Bertreville;106.8;
76085;Bertreville-Saint-Ouen;39.9;
76086;Bertrimont;148;
76087;Berville-en-Caux;80.2;
76088;Berville-sur-Seine;167.8;
76090;Beuzeville-la-Grenier;68.7;
76091;Beuzeville-la-Guérard;57.6;
76092;Beuzevillette;102.9;
76093;Bézancourt;130.4;
76094;Bierville;251.4;
76095;Bihorel;N/A - division par 0;
76096;Biville-la-Baignarde;61.7;
76097;Biville-la-Rivière;2.6;
76099;Blacqueville;80;
76100;Blainville-Crevon;108.4;
76101;Blangy-sur-Bresle;122.6;*
76103;Bonsecours;N/A - division par 0;
76104;Blosseville;100.9;
76105;Le Bocasse;72.6;
76106;Bois-d'Ennebourg;85.6;
76107;Bois-Guilbert;88.4;
76108;Bois-Guillaume;118.6;
76109;Bois-Héroult;77;
76110;Bois-Himont;86.1;
76111;Bois-l'Évêque;57.8;
76112;Le Bois-Robert;95.2;
76113;Boissay;164.9;
76114;Bolbec;130;
76115;Bolleville;66.7;
76116;Boos;96.6;
76117;Bordeaux-Saint-Clair;85.6;
76118;Bornambusc;74.7;
76119;Bosc-Bérenger;135.8;
76120;Bosc-Bordel;102.1;
76121;Bosc-Édeline;84.4;
76122;Callengeville;86.5;
76123;Bosc-Guérard-Saint-Adrien;70.9;
76124;Bosc-Hyons;104.9;*
76125;Bosc-le-Hard;94.3;
76126;Bosc-Mesnil;95.5;
76128;Bosville;63.1;
76129;Boudeville;116.6;
76130;Bouelles;44.5;
76131;La Bouille;N/A - division par 0;
76132;Bourdainville;67.6;
76133;Le Bourg-Dun;165.3;
76134;Bourville;92.5;
76135;Bouville;93.6;
76136;Brachy;148.1;
76138;Bracquetuit;59;
76139;Bradiancourt;58.4;
76140;Brametot;54.4;
76141;Bréauté;107.4;
76142;Brémontier-Merval;86.4;
76143;Bretteville-du-Grand-Caux;74.6;
76144;Bretteville-Saint-Laurent;112.6;
76146;Buchy;106;
76147;Bully;88.7;
76148;Bures-en-Bray;102.7;
76149;Butot;89.2;
76151;Cailleville;50.8;
76152;Cailly;118.1;
76153;Calleville-les-Deux-Églises;41.5;
76154;Campneuseville;81.7;
76155;Canehan;192;
76156;Canouville;109.1;
76157;Canteleu;4.1;
76158;Canville-les-Deux-Églises;82.3;
76159;Cany-Barville;88.7;
76160;Carville-la-Folletière;99.5;
76161;Carville-Pot-de-Fer;136.3;
76162;Le Catelier;29.7;
76163;Catenay;131.8;*
76164;Rives-en-Seine;59.3;
76165;Caudebec-lès-Elbeuf;N/A - division par 0;
76166;Le Caule-Sainte-Beuve;95.6;
76167;Cauville-sur-Mer;68.7;
76168;Les Cent-Acres;68.7;
76169;La Cerlangue;82.3;
76170;La Chapelle-du-Bourgay;108.7;
76171;La Chapelle-Saint-Ouen;84.7;
76172;La Chapelle-sur-Dun;29.6;
76173;La Chaussée;96;
76174;Cideville;56.7;
76175;Clais;102.6;
76176;Clasville;230.5;
76177;Claville-Motteville;130.8;
76178;Cléon;27.3;
76179;Clères;39.1;
76180;Cleuville;46.5;
76181;Cléville;44.9;
76182;Cliponville;87.8;
76183;Colleville;40.1;
76184;Colmesnil-Manneville;155.8;
76185;Compainville;34.7;
76186;Conteville;57;
76187;Contremoulins;106.6;
76188;Cottévrard;181.8;
76189;Crasville-la-Mallet;102;
76190;Crasville-la-Rocquefort;52.9;
76192;Criel-sur-Mer;78;
76193;La Crique;66.7;
76194;Criquebeuf-en-Caux;63.6;
76195;Criquetot-le-Mauconduit;211.6;
76196;Criquetot-l'Esneval;73.6;
76197;Criquetot-sur-Longueville;117.8;
76198;Criquetot-sur-Ouville;57.3;
76199;Criquiers;51.1;
76200;Critot;88.2;
76201;Croisy-sur-Andelle;N/A - division par 0;
76202;Croixdalle;93.7;
76203;Croix-Mare;76.5;
76204;Cropus;86.6;
76205;Crosville-sur-Scie;123.5;
76206;Cuverville;58.2;
76207;Cuverville-sur-Yères;175.8;
76208;Cuy-Saint-Fiacre;56.9;
76209;Dampierre-en-Bray;71.6;
76210;Dampierre-Saint-Nicolas;95.6;
76211;Dancourt;68.2;*
76212;Darnétal;N/A - division par 0;
76213;Daubeuf-Serville;165.4;
76214;Dénestanville;71.6;
76216;Déville-lès-Rouen;N/A - division par 0;
76217;Dieppe;67.7;*
76218;Doudeauville;223.4;
76219;Doudeville;46.8;
76220;Douvrend;136;
76221;Drosay;107.1;
76222;Duclair;81;
76223;Écalles-Alix;59.7;
76224;Écrainville;64.9;
76225;Écretteville-lès-Baons;71.2;
76226;Écretteville-sur-Mer;N/A - division par 0;
76227;Ectot-l'Auber;70.2;
76228;Ectot-lès-Baons;78.8;
76229;Elbeuf-en-Bray;84;
76230;Elbeuf-sur-Andelle;31.2;
76231;Elbeuf;N/A - division par 0;
76232;Életot;97.6;
76233;Ellecourt;169.5;
76234;Émanville;24.8;
76235;Envermeu;110.2;
76236;Envronville;127.3;
76237;Épinay-sur-Duclair;57.8;
76238;Épouville;70;
76239;Épretot;51;
76240;Épreville;63.3;
76241;Ermenouville;214.1;
76242;Ernemont-la-Villette;106.8;
76243;Ernemont-sur-Buchy;190.2;
76244;Esclavelles;44.6;
76245;Eslettes;71.6;
76247;Esteville;132.2;*
76249;Étaimpuis;62.9;
76250;Étainhus;68.1;
76251;Étalleville;63.8;
76252;Étalondes;76.8;
76253;Étoutteville;63.8;
76254;Étretat;3;
76255;Eu;73.8;
76257;Fallencourt;170.2;
76258;Terres-de-Caux;103.8;
76259;Fécamp;43;
76260;Ferrières-en-Bray;69.9;
76261;La Ferté-Saint-Samson;40.9;
76262;Fesques;119;
76263;La Feuillie;96.3;
76264;Flamanville;61;
76265;Flamets-Frétils;83.6;
76266;Flocques;86.3;
76268;Fongueusemare;138.8;
76269;Fontaine-en-Bray;40.3;
76270;Fontaine-la-Mallet;26.2;
76271;Fontaine-le-Bourg;31;
76272;Fontaine-le-Dun;121;
76273;Fontaine-sous-Préaux;N/A - division par 0;
76274;La Fontelaye;308.8;
76275;Fontenay;79.5;
76276;Forges-les-Eaux;15.6;
76278;Foucarmont;22.6;
76279;Foucart;122.5;
76280;Fréauville;114.6;
76281;La Frénaye;64.1;
76282;Freneuse;57.7;
76283;Fresles;87.3;
76284;Fresnay-le-Long;81.7;
76285;Fresne-le-Plan;159.4;
76286;Fresnoy-Folny;119.6;
76287;Fresquiennes;50.1;
76288;Freulleville;120.5;
76289;Saint Martin de l'If;47.3;
76290;Frichemesnil;59.5;*
76291;Froberville;69.2;
76292;Fry;52.1;*
76293;Fultot;100.8;
76294;La Gaillarde;101.1;
76295;Gaillefontaine;72.7;
76296;Gainneville;105;
76297;Gancourt-Saint-Étienne;146;
76298;Ganzeville;29.7;
76299;Gerponville;113.8;
76300;Gerville;86.7;
76302;Goderville;98.5;
76303;Gommerville;63.8;
76304;Gonfreville-Caillot;161.2;
76305;Gonfreville-l'Orcher;52.5;
76306;Gonnetot;40.7;
76307;Gonneville-la-Mallet;45.5;
76308;Gonneville-sur-Scie;72.8;
76309;Gonzeville;143.1;
76311;Goupillières;47.8;
76312;Gournay-en-Bray;53;
76313;Gouy;40.6;
76314;Graimbouville;101.6;
76315;Grainville-la-Teinturière;36.3;
76316;Grainville-sur-Ry;53.8;
76317;Grainville-Ymauville;90.7;
76318;Grand-Camp;73.2;
76319;Grand-Couronne;18.6;
76320;Grandcourt;98;
76321;Les Grandes-Ventes;85.3;
76322;Le Grand-Quevilly;N/A - division par 0;
76323;Graval;40.5;
76324;Grèges;85.9;
76325;Grémonville;46.7;
76327;Greuville;91.2;
76328;Grigneuseville;74.6;
76329;Gruchet-le-Valasse;38.2;
76330;Gruchet-Saint-Siméon;82.4;
76331;Grugny;177.6;
76332;Grumesnil;64.5;
76333;Guerville;73.9;
76334;Gueures;86.8;
76335;Gueutteville;228.2;
76336;Gueutteville-les-Grès;130.8;
76338;La Hallotière;72.9;*
76339;Le Hanouard;49.5;
76340;Harcanville;156.5;
76341;Harfleur;35.6;
76342;Hattenville;44.4;
76343;Haucourt;126;
76344;Haudricourt;91.3;
76345;Haussez;61.9;
76346;Hautot-l'Auvray;96.7;
76347;Hautot-le-Vatois;103.6;
76348;Hautot-Saint-Sulpice;84.8;
76349;Hautot-sur-Mer;113.4;
76350;Hautot-sur-Seine;N/A - division par 0;
76351;Le Havre;38.1;
76352;La Haye;89.3;
76353;Héberville;90.8;*
76354;Hénouville;53.6;
76355;Héricourt-en-Caux;87.7;
76356;Hermanville;220.1;
76357;Hermeville;90.3;
76358;Le Héron;49.5;*
76359;Héronchelles;26.6;
76360;Heugleville-sur-Scie;80;
76361;Heuqueville;82.9;
76362;Heurteauville;41.2;
76363;Hodeng-au-Bosc;55.7;
76364;Hodeng-Hodenger;87.6;
76365;Houdetot;114.1;
76366;Le Houlme;N/A - division par 0;
76367;Houppeville;5.4;
76368;Houquetot;86.8;
76369;La Houssaye-Béranger;44.7;
76370;Hugleville-en-Caux;77;
76371;Les Ifs;54.2;
76372;Illois;101.7;
76373;Imbleville;2.8;
76374;Incheville;142.7;
76375;Ingouville;155.9;
76377;Isneauville;52;
76378;Jumièges;22.4;
76379;Lamberville;46.6;
76380;Lammerville;80.5;
76381;Landes-Vieilles-et-Neuves;81.3;
76382;Lanquetot;56.7;
76383;Lestanville;38.9;
76384;Lillebonne;54.2;
76385;Limésy;75;
76386;Limpiville;123.8;
76387;Lindebeuf;221.2;
76388;Lintot;87.2;
76389;Lintot-les-Bois;175;
76390;Les Loges;81.7;
76391;La Londe;68.7;
76392;Londinières;85.6;
76393;Longmesnil;100.1;
76394;Longroy;N/A - division par 0;
76395;Longueil;100;
76396;Longuerue;61.8;
76397;Longueville-sur-Scie;162.6;
76398;Louvetot;58.6;
76399;Lucy;145.9;*
76400;Luneray;155.5;
76401;Arelaune-en-Seine;52.8;
76402;Malaunay;52.3;
76403;Malleville-les-Grès;107.9;
76404;Manéglise;72.7;
76405;Manéhouville;115.3;
76406;Maniquerville;63.3;
76407;Manneville-ès-Plains;70.3;
76408;Manneville-la-Goupil;68.5;
76409;Mannevillette;77.5;
76410;Maromme;N/A - division par 0;
76411;Marques;56.9;
76412;Martainville-Épreville;103.8;
76413;Martigny;115.8;
76414;Martin-Église;141.1;
76415;Massy;70.1;
76416;Mathonville;95.6;
76417;Maucomble;78.1;
76418;Maulévrier-Sainte-Gertrude;41.7;
76419;Mauny;124.8;
76420;Mauquenchy;118.1;
76421;Mélamare;68.1;
76422;Melleville;70.5;
76423;Ménerval;55.1;
76424;Ménonval;54.3;
76425;Mentheville;86.1;
76426;Mésangueville;19.5;
76427;Mesnières-en-Bray;65.9;
76428;Le Mesnil-Durdent;64.3;
76429;Le Mesnil-Esnard;21.3;
76430;Mesnil-Follemprise;71.8;
76431;Le Mesnil-Lieubray;80.7;*
76432;Mesnil-Mauger;55.2;
76433;Mesnil-Panneville;50.2;
76434;Mesnil-Raoul;161.3;
76435;Le Mesnil-Réaume;7;
76436;Le Mesnil-sous-Jumièges;4.4;
76437;Meulers;0.3;
76438;Millebosc;114.3;
76439;Mirville;65.1;
76440;Molagnies;23.1;
76441;Monchaux-Soreng;60.1;
76442;Monchy-sur-Eu;109.4;
76443;Mont-Cauvaire;73.9;
76445;Montérolier;81.5;
76446;Montigny;56.2;
76447;Montivilliers;119.2;
76448;Montmain;45.9;
76449;Montreuil-en-Caux;59.8;
76450;Montroty;88;*
76451;Mont-Saint-Aignan;8.9;
76452;Montville;43.5;
76453;Morgny-la-Pommeraye;114.4;
76454;Mortemer;103.1;
76455;Morville-sur-Andelle;73;
76456;Motteville;84.6;
76457;Moulineaux;N/A - division par 0;
76458;Muchedent;84.8;
76459;Nesle-Hodeng;86.8;
76460;Nesle-Normandeuse;117.1;
76461;Neufbosc;101.4;
76462;Neufchâtel-en-Bray;73.6;
76463;Neuf-Marché;91.2;
76464;La Neuville-Chant-d'Oisel;84.9;
76465;Neuville-Ferrières;100.6;
76467;Néville;76.1;
76468;Nointot;52.2;
76469;Nolléval;143.1;
76470;Normanville;108.4;
76471;Norville;56.7;
76472;Notre-Dame-d'Aliermont;85.8;
76473;Notre-Dame-de-Bliquetuit;29.1;
76474;Notre-Dame-de-Bondeville;N/A - division par 0;
76475;Franqueville-Saint-Pierre;131.6;
76476;Port-Jérôme-sur-Seine;80.6;
76477;Notre-Dame-du-Bec;143.4;
76478;Notre-Dame-du-Parc;108.2;
76479;Nullemont;37.1;
76480;Ocqueville;105;
76481;Octeville-sur-Mer;52.5;
76482;Offranville;104.4;
76483;Oherville;186.4;
76484;Oissel;110.4;
76485;Omonville;106.3;
76486;Orival;N/A - division par 0;
76487;Osmoy-Saint-Valery;92.8;
76488;Ouainville;127;
76489;Oudalle;30.3;
76490;Ourville-en-Caux;111.6;
76491;Ouville-l'Abbaye;63.2;
76492;Ouville-la-Rivière;142;
76493;Paluel;74.7;
76494;Parc-d'Anxtot;83.4;
76495;Pavilly;73.2;
76497;Petit-Couronne;N/A - division par 0;
76498;Le Petit-Quevilly;N/A - division par 0;
76499;Petiville;128.3;
76500;Pierrecourt;69.2;
76501;Pierrefiques;49.9;
76502;Pierreval;59;
76503;Pissy-Pôville;87.4;
76504;Pleine-Sève;100.4;
76505;Pommereux;127;
76506;Pommeréval;65.2;
76507;Ponts-et-Marais;32.3;*
76508;La Poterie-Cap-d'Antifer;67;
76509;Préaux;84.8;
76510;Prétot-Vicquemare;78.2;
76511;Preuseville;68.5;
76512;Puisenval;151;
76513;Quevillon;80;
76514;Quévreville-la-Poterie;77.4;
76515;Quiberville;84.5;
76516;Quièvrecourt;41.8;
76517;Quincampoix;74.7;
76518;Raffetot;108.2;
76519;Rainfreville;107.2;
76520;Réalcamp;62.8;
76521;Rebets;107;
76522;La Remuée;47.3;
76523;Rétonval;84.1;
76524;Reuville;83.6;
76526;Ricarville-du-Val;33.5;
76527;Richemont;59.1;
76528;Rieux;187.6;
76529;Riville;152.9;
76530;Robertot;1.5;*
76531;Rocquefort;85.6;
76532;Rocquemont;66.5;
76533;Rogerville;81.1;
76534;Rolleville;74.1;
76535;Roncherolles-en-Bray;24.5;
76536;Roncherolles-sur-le-Vivier;33;
76537;Ronchois;68.7;
76538;Rosay;33.5;
76540;Rouen;1.2;
76541;Roumare;65.6;
76542;Routes;110;
76543;Rouville;119.9;
76544;Rouvray-Catillon;101.2;
76545;Rouxmesnil-Bouteilles;158.3;
76546;Royville;90.2;
76547;La Rue-Saint-Pierre;129.9;
76548;Ry;4;
76549;Saâne-Saint-Just;79.1;
76550;Sahurs;83;
76551;Sainneville;103.9;
76552;Sainte-Adresse;N/A - division par 0;
76553;Sainte-Agathe-d'Aliermont;99.3;
76554;Saint-Aignan-sur-Ry;76.7;
76555;Saint-André-sur-Cailly;147.3;
76556;Saint-Antoine-la-Forêt;57.4;
76557;Saint-Arnoult;65.9;
76558;Saint-Aubin-Celloville;173.3;
76559;Saint-Aubin-de-Crétot;141.8;
76560;Saint-Aubin-Épinay;67.4;
76561;Saint-Aubin-lès-Elbeuf;N/A - division par 0;
76562;Saint-Aubin-le-Cauf;158.5;
76563;Saint-Aubin-Routot;63.9;
76564;Saint-Aubin-sur-Mer;67.6;
76565;Saint-Aubin-sur-Scie;76.4;
76566;Sainte-Austreberthe;55.4;
76567;Sainte-Beuve-en-Rivière;149.7;
76568;Saint-Clair-sur-les-Monts;101.9;
76569;Sainte-Colombe;100;
76570;Saint-Crespin;117.6;
76571;Sainte-Croix-sur-Buchy;78.5;
76572;Saint-Denis-d'Aclon;N/A - division par 0;
76573;Saint-Denis-le-Thiboult;48.1;*
76574;Saint-Denis-sur-Scie;93.4;
76575;Saint-Étienne-du-Rouvray;0.4;
76576;Saint-Eustache-la-Forêt;26.9;
76577;Sainte-Foy;86.2;
76578;Sainte-Geneviève;46.4;
76580;Saint-Georges-sur-Fontaine;129.9;
76581;Saint-Germain-des-Essourts;94.3;
76582;Saint-Germain-d'Étables;96.4;
76583;Saint-Germain-sous-Cailly;39.6;
76584;Saint-Germain-sur-Eaulne;78.8;
76585;Saint-Gilles-de-Crétot;51.3;
76586;Saint-Gilles-de-la-Neuville;37.2;
76587;Sainte-Hélène-Bondeville;97;
76588;Saint-Hellier;71.2;
76589;Saint-Honoré;98.6;
76590;Saint-Jacques-d'Aliermont;138.5;
76591;Saint-Jacques-sur-Darnétal;71.3;
76592;Saint-Jean-de-Folleville;303.9;
76593;Saint-Jean-de-la-Neuville;112.8;
76594;Saint-Jean-du-Cardonnay;80.4;
76595;Saint-Jouin-Bruneval;69;
76596;Saint-Laurent-de-Brèvedent;74.3;
76597;Saint-Laurent-en-Caux;74.8;
76598;Saint-Léger-aux-Bois;96.4;
76599;Saint-Léger-du-Bourg-Denis;0.1;
76600;Saint-Léonard;79.5;
76601;Saint-Lucien;70.5;
76602;Saint-Maclou-de-Folleville;89.4;
76603;Saint-Maclou-la-Brière;102.2;
76604;Saint-Mards;108.1;
76605;Sainte-Marguerite-sur-Mer;128;
76606;Morienne;93;
76608;Sainte-Marguerite-sur-Duclair;56.4;
76609;Sainte-Marie-au-Bosc;118.4;
76610;Sainte-Marie-des-Champs;54.9;
76611;Saint-Martin-aux-Arbres;44.6;
76612;Saint-Martin-au-Bosc;112;
76613;Saint-Martin-aux-Buneaux;103.6;
76614;Saint-Martin-de-Boscherville;44.2;
76615;Saint-Martin-du-Bec;42;
76616;Saint-Martin-du-Manoir;91.8;
76617;Saint-Martin-du-Vivier;71;
76618;Petit-Caux;90.7;
76619;Saint-Martin-le-Gaillard;142.8;
76620;Saint-Martin-l'Hortier;71.5;
76621;Saint-Martin-Osmonville;129.1;
76622;Saint-Maurice-d'Ételan;106.9;
76623;Saint-Michel-d'Halescourt;100.2;
76624;Saint-Nicolas-d'Aliermont;64.3;
76626;Saint-Nicolas-de-la-Haie;30;
76627;Saint-Nicolas-de-la-Taille;37.9;
76628;Saint-Ouen-du-Breuil;85.9;
76629;Saint-Ouen-le-Mauger;63.1;
76630;Saint-Ouen-sous-Bailly;50.8;
76631;Saint-Paër;70.3;
76632;Saint-Pierre-Bénouville;62.3;
76634;Saint-Pierre-de-Manneville;79;
76635;Saint-Pierre-des-Jonquières;137.4;
76636;Saint-Pierre-de-Varengeville;96;
76637;Saint-Pierre-en-Port;76;
76638;Saint-Pierre-en-Val;27.2;
76640;Saint-Pierre-lès-Elbeuf;32.3;
76641;Saint-Pierre-le-Vieux;139.1;
76642;Saint-Pierre-le-Viger;102.4;
76644;Saint-Rémy-Boscrocourt;108;
76645;Saint-Riquier-en-Rivière;61.6;*
76646;Saint-Riquier-ès-Plains;111.7;
76647;Saint-Romain-de-Colbosc;121.8;
76648;Saint-Saëns;64.3;
76649;Saint-Saire;76.8;
76650;Saint-Sauveur-d'Émalleville;97;
76651;Saint-Sylvain;88.7;
76652;Saint-Vaast-d'Équiqueville;64.9;
76653;Saint-Vaast-Dieppedalle;101.7;
76654;Saint-Vaast-du-Val;72.4;
76655;Saint-Valery-en-Caux;23.5;
76656;Saint-Victor-l'Abbaye;92.1;
76657;Saint-Vigor-d'Ymonville;70.9;
76658;Saint-Vincent-Cramesnil;118.4;
76660;Sandouville;60;
76662;Sassetot-le-Malgardé;111.7;
76663;Sassetot-le-Mauconduit;34.4;
76664;Sasseville;80.9;
76665;Sauchay;101.2;
76666;Saumont-la-Poterie;84.9;
76667;Sauqueville;144;
76668;Saussay;181;
76669;Sausseuzemare-en-Caux;130.1;
76670;Senneville-sur-Fécamp;92;
76671;Sept-Meules;120.6;
76672;Serqueux;42.2;
76673;Servaville-Salmonville;95.7;
76675;Sierville;61.9;
76676;Sigy-en-Bray;77.5;
76677;Smermesnil;120.9;
76678;Sommery;51;
76679;Sommesnil;165.7;
76680;Sorquainville;96.3;
76681;Sotteville-lès-Rouen;N/A - division par 0;
76682;Sotteville-sous-le-Val;127.1;
76683;Sotteville-sur-Mer;79.2;
76684;Tancarville;179.8;
76685;Thérouldeville;153.6;
76686;Theuville-aux-Maillots;60.6;
76688;Thiergeville;97.6;
76689;Thiétreville;53.1;
76690;Thil-Manneville;83.1;
76691;Le Thil-Riberpré;54.5;
76692;Thiouville;73.2;
76693;Le Tilleul;135.9;
76694;Tocqueville-en-Caux;49.8;
76695;Tocqueville-les-Murs;147.3;*
76697;Torcy-le-Grand;57;
76698;Torcy-le-Petit;71.5;
76699;Le Torp-Mesnil;104.4;
76700;Tôtes;129.9;
76702;Touffreville-la-Corbeline;78.3;
76703;Touffreville-sur-Eu;124.1;
76705;Tourville-la-Rivière;9.7;
76706;Tourville-les-Ifs;77.5;
76707;Tourville-sur-Arques;73.9;
76708;Toussaint;105;
76709;Le Trait;N/A - division par 0;
76710;Trémauville;212.3;
76711;Le Tréport;82.1;
76712;La Trinité-du-Mont;94.5;
76714;Les Trois-Pierres;88.6;
76715;Trouville;113.6;
76716;Turretot;105;
76717;Val-de-la-Haye;N/A - division par 0;
76718;Valliquerville;65.6;
76719;Valmont;65;
76720;Varengeville-sur-Mer;28.5;*
76721;Varneville-Bretteville;85.2;
76723;Vassonville;48.3;
76724;Vatierville;58.3;
76725;Vattetot-sous-Beaumont;73.3;
76726;Vattetot-sur-Mer;27.7;
76727;Vatteville-la-Rue;35.2;
76728;La Vaupalière;91.1;
76730;Veauville-lès-Quelles;123.6;
76731;Vénestanville;89.4;
76732;Butot-Vénesville;83.9;
76733;Ventes-Saint-Rémy;31.8;
76734;Vergetot;44.5;
76735;Veules-les-Roses;51.8;
76736;Veulettes-sur-Mer;182.2;
76737;Vibeuf;37.5;
76738;Vieux-Manoir;68.5;
76739;Vieux-Rouen-sur-Bresle;113;
76740;La Vieux-Rue;154.4;
76741;Villainville;121.8;
76743;Villers-Écalles;34.9;
76744;Villers-sous-Foucarmont;47.8;
76745;Villy-sur-Yères;228.6;
76746;Vinnemerville;92.5;
76747;Virville;92.6;
76748;Vittefleur;24;
76749;Wanchy-Capval;152.8;
76750;Yainville;45.5;
76751;Yébleron;51.1;
76752;Yerville;95.1;
76753;Ymare;100.3;
76754;Yport;39.2;
76755;Ypreville-Biville;96.1;
76756;Yquebeuf;187.6;
76757;Yvecrique;72.4;
76758;Yvetot;40.6;
76759;Yville-sur-Seine;48.9;*
77001;Achères-la-Forêt;132.4;
77002;Amillis;118.3;
77003;Amponville;172.4;
77004;Andrezel;259.6;
77005;Annet-sur-Marne;49.4;
77006;Arbonne-la-Forêt;38.4;
77007;Argentières;N/A - division par 0;
77008;Armentières-en-Brie;158.6;
77009;Arville;202.3;
77010;Aubepierre-Ozouer-le-Repos;228.5;
77011;Aufferville;159.6;
77012;Augers-en-Brie;178.7;
77013;Aulnoy;211.6;
77014;Avon;N/A - division par 0;
77015;Baby;137.3;
77016;Bagneaux-sur-Loing;194.9;
77018;Bailly-Romainvilliers;123.6;
77019;Balloy;166.3;
77020;Bannost-Villegagnon;168.2;
77021;Barbey;220.6;
77022;Barbizon;114.6;
77023;Barcy;156.7;
77024;Bassevelle;179;
77025;Bazoches-lès-Bray;141.7;
77026;Beauchery-Saint-Martin;191.9;
77027;Beaumont-du-Gâtinais;134.3;
77029;Beauvoir;305.5;
77030;Bellot;108.8;
77031;Bernay-Vilbert;127.5;
77032;Beton-Bazoches;123.1;
77033;Bezalles;101.9;
77034;Blandy;263.8;
77035;Blennes;170.5;
77036;Boisdon;139.6;
77037;Bois-le-Roi;N/A - division par 0;
77038;Boissettes;N/A - division par 0;
77039;Boissise-la-Bertrand;N/A - division par 0;
77040;Boissise-le-Roi;60.9;
77041;Boissy-aux-Cailles;128.7;
77042;Boissy-le-Châtel;110.5;
77043;Boitron;N/A - division par 0;
77044;Bombon;508.7;
77045;Bougligny;133.3;
77046;Boulancourt;115.3;
77047;Bouleurs;118.1;
77048;Bourron-Marlotte;123.2;
77049;Boutigny;161.6;*
77050;Bransles;142.9;
77051;Bray-sur-Seine;130.8;
77052;Bréau;N/A - division par 0;
77053;Brie-Comte-Robert;111.9;
77054;La Brosse-Montceaux;167.8;*
77055;Brou-sur-Chantereine;N/A - division par 0;
77056;Burcy;49.2;
77057;Bussières;118.7;
77058;Bussy-Saint-Georges;61.8;
77059;Bussy-Saint-Martin;54.6;
77060;Buthiers;173.2;
77061;Cannes-Écluse;39.8;
77062;Carnetin;105.4;
77063;La Celle-sur-Morin;244.2;
77065;Cély;85;
77066;Cerneux;108.3;
77067;Cesson;127.1;
77068;Cessoy-en-Montois;73.4;
77069;Chailly-en-Bière;90.1;
77070;Chailly-en-Brie;138.1;
77071;Chaintreaux;178.5;
77072;Chalautre-la-Grande;145.8;
77073;Chalautre-la-Petite;277.4;
77075;Chalifert;N/A - division par 0;
77076;Chalmaison;119.9;
77077;Chambry;93.8;
77078;Chamigny;142.5;
77079;Champagne-sur-Seine;N/A - division par 0;
77080;Champcenest;138.4;
77081;Champdeuil;141.3;
77082;Champeaux;153.8;
77083;Champs-sur-Marne;N/A - division par 0;
77084;Changis-sur-Marne;91.5;
77085;Chanteloup-en-Brie;N/A - division par 0;
77086;La Chapelle-Gauthier;176.2;
77087;La Chapelle-Iger;165.7;
77088;La Chapelle-la-Reine;136.4;
77089;La Chapelle-Rablais;40.7;
77090;La Chapelle-Saint-Sulpice;214.6;
77091;Les Chapelles-Bourbon;169;
77093;La Chapelle-Moutils;151.3;
77094;Charmentray;244.4;
77095;Charny;277.8;
77096;Chartrettes;N/A - division par 0;
77097;Chartronges;270;
77098;Châteaubleau;212.7;
77099;Château-Landon;171;
77100;Le Châtelet-en-Brie;156.8;
77101;Châtenay-sur-Seine;77;
77102;Châtenoy;146.4;
77103;Châtillon-la-Borde;161.6;
77104;Châtres;141.3;
77106;Chauffry;123.8;
77107;Chaumes-en-Brie;126.6;
77108;Chelles;42;
77109;Chenoise-Cucharmoy;154.5;
77110;Chenou;193.1;
77111;Chessy;210.3;
77112;Chevrainvilliers;145.3;
77113;Chevru;136.5;
77114;Chevry-Cossigny;176.7;
77115;Chevry-en-Sereine;129.2;
77116;Choisy-en-Brie;129;
77117;Citry;30.8;
77118;Claye-Souilly;53.8;
77119;Clos-Fontaine;155.1;
77120;Cocherel;183.4;
77121;Collégien;N/A - division par 0;
77122;Combs-la-Ville;152.3;
77123;Compans;181.3;
77124;Conches-sur-Gondoire;14.7;
77125;Condé-Sainte-Libiaire;N/A - division par 0;
77126;Congis-sur-Thérouanne;169;
77127;Coubert;161.1;
77128;Couilly-Pont-aux-Dames;49.9;
77129;Coulombs-en-Valois;231;
77130;Coulommes;125.8;
77131;Coulommiers;60.3;
77132;Coupvray;137.5;
77133;Courcelles-en-Bassée;120.2;
77134;Courchamp;170.2;
77135;Courpalay;170.6;
77136;Courquetaine;194;
77137;Courtacon;110.7;
77138;Courtomer;96.8;
77139;Courtry;11.2;
77140;Coutençon;127;
77141;Coutevroult;120.1;
77142;Crécy-la-Chapelle;100.8;
77143;Crégy-lès-Meaux;240.2;
77144;Crèvecœur-en-Brie;135.4;
77145;Crisenoy;151.2;
77146;Croissy-Beaubourg;N/A - division par 0;
77147;La Croix-en-Brie;159.4;
77148;Crouy-sur-Ourcq;214.2;
77150;Cuisy;157;
77151;Dagny;146.6;
77152;Dammarie-les-Lys;N/A - division par 0;
77153;Dammartin-en-Goële;118.9;
77154;Dammartin-sur-Tigeaux;150.1;
77155;Dampmart;39.4;
77156;Darvault;225.3;
77157;Dhuisy;193.4;
77158;Diant;182.7;
77159;Donnemarie-Dontilly;57.9;
77161;Dormelles;110;
77162;Doue;122.7;
77163;Douy-la-Ramée;144;
77164;Échouboulains;166.2;
77165;Les Écrennes;141.8;
77167;Égligny;270.7;
77168;Égreville;104;
77169;Émerainville;N/A - division par 0;
77171;Esbly;48.6;
77172;Esmans;98.3;
77173;Étrépilly;143.7;
77174;Everly;232.3;
77175;Évry-Grégy-sur-Yerre;172.7;
77176;Faremoutiers;127.8;
77177;Favières;173.8;
77178;Faÿ-lès-Nemours;112.9;
77179;Féricy;98.4;
77180;Férolles-Attilly;152;
77181;Ferrières-en-Brie;N/A - division par 0;
77182;La Ferté-Gaucher;124.2;
77183;La Ferté-sous-Jouarre;243;
77184;Flagy;40.2;
77185;Fleury-en-Bière;119.5;
77186;Fontainebleau;N/A - division par 0;
77187;Fontaine-Fourches;114.9;
77188;Fontaine-le-Port;N/A - division par 0;
77190;Fontains;121.3;
77191;Fontenailles;80;
77192;Fontenay-Trésigny;103.8;
77193;Forfry;159.4;
77194;Forges;237.4;
77195;Fouju;175.9;
77196;Fresnes-sur-Marne;208.9;
77197;Frétoy;165.4;
77198;Fromont;197.3;
77199;Fublaines;39.3;*
77200;Garentreville;137;
77201;Gastins;126.3;
77202;La Genevraye;153.5;
77203;Germigny-l'Évêque;73.7;
77204;Germigny-sous-Coulombs;95.7;
77205;Gesvres-le-Chapitre;306.2;
77206;Giremoutiers;122.3;
77207;Gironville;130.9;
77208;Gouaix;114.1;*
77209;Gouvernes;2.2;
77210;La Grande-Paroisse;286.9;
77211;Grandpuits-Bailly-Carrois;165;
77212;Gravon;143.9;
77214;Gressy;50.4;
77215;Gretz-Armainvilliers;13.6;
77216;Grez-sur-Loing;N/A - division par 0;
77217;Grisy-Suisnes;68.8;
77218;Grisy-sur-Seine;136.3;
77219;Guérard;135.4;
77220;Guercheville;124.1;
77221;Guermantes;71;
77222;Guignes;308.9;
77223;Gurcy-le-Châtel;283;
77224;Hautefeuille;104.2;
77225;La Haute-Maison;139;
77226;Héricy;212.8;
77227;Hermé;196.3;
77228;Hondevilliers;54.3;
77229;La Houssaye-en-Brie;119.8;
77230;Ichy;86;
77231;Isles-les-Meldeuses;100.5;
77232;Isles-lès-Villenoy;360.8;
77233;Iverny;226.1;
77234;Jablines;202.5;
77235;Jaignes;200.7;
77236;Jaulnes;161.5;
77237;Jossigny;186.5;
77238;Jouarre;135.5;
77239;Jouy-le-Châtel;131.5;
77240;Jouy-sur-Morin;162.7;
77241;Juilly;212.6;
77242;Jutigny;122;
77243;Lagny-sur-Marne;23.3;
77244;Larchant;146.6;
77245;Laval-en-Brie;193.5;
77246;Léchelle;190.6;
77247;Lescherolles;118;
77248;Lesches;88.4;
77249;Lésigny;55.4;
77250;Leudon-en-Brie;199.4;
77251;Lieusaint;92.4;
77252;Limoges-Fourches;253.3;
77253;Lissy;150.1;
77254;Liverdy-en-Brie;120.4;
77255;Livry-sur-Seine;195.3;
77256;Lizines;139.4;
77257;Lizy-sur-Ourcq;247;
77258;Lognes;N/A - division par 0;
77259;Longperrier;230.8;
77260;Longueville;20.8;
77261;Lorrez-le-Bocage-Préaux;258.3;*
77262;Louan-Villegruis-Fontaine;147.7;
77263;Luisetaines;135.3;
77264;Lumigny-Nesles-Ormeaux;117.4;
77265;Luzancy;39.8;
77266;Machault;121.2;
77267;La Madeleine-sur-Loing;149.9;
77268;Magny-le-Hongre;N/A - division par 0;
77269;Maincy;329.4;
77270;Maisoncelles-en-Brie;191.8;
77271;Maisoncelles-en-Gâtinais;105.5;
77272;Maison-Rouge;140.9;
77273;Marchémoret;329.9;
77274;Marcilly;316.6;
77275;Les Marêts;191.3;
77276;Mareuil-lès-Meaux;42.5;
77277;Marles-en-Brie;104.7;
77278;Marolles-en-Brie;96.5;
77279;Marolles-sur-Seine;106.9;
77280;Mary-sur-Marne;89.4;
77281;Mauperthuis;74.7;
77282;Mauregard;244.5;
77283;May-en-Multien;246.8;
77284;Meaux;150.8;
77285;Le Mée-sur-Seine;N/A - division par 0;
77286;Meigneux;98.5;
77287;Meilleray;35.8;
77288;Melun;41.5;
77289;Melz-sur-Seine;88.5;
77290;Méry-sur-Marne;N/A - division par 0;
77291;Le Mesnil-Amelot;132.2;
77292;Messy;246.5;
77293;Misy-sur-Yonne;125.4;
77294;Mitry-Mory;141.4;
77295;Moisenay;183.5;
77296;Moissy-Cramayel;250.6;
77297;Mondreville;182.3;
77298;Mons-en-Montois;219.4;
77300;Montceaux-lès-Meaux;N/A - division par 0;
77301;Montceaux-lès-Provins;132;
77302;Montcourt-Fromonville;N/A - division par 0;
77303;Montdauphin;67.3;
77304;Montenils;115;
77305;Montereau-Fault-Yonne;N/A - division par 0;
77306;Montereau-sur-le-Jard;147.9;
77307;Montévrain;N/A - division par 0;
77308;Montgé-en-Goële;128.1;*
77309;Monthyon;162.1;*
77310;Montigny-le-Guesdier;157.4;
77311;Montigny-Lencoup;157.8;
77312;Montigny-sur-Loing;46.5;
77313;Montmachoux;132.1;
77314;Montolivet;132.1;
77315;Montry;63.6;
77316;Moret-Loing-et-Orvanne;138.7;
77317;Mormant;147.2;*
77318;Mortcerf;305.2;
77319;Mortery;159.7;
77320;Mouroux;111.1;
77321;Mousseaux-lès-Bray;85.9;
77322;Moussy-le-Neuf;117.3;
77323;Moussy-le-Vieux;178;
77325;Mouy-sur-Seine;101;
77326;Nandy;N/A - division par 0;
77327;Nangis;217.5;
77328;Nanteau-sur-Essonne;27.5;
77329;Nanteau-sur-Lunain;103.5;
77330;Nanteuil-lès-Meaux;N/A - division par 0;
77331;Nanteuil-sur-Marne;2.4;
77332;Nantouillet;326.4;
77333;Nemours;N/A - division par 0;
77335;Chauconin-Neufmontiers;252.4;
77336;Neufmoutiers-en-Brie;80.5;
77337;Noisiel;N/A - division par 0;
77338;Noisy-Rudignon;184.4;
77339;Noisy-sur-École;115.7;
77340;Nonville;49;
77341;Noyen-sur-Seine;293.4;
77342;Obsonville;129.8;
77343;Ocquerre;297.3;
77344;Oissery;166.8;
77345;Orly-sur-Morin;114.4;
77347;Les Ormes-sur-Voulzie;102.8;
77348;Ormesson;222.2;
77349;Othis;117.9;*
77350;Ozoir-la-Ferrière;24.4;
77352;Ozouer-le-Voulgis;107.7;
77353;Paley;129.4;
77354;Pamfou;69.3;
77355;Paroy;54.5;
77356;Passy-sur-Seine;289;
77357;Pécy;150;*
77358;Penchard;205.4;
77359;Perthes;93.7;
77360;Pézarches;97.9;
77361;Pierre-Levée;134.4;
77363;Le Pin;29.2;
77364;Le Plessis-aux-Bois;304.7;
77365;Le Plessis-Feu-Aussoux;107.9;
77366;Le Plessis-l'Évêque;N/A - division par 0;
77367;Le Plessis-Placy;164.9;
77368;Poigny;76.5;
77369;Poincy;14.8;
77370;Poligny;215.1;
77371;Pommeuse;224.6;
77372;Pomponne;40;
77373;Pontault-Combault;193.7;
77374;Pontcarré;N/A - division par 0;
77376;Précy-sur-Marne;N/A - division par 0;
77377;Presles-en-Brie;76.3;
77378;Pringy;115.1;
77379;Provins;163.4;
77380;Puisieux;234.2;
77381;Quiers;176.6;
77382;Quincy-Voisins;96.8;
77383;Rampillon;102.1;
77384;Réau;169.4;
77385;Rebais;177.9;
77386;Recloses;200.1;
77387;Remauville;192.3;
77388;Reuil-en-Brie;78.7;
77389;La Rochette;N/A - division par 0;
77390;Roissy-en-Brie;105.2;
77391;Rouilly;162.6;
77392;Rouvres;142.7;
77393;Rozay-en-Brie;138.3;
77394;Rubelles;137.1;
77395;Rumont;166.2;
77396;Rupéreux;211.3;
77397;Saâcy-sur-Marne;39.8;
77398;Sablonnières;119.2;
77400;Saint-Augustin;33.2;
77401;Sainte-Aulde;57.1;
77402;Saint-Barthélemy;150.3;
77403;Saint-Brice;224.1;
77404;Sainte-Colombe;115.3;
77405;Saint-Cyr-sur-Morin;117;
77406;Saint-Denis-lès-Rebais;94.5;
77407;Saint-Fargeau-Ponthierry;148;
77408;Saint-Fiacre;49.5;
77409;Saint-Germain-Laval;112.6;
77410;Saint-Germain-Laxis;118.9;
77411;Saint-Germain-sous-Doue;119.6;
77412;Saint-Germain-sur-École;43.6;
77413;Saint-Germain-sur-Morin;16.9;
77414;Saint-Hilliers;195.8;
77415;Saint-Jean-les-Deux-Jumeaux;161.4;*
77416;Saint-Just-en-Brie;196;
77417;Saint-Léger;157.7;
77418;Saint-Loup-de-Naud;164.9;
77419;Saint-Mammès;N/A - division par 0;
77420;Saint-Mard;292.5;
77421;Saint-Mars-Vieux-Maisons;113.9;
77423;Saint-Martin-des-Champs;189.4;
77424;Saint-Martin-du-Boschet;147.3;
77425;Saint-Martin-en-Bière;106.4;
77426;Saint-Méry;124.1;
77427;Saint-Mesmes;153.6;
77428;Saint-Ouen-en-Brie;35.2;
77429;Saint-Ouen-sur-Morin;106.8;
77430;Saint-Pathus;6.6;
77431;Saint-Pierre-lès-Nemours;79.9;
77432;Saint-Rémy-la-Vanne;121.1;
77433;Beautheil-Saints;167.8;
77434;Saint-Sauveur-lès-Bray;N/A - division par 0;
77435;Saint-Sauveur-sur-École;55.4;*
77436;Saint-Siméon;74.4;
77437;Saint-Soupplets;186.3;
77438;Saint-Thibault-des-Vignes;122.5;
77439;Salins;182.5;
77440;Sammeron;224.8;
77441;Samois-sur-Seine;22.6;
77442;Samoreau;47.2;
77443;Sancy;94.3;
77444;Sancy-lès-Provins;164.3;
77445;Savigny-le-Temple;1;
77446;Savins;172.8;
77447;Seine-Port;N/A - division par 0;
77448;Sept-Sorts;N/A - division par 0;
77449;Serris;N/A - division par 0;
77450;Servon;53;
77451;Signy-Signets;104.1;
77452;Sigy;333.4;
77453;Sivry-Courtry;192.1;
77454;Sognolles-en-Montois;199.5;
77455;Soignolles-en-Brie;48.9;
77456;Soisy-Bouy;107.6;
77457;Solers;188.2;
77458;Souppes-sur-Loing;135.9;
77459;Sourdun;134.3;
77460;Tancrou;106.4;
77461;Thénisy;251.4;
77462;Thieux;219.7;
77463;Thomery;N/A - division par 0;
77464;Thorigny-sur-Marne;38.2;
77465;Thoury-Férottes;91.9;
77466;Tigeaux;N/A - division par 0;
77467;La Tombe;120;
77468;Torcy;N/A - division par 0;
77469;Touquin;90.4;
77470;Tournan-en-Brie;348.6;*
77471;Tousson;139;
77472;La Trétoire;95;
77473;Treuzy-Levelay;280;
77474;Trilbardou;205.9;
77475;Trilport;154.5;
77476;Trocy-en-Multien;290.9;
77477;Ury;153.5;
77478;Ussy-sur-Marne;171.9;
77479;Vaires-sur-Marne;N/A - division par 0;
77480;Valence-en-Brie;200.2;
77481;Vanvillé;120.3;
77482;Varennes-sur-Seine;270.3;
77483;Varreddes;123.6;
77484;Vaucourtois;79.7;
77485;Le Vaudoué;59.7;
77486;Vaudoy-en-Brie;171.6;
77487;Vaux-le-Pénil;221.4;
77489;Vaux-sur-Lunain;67.5;
77490;Vendrest;242.8;
77492;Verdelot;140.1;
77493;Verneuil-l'Étang;137.5;
77494;Vernou-la-Celle-sur-Seine;127.8;*
77495;Vert-Saint-Denis;222.6;
77496;Vieux-Champagne;94.5;
77498;Vignely;N/A - division par 0;
77500;Villebéon;158.8;
77501;Villecerf;99;
77504;Villemaréchal;117.1;
77505;Villemareuil;107.1;
77506;Villemer;145.8;
77507;Villenauxe-la-Petite;180.7;
77508;Villeneuve-le-Comte;97.8;
77509;Villeneuve-les-Bordes;59.5;
77510;Villeneuve-Saint-Denis;132.2;
77511;Villeneuve-sous-Dammartin;225.8;
77512;Villeneuve-sur-Bellot;49.6;
77513;Villenoy;412.8;*
77514;Villeparisis;167.1;
77515;Villeroy;162.1;
77516;Ville-Saint-Jacques;103.7;
77517;Villevaudé;22.8;
77518;Villiers-en-Bière;156.3;
77519;Villiers-Saint-Georges;141.5;
77520;Villiers-sous-Grez;147.2;
77521;Villiers-sur-Morin;N/A - division par 0;
77522;Villiers-sur-Seine;76.8;
77523;Villuis;231.1;
77524;Vimpelles;146.6;
77525;Vinantes;246.2;
77526;Vincy-Manœuvre;260.7;
77527;Voinsles;156.4;
77528;Voisenon;160.9;
77529;Voulangis;131.8;
77530;Voulton;159.8;
77531;Voulx;200.1;
77532;Vulaines-lès-Provins;197.9;*
77533;Vulaines-sur-Seine;127.2;
77534;Yèbles;322.7;
78003;Ablis;184.2;
78005;Achères;N/A - division par 0;
78006;Adainville;12.2;
78007;Aigremont;3.6;
78009;Allainville;171.6;
78010;Les Alluets-le-Roi;62.2;
78013;Andelu;169.8;*
78015;Andrésy;N/A - division par 0;
78020;Arnouville-lès-Mantes;164.6;
78029;Aubergenville;43;
78030;Auffargis;72.7;
78031;Auffreville-Brasseuil;N/A - division par 0;
78033;Aulnay-sur-Mauldre;447.9;
78034;Auteuil;77.3;
78036;Autouillet;51.4;
78043;Bailly;91;
78048;Bazainville;190.7;
78049;Bazemont;52;*
78050;Bazoches-sur-Guyonne;101.4;*
78053;Béhoust;226.2;
78057;Bennecourt;193.5;
78062;Beynes;101.1;
78068;Blaru;76.2;
78070;Boinville-en-Mantois;234.6;
78071;Boinville-le-Gaillard;140.3;
78072;Boinvilliers;N/A - division par 0;
78073;Bois-d'Arcy;N/A - division par 0;
78076;Boissets;135.8;
78077;La Boissière-École;95.3;
78082;Boissy-Mauvoisin;231.2;
78084;Boissy-sans-Avoir;114.9;
78087;Bonnelles;71.3;
78089;Bonnières-sur-Seine;144.1;
78090;Bouafle;223.8;
78092;Bougival;N/A - division par 0;
78096;Bourdonné;338;
78104;Breuil-Bois-Robert;80;
78107;Bréval;108.5;
78108;Les Bréviaires;132.6;
78113;Brueil-en-Vexin;85.3;
78117;Buc;N/A - division par 0;
78118;Buchelay;92.7;
78120;Bullion;109.9;
78123;Carrières-sous-Poissy;N/A - division par 0;
78124;Carrières-sur-Seine;4.9;
78125;La Celle-les-Bordes;66.9;
78126;La Celle-Saint-Cloud;N/A - division par 0;
78128;Cernay-la-Ville;116.4;
78133;Chambourcy;25;
78138;Chanteloup-les-Vignes;N/A - division par 0;
78140;Chapet;114.8;
78143;Châteaufort;N/A - division par 0;
78146;Chatou;N/A - division par 0;
78147;Chaufour-lès-Bonnières;136.7;
78152;Chavenay;62.1;
78158;Le Chesnay-Rocquencourt;556.4;
78160;Chevreuse;74.3;
78162;Choisel;104.7;
78163;Civry-la-Forêt;81.3;
78164;Clairefontaine-en-Yvelines;N/A - division par 0;
78165;Les Clayes-sous-Bois;122.1;
78168;Coignières;36.5;
78171;Condé-sur-Vesgre;104;
78172;Conflans-Sainte-Honorine;83.6;
78185;Courgent;N/A - division par 0;
78188;Cravent;38.9;
78189;Crespières;102.5;
78190;Croissy-sur-Seine;0;
78192;Dammartin-en-Serve;77.6;
78193;Dampierre-en-Yvelines;155.8;
78194;Dannemarie;110.4;
78196;Davron;69.3;
78202;Drocourt;142.5;
78206;Ecquevilly;140.5;
78208;Élancourt;N/A - division par 0;
78209;Émancé;70.6;
78217;Épône;55.5;*
78220;Les Essarts-le-Roi;165.7;
78224;L'Étang-la-Ville;N/A - division par 0;
78227;Évecquemont;50.1;
78230;La Falaise;163.5;
78231;Favrieux;79.9;*
78233;Feucherolles;29.1;
78234;Flacourt;284.5;
78236;Flexanville;218.9;
78237;Flins-Neuve-Église;N/A - division par 0;
78238;Flins-sur-Seine;29.2;
78239;Follainville-Dennemont;140.6;
78242;Fontenay-le-Fleury;91.1;
78245;Fontenay-Mauvoisin;195.1;
78246;Fontenay-Saint-Père;109.1;*
78255;Freneuse;116.6;
78261;Gaillon-sur-Montcient;203;
78262;Galluis;55.5;
78263;Gambais;110.2;
78264;Gambaiseuil;9.9;
78265;Garancières;115.3;
78267;Gargenville;91.3;
78269;Gazeran;174.5;
78276;Gommecourt;143.4;
78278;Goupillières;231.6;
78281;Goussonville;100;
78283;Grandchamp;118.3;*
78285;Gressey;89.4;
78289;Grosrouvre;40.3;
78290;Guernes;70.2;
78291;Guerville;119.1;
78296;Guitrancourt;215;
78297;Guyancourt;N/A - division par 0;
78299;Hardricourt;N/A - division par 0;
78300;Hargeville;124.1;
78302;La Hauteville;61.1;
78305;Herbeville;6.7;
78307;Hermeray;126.5;
78310;Houdan;257.5;
78311;Houilles;0.8;
78314;Issou;N/A - division par 0;
78317;Jambville;75.6;
78320;Notre-Dame-de-la-Mer;114.7;
78321;Jouars-Pontchartrain;115.3;
78322;Jouy-en-Josas;0.4;
78324;Jouy-Mauvoisin;230.3;
78325;Jumeauville;116.2;
78327;Juziers;243.8;
78329;Lainville-en-Vexin;56.5;
78334;Lévis-Saint-Nom;298.4;*
78335;Limay;26.8;
78337;Limetz-Villez;43.7;
78343;Les Loges-en-Josas;N/A - division par 0;
78344;Lommoye;100.2;
78346;Longnes;124.4;
78349;Longvilliers;84.1;
78350;Louveciennes;116;
78354;Magnanville;102.4;
78356;Magny-les-Hameaux;93.7;
78358;Maisons-Laffitte;16.5;*
78361;Mantes-la-Jolie;N/A - division par 0;
78362;Mantes-la-Ville;N/A - division par 0;
78364;Marcq;385.4;
78366;Mareil-le-Guyon;54.2;
78367;Mareil-Marly;N/A - division par 0;
78368;Mareil-sur-Mauldre;108.5;
78372;Marly-le-Roi;49.6;
78380;Maule;143.2;*
78381;Maulette;99.1;
78382;Maurecourt;310.6;
78383;Maurepas;125;
78384;Médan;5.8;
78385;Ménerville;90.7;
78389;Méré;94.4;
78391;Méricourt;N/A - division par 0;
78396;Le Mesnil-le-Roi;38.9;
78397;Le Mesnil-Saint-Denis;115;*
78398;Les Mesnuls;6.3;
78401;Meulan-en-Yvelines;N/A - division par 0;
78402;Mézières-sur-Seine;125.6;
78403;Mézy-sur-Seine;211.4;
78404;Millemont;N/A - division par 0;
78406;Milon-la-Chapelle;N/A - division par 0;
78407;Mittainville;163.9;
78410;Moisson;N/A - division par 0;
78413;Mondreville;86.1;
78415;Montainville;112.5;
78416;Montalet-le-Bois;67;
78417;Montchauvet;200.7;
78418;Montesson;23.9;
78420;Montfort-l'Amaury;66;
78423;Montigny-le-Bretonneux;N/A - division par 0;
78431;Morainvilliers;94.6;
78437;Mousseaux-sur-Seine;155.3;
78439;Mulcent;223.4;
78440;Les Mureaux;16;
78442;Neauphle-le-Château;N/A - division par 0;
78443;Neauphle-le-Vieux;182.1;
78444;Neauphlette;134.6;
78451;Nézel;56.7;
78455;Noisy-le-Roi;N/A - division par 0;
78460;Oinville-sur-Montcient;190.6;
78464;Orcemont;83.4;
78465;Orgerus;152.1;*
78466;Orgeval;79.5;
78470;Orphin;121.3;
78472;Orsonville;186.6;
78474;Orvilliers;116.2;
78475;Osmoy;65.3;*
78478;Paray-Douaville;230.9;
78481;Le Pecq;N/A - division par 0;
78484;Perdreauville;113.8;
78486;Le Perray-en-Yvelines;112.6;
78490;Plaisir;126.8;
78497;Poigny-la-Forêt;105.9;
78498;Poissy;155.1;
78499;Ponthévrard;273.6;
78501;Porcheville;N/A - division par 0;
78502;Le Port-Marly;N/A - division par 0;
78505;Prunay-le-Temple;120.8;
78506;Prunay-en-Yvelines;179.7;
78513;La Queue-les-Yvelines;65.5;
78516;Raizeux;147.7;
78517;Rambouillet;122.8;
78518;Rennemoulin;55.6;
78520;Richebourg;118.4;
78522;Rochefort-en-Yvelines;N/A - division par 0;
78528;Rolleboise;42;
78530;Rosay;102.8;*
78531;Rosny-sur-Seine;101.8;
78536;Sailly;71.5;
78537;Saint-Arnoult-en-Yvelines;150.9;
78545;Saint-Cyr-l'École;145.2;
78548;Saint-Forget;6.8;
78550;Saint-Germain-de-la-Grange;119.4;
78551;Saint-Germain-en-Laye;16;
78557;Saint-Hilarion;110.1;
78558;Saint-Illiers-la-Ville;137;
78559;Saint-Illiers-le-Bois;151.5;
78561;Saint-Lambert;299;
78562;Saint-Léger-en-Yvelines;0;
78564;Saint-Martin-de-Bréthencourt;108.6;
78565;Saint-Martin-des-Champs;108.6;
78567;Saint-Martin-la-Garenne;N/A - division par 0;
78569;Sainte-Mesme;250.4;
78571;Saint-Nom-la-Bretèche;84.4;
78575;Saint-Rémy-lès-Chevreuse;40.5;
78576;Saint-Rémy-l'Honoré;159.9;
78586;Sartrouville;N/A - division par 0;
78588;Saulx-Marchais;126.1;
78590;Senlisse;5.4;
78591;Septeuil;11.5;
78597;Soindres;199.7;
78601;Sonchamp;95.2;
78605;Tacoignières;144;*
78606;Le Tartre-Gaudran;96.8;
78608;Le Tertre-Saint-Denis;113.3;
78609;Tessancourt-sur-Aubette;74.2;
78615;Thiverval-Grignon;252.3;
78616;Thoiry;135.1;
78618;Tilly;77.4;
78620;Toussus-le-Noble;422.1;
78621;Trappes;0;
78623;Le Tremblay-sur-Mauldre;74.8;
78624;Triel-sur-Seine;9;
78638;Vaux-sur-Seine;N/A - division par 0;
78640;Vélizy-Villacoublay;N/A - division par 0;
78642;Verneuil-sur-Seine;N/A - division par 0;
78643;Vernouillet;152.1;
78644;La Verrière;N/A - division par 0;
78646;Versailles;39.5;
78647;Vert;68.2;
78650;Le Vésinet;N/A - division par 0;
78653;Vicq;132.3;
78655;Vieille-Église-en-Yvelines;97.1;
78668;La Villeneuve-en-Chevrie;135.7;
78672;Villennes-sur-Seine;50.4;
78674;Villepreux;56.9;
78677;Villette;211;
78681;Villiers-le-Mahieu;0;
78683;Villiers-Saint-Frédéric;258.5;
78686;Viroflay;N/A - division par 0;
78688;Voisins-le-Bretonneux;10.5;
79001;L'Absie;58.2;
79002;Adilly;100.9;
79003;Aiffres;138.6;
79005;Airvault;106.2;
79007;Allonne;78.8;
79008;Amailloux;72;
79009;Amuré;151.4;
79010;Arçais;97.1;
79012;Ardin;72.6;
79013;Argentonnay;114.9;
79014;Loretz-d'Argenton;92.7;
79015;Asnières-en-Poitou;100.9;
79016;Assais-les-Jumeaux;120.5;
79018;Aubigné;128.3;
79019;Aubigny;209.4;
79020;Augé;91.3;
79022;Availles-Thouarsais;65.4;
79023;Avon;483.9;
79024;Azay-le-Brûlé;105.5;
79025;Azay-sur-Thouet;70.9;
79029;Beaulieu-sous-Parthenay;75.9;
79030;Beaussais-Vitré;76.3;
79031;Beauvoir-sur-Niort;111.6;
79032;Béceleuf;77.2;
79034;Bessines;103.2;
79038;Boismé;61.8;
79040;La Boissière-en-Gâtine;59.4;
79042;Bougon;155.9;
79046;Le Bourdet;110.6;
79047;Boussais;50.5;
79048;La Crèche;100.5;
79049;Bressuire;71.3;
79050;Bretignolles;71.7;
79055;Brieuil-sur-Chizé;103.8;
79056;Brion-près-Thouet;46.4;
79057;Brioux-sur-Boutonne;152;*
79058;Brûlain;101.1;
79059;Le Busseau;71.1;
79060;Caunay;147;
79061;Celles-sur-Belle;112;
79062;Cerizay;53;
79063;Val en Vignes;114.3;
79064;Fontivillié;96.7;
79066;Champdeniers;65.2;
79069;Chanteloup;67.8;
79070;La Chapelle-Bâton;76.5;
79071;La Chapelle-Bertrand;108.2;
79074;La Chapelle-Pouilloux;62.5;
79076;La Chapelle-Saint-Laurent;76.5;
79077;Beugnon-Thireuil;69.8;
79078;Plaine-d'Argenson;143.9;
79079;Mauléon;63.6;
79080;Châtillon-sur-Thouet;40.7;
79081;Chauray;277.3;
79083;Chef-Boutonne;132.1;
79084;Chenay;61.3;
79085;Chérigné;114.6;
79086;Cherveux;142.7;
79087;Chey;66.4;
79088;Chiché;79.6;
79089;Le Chillou;126.3;
79090;Chizé;60.9;
79091;Cirières;64.6;
79092;Clavé;68.4;
79094;Clessé;54.8;
79095;Clussais-la-Pommeraie;98;
79096;Combrand;48.5;
79100;Coulon;109.5;
79101;Coulonges-sur-l'Autize;106.5;
79102;Coulonges-Thouarsais;128.4;
79103;Courlay;40;
79104;Cours;87.8;
79105;Les Châteliers;91.5;
79106;Couture-d'Argenson;150.1;
79108;Doux;72.6;
79109;Échiré;111.6;
79111;Ensigné;119.1;
79112;Épannes;153.1;
79114;Exireuil;77.8;
79115;Exoudun;121.4;
79116;Faye-l'Abbesse;66.7;
79117;Faye-sur-Ardin;114.8;
79118;Fénery;93.9;
79119;Fenioux;71;
79120;La Ferrière-en-Parthenay;95.8;
79121;Fomperron;122.3;
79122;Fontenille-Saint-Martin-d'Entraigues;155.4;
79123;La Forêt-sur-Sèvre;60.5;
79124;Les Forges;57.4;
79125;Fors;111.1;
79126;Les Fosses;76.4;
79127;La Foye-Monjault;138.9;
79128;François;98.7;
79129;Fressines;90.3;
79130;Frontenay-Rohan-Rohan;112.5;
79131;Geay;81.8;
79132;Genneton;79.7;
79133;Germond-Rouvre;87.5;
79134;Glénay;120.1;
79135;Gourgé;100.1;
79136;Alloinay;94;
79137;Granzay-Gript;101.4;
79139;Les Groseillers;58.3;
79140;Valdelaume;103.1;
79141;Irais;139.7;
79142;Juillé;53.7;
79144;Juscorps;65;
79145;Lageon;113.3;
79147;Largeasse;82.4;
79148;Lezay;104.8;
79149;Lhoumois;106.9;
79150;Limalonges;87.2;
79152;Lorigné;85.2;
79153;Loubigné;92.8;
79154;Loubillé;93;
79156;Louin;108.1;
79157;Louzy;128.7;
79158;Luché-sur-Brioux;177.6;
79159;Luché-Thouarsais;78.6;
79160;Lusseray;169;
79161;Luzay;113.4;
79162;Magné;100.3;
79163;Mairé-Levescault;115.1;
79164;Maisonnay;97.4;
79165;Maisontiers;78.9;
79166;Marigny;104.8;
79167;Marnes;123;
79170;Mauzé-sur-le-Mignon;172.6;
79172;Mazières-en-Gâtine;62.5;
79174;Melle;78.5;
79175;Melleran;76.2;
79176;Ménigoute;85.9;
79177;Messé;78.4;
79179;Moncoutant-sur-Sèvre;60;
79180;Montalembert;58.8;
79183;Montravers;51.8;
79184;La Mothe-Saint-Héray;95.2;
79185;Aigondigné;125.2;
79189;Nanteuil;98;
79190;Neuvy-Bouin;51.6;
79191;Niort;86.4;
79195;Nueil-les-Aubiers;68.5;
79196;Plaine-et-Vallées;127.4;
79197;Oroux;42.1;
79198;Paizay-le-Chapt;121.6;
79200;Pamplie;80.3;
79201;Pamproux;102.8;
79202;Parthenay;9.9;
79203;Pas-de-Jeu;139.4;
79204;Périgné;86.5;
79205;Pers;180.3;
79207;La Petite-Boissière;77.2;
79208;La Peyratte;85.5;
79209;Pierrefitte;87.6;
79210;Le Pin;38.7;
79212;Pliboux;153.4;
79213;Pompaire;69.3;
79215;Pougne-Hérisson;95.7;
79216;Prahecq;93.4;
79217;Prailles-La Couarde;80.7;
79218;Pressigny;94.4;
79220;Prin-Deyrançon;138.4;
79223;Puihardy;N/A - division par 0;
79225;Reffannes;111.8;
79226;Le Retail;98.2;
79229;La Rochénard;123.9;
79230;Rom;100.9;
79231;Romans;135.4;
79235;Saint-Amand-sur-Sèvre;68.3;
79236;Saint-André-sur-Sèvre;48.1;
79238;Saint-Aubin-du-Plain;88.4;
79239;Saint-Aubin-le-Cloud;74.3;
79241;Saint-Christophe-sur-Roc;117.6;
79242;Voulmentin;75.4;
79243;Saint-Coutant;77.9;
79244;Saint-Cyr-la-Lande;99.4;
79246;Sainte-Eanne;75.1;
79249;Saint-Gelais;123.1;
79250;Sainte-Gemme;98.3;
79251;Marcillé;112.5;
79252;Saint-Généroux;142.2;
79253;Saint-Georges-de-Noisné;83.8;
79254;Saint-Georges-de-Rex;94.9;
79255;Saint-Germain-de-Longue-Chaume;79.9;
79256;Saint-Germier;66.6;
79257;Saint-Hilaire-la-Palud;125;
79258;Saint-Jacques-de-Thouars;196;
79259;Saint-Jean-de-Thouars;131.8;
79263;Saint-Laurs;82;
79265;Saint-Léger-de-Montbrun;77.2;
79267;Saint-Lin;82.8;
79268;Saint-Loup-Lamairé;70.8;
79269;Saint-Maixent-de-Beugné;119.6;
79270;Saint-Maixent-l'École;N/A - division par 0;
79271;Saint-Marc-la-Lande;98;
79273;Saint-Martin-de-Bernegoue;105.6;
79274;Saint-Martin-de-Mâcon;113.1;
79276;Saint-Martin-de-Saint-Maixent;120.6;
79277;Saint-Martin-de-Sanzay;77.4;
79278;Saint-Martin-du-Fouilloux;88;
79280;Saint Maurice Étusson;104.1;
79281;Saint-Maxire;155.7;
79283;Sainte-Néomaye;44.8;
79284;Sainte-Ouenne;79;
79285;Saint-Pardoux-Soutiers;59.1;
79286;Saint-Paul-en-Gâtine;62.6;
79289;Saint-Pierre-des-Échaubrognes;79.4;
79290;Saint-Pompain;81.3;
79293;Saint-Rémy;183.6;
79294;Saint-Romans-des-Champs;115.4;
79295;Saint-Romans-lès-Melle;84.1;
79297;Sainte-Soline;82.9;
79298;Saint-Symphorien;230.4;
79299;Saint-Varent;114.3;
79300;Sainte-Verge;265.4;
79301;Saint-Vincent-la-Châtre;70;
79302;Saivres;100.5;
79303;Salles;176.5;
79304;Sansais;60.9;
79306;Saurais;78.6;
79307;Sauzé-Vaussais;81.1;
79308;Sciecq;153;
79309;Scillé;70.2;
79310;Secondigné-sur-Belle;110.3;
79311;Secondigny;58.3;
79312;Séligné;145.7;
79313;Sepvret;94.3;
79316;Soudan;128.6;
79319;Souvigné;80.4;
79320;Surin;79.7;
79322;Le Tallud;59.3;
79326;Thénezay;97.7;
79329;Thouars;145;
79331;Tourtenay;129.5;
79332;Trayes;79;
79334;Val-du-Mignon;134.2;
79335;Vallans;269.3;
79336;Vançais;118.7;
79337;Le Vanneau-Irleau;108.5;
79338;Vanzay;132;
79339;Vasles;71.1;
79340;Vausseroux;108.1;
79341;Vautebis;132.7;
79342;Vernoux-en-Gâtine;65.1;
79343;Vernoux-sur-Boutonne;228.3;
79345;Verruyes;67;
79346;Le Vert;84.2;*
79347;Viennay;82.6;
79348;Villefollet;104.9;
79349;Villemain;147.9;
79350;Villiers-en-Bois;129.2;
79351;Villiers-en-Plaine;126.1;
79352;Villiers-sur-Chizé;114.8;
79354;Vouhé;55.5;
79355;Vouillé;116.7;
79357;Xaintray;148;
80001;Abbeville;95.9;
80002;Ablaincourt-Pressoir;71.3;
80003;Acheux-en-Amiénois;95.7;
80004;Acheux-en-Vimeu;68.1;
80005;Agenville;63.8;
80006;Agenvillers;91;
80008;Aigneville;59.9;
80009;Ailly-le-Haut-Clocher;142.6;
80010;Ailly-sur-Noye;143.1;
80011;Ailly-sur-Somme;119.1;
80013;Airaines;110.1;
80014;Aizecourt-le-Bas;102.6;
80015;Aizecourt-le-Haut;113.9;
80016;Albert;122.8;
80017;Allaines;104.4;
80018;Allenay;31.8;
80019;Allery;135.3;*
80020;Allonville;165.9;
80021;Amiens;62.9;
80022;Andainville;63;
80023;Andechy;59.2;
80024;Argœuves;81.4;
80025;Argoules;85.6;
80026;Arguel;30.6;
80027;Armancourt;125.9;
80028;Arquèves;74.3;
80029;Arrest;134.1;
80030;Arry;208.3;
80031;Arvillers;119.9;
80032;Assainvillers;159.4;
80033;Assevillers;118.2;
80034;Athies;96.7;*
80035;Aubercourt;76.7;
80036;Aubigny;178.6;
80037;Aubvillers;109.6;
80038;Auchonvillers;184.1;
80039;Ault;68;
80040;Aumâtre;79.7;
80041;Aumont;90.1;
80042;Autheux;190.4;
80043;Authie;129.4;
80044;Authieule;97.3;
80045;Authuille;47.8;
80046;Avelesges;105.1;
80047;Aveluy;137.2;
80048;Avesnes-Chaussoy;56.9;
80049;Ayencourt;283.9;
80050;Bacouel-sur-Selle;94.3;
80051;Bailleul;92.2;
80052;Baizieux;100.6;
80053;Balâtre;75.9;
80054;Barleux;98.6;
80055;Barly;112;
80056;Bavelincourt;32.9;
80057;Bayencourt;2.1;*
80058;Bayonvillers;82.1;
80059;Bazentin;145.8;
80060;Béalcourt;90.5;
80061;Beaucamps-le-Jeune;30;
80062;Beaucamps-le-Vieux;94.9;
80063;Beauchamps;70.2;
80064;Beaucourt-en-Santerre;164.3;
80065;Beaucourt-sur-l'Ancre;59.7;
80066;Beaucourt-sur-l'Hallue;123.2;
80067;Beaufort-en-Santerre;194.4;*
80068;Beaumetz;63.2;
80069;Beaumont-Hamel;136.4;
80070;Beauquesne;93.4;
80071;Beauval;112;
80073;Bécordel-Bécourt;100.8;
80074;Becquigny;190.8;
80076;Béhen;39.1;
80077;Béhencourt;122.2;
80078;Bellancourt;26;
80079;Belleuse;135.3;
80080;Belloy-en-Santerre;87.9;
80081;Belloy-Saint-Léonard;98.2;
80082;Belloy-sur-Somme;96.3;
80083;Bergicourt;60.3;
80084;Bermesnil;48.6;
80085;Bernâtre;142;
80086;Bernaville;104.1;
80087;Bernay-en-Ponthieu;117.1;
80088;Bernes;107.6;
80089;Berneuil;117.8;
80090;Berny-en-Santerre;155.6;
80092;Bertangles;136.4;
80093;Berteaucourt-les-Dames;103.8;
80094;Berteaucourt-lès-Thennes;225.8;
80095;Bertrancourt;44;
80096;Béthencourt-sur-Mer;76.9;
80097;Béthencourt-sur-Somme;159.4;
80098;Bettembos;6.1;*
80099;Bettencourt-Rivière;136.8;
80100;Bettencourt-Saint-Ouen;161.9;
80101;Beuvraignes;156.9;
80102;Biaches;75.9;
80103;Biarre;77.5;
80104;Biencourt;42.2;
80105;Billancourt;85.5;
80106;Blangy-sous-Poix;165.2;
80107;Blangy-Tronville;127.6;
80108;Boisbergues;50.4;
80109;Le Boisle;102.8;
80110;Boismont;73.2;
80112;Bonnay;170.7;
80113;Bonneville;102.5;
80114;Bosquel;113.1;
80115;Bouchavesnes-Bergen;125.6;
80116;Bouchoir;207.6;*
80117;Bouchon;139.3;
80118;Boufflers;46.9;
80119;Bougainville;77.3;
80120;Bouillancourt-en-Séry;85.1;
80121;Bouillancourt-la-Bataille;153.9;
80122;Bouquemaison;91.4;
80123;Bourdon;3.2;
80124;Bourseville;81.4;
80125;Boussicourt;120.3;
80126;Bouttencourt;68.8;
80127;Bouvaincourt-sur-Bresle;287.1;
80128;Bouvincourt-en-Vermandois;280.1;
80129;Bouzincourt;78.8;
80130;Bovelles;82.9;
80131;Boves;106.9;
80132;Braches;103.4;
80133;Brailly-Cornehotte;55;
80134;Brassy;166;
80135;Bray-lès-Mareuil;23.3;
80136;Bray-sur-Somme;193;
80137;Breilly;50.1;
80138;Bresle;43.3;
80139;Breuil;102.8;
80140;Brévillers;3.3;*
80141;Brie;146.4;
80142;Briquemesnil-Floxicourt;114.9;
80143;Brocourt;95.4;
80144;Brouchy;107.4;
80145;Brucamps;146;
80146;Brutelles;102.1;
80147;Buigny-l'Abbé;94;
80148;Buigny-lès-Gamaches;104.2;
80149;Buigny-Saint-Maclou;167;
80150;Buire-Courcelles;142.2;
80151;Buire-sur-l'Ancre;134;
80152;Bus-la-Mésière;114.3;
80153;Bus-lès-Artois;98.2;
80154;Bussu;104.6;
80155;Bussus-Bussuel;173.4;
80156;Bussy-lès-Daours;53.7;
80157;Bussy-lès-Poix;128.5;
80158;Buverchy;N/A - division par 0;
80159;Cachy;125.6;
80160;Cagny;77.4;
80161;Cahon;116.7;
80162;Caix;122.4;
80163;Cambron;90.1;
80164;Camon;78.3;
80165;Camps-en-Amiénois;91.8;
80166;Canaples;107.3;
80167;Canchy;128.7;
80168;Candas;105.5;
80169;Cannessières;81.3;
80170;Cantigny;154.4;
80171;Caours;248.1;
80172;Cappy;82;
80173;Cardonnette;122.3;
80174;Le Cardonnois;254.3;
80176;Carrépuis;N/A - division par 0;
80177;Cartigny;141.9;
80179;Caulières;122;
80180;Cavillon;95.6;
80181;Cayeux-en-Santerre;242.7;
80182;Cayeux-sur-Mer;191.9;
80183;Cerisy-Buleux;110.7;
80184;Cerisy;105.5;
80185;Champien;149.2;
80186;Chaulnes;159.4;
80187;La Chaussée-Tirancourt;118.9;
80188;Chaussoy-Epagny;117.9;
80189;La Chavatte;40.4;
80190;Chépy;91.9;
80191;Chilly;81.8;
80192;Chipilly;184.9;
80193;Chirmont;147.7;
80194;Chuignes;125;
80195;Chuignolles;231.8;
80196;Citerne;46.8;
80197;Cizancourt;114;
80198;Clairy-Saulchoix;191.4;
80199;Cléry-sur-Somme;100.9;
80200;Cocquerel;109.6;
80201;Coigneux;163.5;*
80202;Coisy;46.7;
80203;Colincamps;91.3;
80204;Combles;156.6;
80205;Condé-Folie;111.4;*
80206;Contalmaison;88.8;
80207;Contay;95.2;
80208;Conteville;174.7;
80210;Contre;163.5;
80211;Conty;111.3;
80212;Corbie;156.7;
80213;Cottenchy;94.7;
80214;Coullemelle;110.5;
80215;Coulonvillers;82.5;
80216;Courcelette;97.1;
80217;Courcelles-au-Bois;142.8;
80218;Courcelles-sous-Moyencourt;150;
80219;Courcelles-sous-Thoix;48.4;
80220;Courtemanche;224.3;
80221;Cramont;74.4;
80222;Crécy-en-Ponthieu;77.4;
80223;Crémery;51.2;
80224;Cressy-Omencourt;113.3;
80225;Creuse;N/A - division par 0;
80226;Croix-Moligneaux;115.5;
80227;Croixrault;90.4;
80228;Le Crotoy;217.4;
80229;Crouy-Saint-Pierre;104.1;
80230;Curchy;138.9;
80231;Curlu;140.3;
80232;Damery;98.6;
80233;Dancourt-Popincourt;102.9;
80234;Daours;72.9;
80235;Dargnies;78.1;
80236;Davenescourt;97.6;
80237;Démuin;92.3;
80238;Dernancourt;90.4;
80239;Devise;124.3;
80240;Doingt;141.2;
80241;Domart-en-Ponthieu;114.8;
80242;Domart-sur-la-Luce;104.7;
80243;Domesmont;74.4;
80244;Dominois;79.1;
80245;Domléger-Longvillers;119.8;
80246;Dommartin;134.6;
80247;Dompierre-Becquincourt;118.1;
80248;Dompierre-sur-Authie;85.5;
80249;Domqueur;74.7;
80250;Domvast;160.2;
80251;Doudelainville;145.4;
80252;Douilly;205.8;
80253;Doullens;78;
80256;Dreuil-lès-Amiens;N/A - division par 0;
80258;Driencourt;72;
80259;Dromesnil;49.2;
80260;Drucat;62.3;
80261;Dury;118.7;
80262;Eaucourt-sur-Somme;66.9;
80263;L'Échelle-Saint-Aurin;82.7;
80264;Éclusier-Vaux;N/A - division par 0;
80265;Embreville;46.4;
80266;Englebelmer;30.9;
80267;Ennemain;142.6;
80268;Épagne-Épagnette;69.8;
80269;Épaumesnil;114.6;
80270;Épécamps;276.4;
80271;Épehy;108.1;
80272;Épénancourt;N/A - division par 0;
80273;Éplessier;158.9;
80274;Eppeville;44.1;
80275;Équancourt;60.1;
80276;Équennes-Éramecourt;110.2;
80278;Erches;69.4;
80279;Ercheu;80.5;
80280;Ercourt;74.3;
80281;Ergnies;96.9;
80282;Érondelle;44.3;
80283;Esclainvillers;29.1;
80284;Esmery-Hallon;126.6;
80285;Essertaux;117.3;
80287;Estrébœuf;265.4;
80288;Estrées-Deniécourt;160;
80290;Estrées-lès-Crécy;108.9;
80291;Estrées-sur-Noye;95.2;
80292;Étalon;117.9;
80293;Ételfay;60.7;
80294;Éterpigny;58.1;
80295;Étinehem-Méricourt;88.1;
80296;L'Étoile;96.4;
80297;Étréjust;55.4;
80298;Étricourt-Manancourt;56.6;
80299;La Faloise;126.4;
80300;Falvy;135.8;
80301;Famechon;108.7;
80302;Faverolles;93.3;
80303;Favières;103.7;
80304;Fay;143.1;
80305;Ferrières;1.6;
80306;Fescamps;111.6;
80307;Feuillères;114.9;
80308;Feuquières-en-Vimeu;112.1;
80310;Fienvillers;83.9;
80311;Fignières;82.6;
80312;Fins;59;
80313;Flaucourt;167.2;
80314;Flers;100.6;
80315;Flers-sur-Noye;89.9;
80316;Flesselles;123.3;
80317;Fleury;122.6;
80318;Flixecourt;94.8;*
80319;Fluy;52;
80320;Folies;61;
80321;Folleville;N/A - division par 0;
80322;Fonches-Fonchette;168;
80324;Fontaine-le-Sec;74.9;
80325;Fontaine-lès-Cappy;112.2;
80326;Fontaine-sous-Montdidier;77.6;
80327;Fontaine-sur-Maye;185.3;
80328;Fontaine-sur-Somme;62.4;
80329;Forceville;125.3;
80330;Forceville-en-Vimeu;45.9;
80331;Forest-l'Abbaye;40.1;
80332;Forest-Montiers;142.3;
80333;Fort-Mahon-Plage;N/A - division par 0;
80334;Fossemanant;N/A - division par 0;
80335;Foucaucourt-en-Santerre;97.4;
80336;Foucaucourt-Hors-Nesle;128.6;
80337;Fouencamps;112.9;
80338;Fouilloy;94.9;
80339;Fouquescourt;82.3;
80340;Fourcigny;40.8;
80341;Fourdrinoy;64.8;
80342;Framerville-Rainecourt;104.3;
80343;Framicourt;48.4;
80344;Francières;85.2;
80345;Franleu;80.6;
80346;Franqueville;N/A - division par 0;
80347;Fransart;108.5;
80348;Fransu;159.9;
80349;Fransures;144.4;
80350;Franvillers;126.8;
80351;Fréchencourt;109.7;
80352;Frémontiers;30.5;
80353;Fresnes-Mazancourt;103.2;
80354;Fresnes-Tilloloy;31.8;
80355;Fresneville;108.3;
80356;Fresnoy-Andainville;97.8;
80357;Fresnoy-au-Val;73.2;
80358;Fresnoy-en-Chaussée;104.6;
80359;Fresnoy-lès-Roye;208.6;
80360;Fressenneville;100.6;
80361;Frettecuisse;104.8;
80362;Frettemeule;45.1;
80364;Friaucourt;99.3;
80365;Fricamps;66.1;
80366;Fricourt;89.3;
80367;Frise;85.8;
80368;Friville-Escarbotin;64.6;
80369;Frohen-sur-Authie;38.8;
80371;Froyelles;145.6;
80372;Frucourt;83.4;
80373;Gamaches;32.6;*
80374;Gapennes;110.6;
80375;Gauville;71.4;
80376;Gentelles;67.4;
80377;Gézaincourt;113;
80378;Ginchy;51.5;
80379;Glisy;60.8;
80380;Gorenflos;98.2;
80381;Gorges;98.6;*
80383;Goyencourt;104.6;
80384;Grandcourt;134.9;
80385;Grand-Laviers;89.3;
80386;Gratibus;39.8;
80387;Grattepanche;46.6;
80388;Grébault-Mesnil;75.3;
80390;Grivesnes;162.3;
80391;Grivillers;115.3;
80392;Grouches-Luchuel;83.7;
80393;Gruny;146.1;*
80395;Guerbigny;138.8;
80396;Gueschart;94.7;
80397;Gueudecourt;113.8;
80399;Guignemicourt;137.4;
80400;Guillaucourt;113.2;
80401;Guillemont;58.8;
80402;Guizancourt;119.5;
80403;Guyencourt-sur-Noye;14.8;
80404;Guyencourt-Saulcourt;81.6;
80405;Hailles;90.7;
80406;Hallencourt;99.9;
80407;Hallivillers;73.6;
80408;Halloy-lès-Pernois;111.7;
80409;Hallu;133.3;
80410;Ham;199.8;
80411;Le Hamel;85.9;
80412;Hamelet;60.9;
80413;Hancourt;93.7;
80414;Hangard;103.8;
80415;Hangest-en-Santerre;152;
80416;Hangest-sur-Somme;64.1;
80417;Harbonnières;108.1;
80418;Hardecourt-aux-Bois;125.7;
80420;Harponville;78.4;
80421;Hattencourt;222.9;
80422;Hautvillers-Ouville;91.3;
80423;Havernas;144;
80424;Hébécourt;327.3;
80425;Hédauville;65;
80426;Heilly;193.8;
80427;Hem-Hardinval;113.2;
80428;Hem-Monacu;172;
80429;Hénencourt;148.7;
80430;Herbécourt;218.3;
80431;Hérissart;69.1;
80432;Herleville;171.1;
80433;Herly;127.5;
80434;Hervilly;149.8;
80435;Hesbécourt;162.7;
80436;Hescamps;108.8;
80437;Heucourt-Croquoison;88.8;
80438;Heudicourt;103.7;
80439;Heuzecourt;177;*
80440;Hiermont;121.8;
80442;Hombleux;95.7;
80443;Hornoy-le-Bourg;124.8;
80444;Huchenneville;88.7;
80445;Humbercourt;44.6;
80446;Huppy;54.1;
80449;Ignaucourt;133.9;
80450;Inval-Boiron;47.5;
80451;Irles;84.7;
80452;Jumel;161.7;
80453;Laboissière-en-Santerre;77;
80455;Lachapelle;N/A - division par 0;
80456;Lafresguimont-Saint-Martin;111.7;
80458;Lahoussoye;156.2;
80459;Laleu;196.8;
80460;Lamaronde;150.1;
80461;Lamotte-Brebière;103.8;
80462;Lamotte-Buleux;132.2;
80463;Lamotte-Warfusée;81.6;
80464;Lanchères;58.2;
80465;Languevoisin-Quiquery;50;
80466;Lanches-Saint-Hilaire;N/A - division par 0;
80467;Laucourt;181.2;
80468;Laviéville;143.9;
80469;Lawarde-Mauger-l'Hortoy;85.8;
80470;Léalvillers;121.9;
80472;Lesbœufs;153.8;
80473;Liancourt-Fosse;89.1;
80474;Licourt;82.4;
80475;Liéramont;133;
80476;Liercourt;79.8;
80477;Ligescourt;85.7;
80478;Lignières;64.3;
80479;Lignières-Châtelain;136.7;
80480;Lignières-en-Vimeu;167.6;
80481;Lihons;109.5;
80482;Limeux;48.8;
80484;Liomer;N/A - division par 0;
80485;Ô-de-Selle;100.4;
80486;Long;194.9;
80487;Longavesnes;170.1;
80488;Longpré-les-Corps-Saints;96.8;
80489;Longueau;N/A - division par 0;
80490;Longueval;50.6;
80491;Longuevillette;71.8;
80493;Louvencourt;103.4;
80494;Louvrechy;85.3;
80495;Lucheux;70.8;
80496;Machiel;75.7;
80497;Machy;114;
80498;Mailly-Maillet;66.5;
80499;Mailly-Raineval;146.7;
80500;Maisnières;55.8;
80501;Maison-Ponthieu;89.4;
80502;Maison-Roland;101.9;
80503;Maizicourt;162.5;
80504;Malpart;79.7;
80505;Carnoy-Mametz;119.6;
80507;Marcelcave;107.9;
80508;Marché-Allouarde;259.2;
80509;Marchélepot-Misery;175;
80511;Marestmontiers;101.1;
80512;Mareuil-Caubert;180.9;
80513;Maricourt;48;
80514;Marieux;90;
80515;Marlers;71.9;
80516;Marquaix;69.2;
80517;Marquivillers;86.1;
80518;Martainneville;66.9;
80519;Matigny;110.5;
80520;Maucourt;169.7;
80521;Maurepas;132.9;
80522;Le Mazis;50.3;
80523;Méaulte;76.8;
80524;Méharicourt;70.2;
80525;Meigneux;142.2;
80526;Le Meillard;100.5;
80527;Méneslies;60.7;
80528;Méréaucourt;36.5;
80529;Mérélessart;51.2;
80530;Méricourt-l'Abbé;68.6;
80531;Méricourt-en-Vimeu;45.8;
80533;Mers-les-Bains;215.3;
80535;Le Mesge;159.5;
80536;Mesnil-Bruntel;73.4;
80537;Mesnil-Domqueur;81.8;
80538;Mesnil-en-Arrouaise;4;
80540;Mesnil-Martinsart;122.6;
80541;Mesnil-Saint-Georges;175.1;
80542;Mesnil-Saint-Nicaise;140.6;
80543;Métigny;62;
80544;Mézerolles;47.2;
80545;Mézières-en-Santerre;89.3;
80546;Miannay;78.2;
80547;Millencourt;61.2;
80548;Millencourt-en-Ponthieu;103.2;
80549;Miraumont;88.5;
80550;Mirvaux;39.2;
80552;Moislains;150.8;
80553;Molliens-au-Bois;57.2;
80554;Molliens-Dreuil;66.7;
80555;Monchy-Lagache;107.5;
80556;Mons-Boubert;106.8;
80557;Estrées-Mons;86.1;
80558;Monsures;105.9;
80559;Montagne-Fayel;138.1;
80560;Montauban-de-Picardie;63.8;
80561;Montdidier;115;
80562;Montigny-sur-l'Hallue;114.1;
80563;Montigny-les-Jongleurs;160.2;
80565;Montonvillers;112;
80566;Fieffes-Montrelet;94.3;
80568;Morchain;141.9;
80569;Morcourt;89.8;
80570;Moreuil;97.2;
80571;Morisel;96.6;
80572;Morlancourt;107;
80573;Morvillers-Saint-Saturnin;77.7;
80574;Mouflers;92.3;*
80575;Mouflières;109.1;
80576;Moyencourt;71.9;
80577;Moyencourt-lès-Poix;165.8;
80578;Moyenneville;94.5;
80579;Muille-Villette;138.5;
80580;Nampont;97.5;
80582;Namps-Maisnil;104;
80583;Nampty;132.5;
80584;Naours;67.5;
80585;Nesle;51.4;
80586;Nesle-l'Hôpital;104.6;
80587;Neslette;N/A - division par 0;
80588;Neufmoulin;55.7;
80589;Neuilly-le-Dien;117.8;
80590;Neuilly-l'Hôpital;112.9;
80591;Neuville-au-Bois;53.4;
80592;Neuville-Coppegueule;155;
80593;La Neuville-lès-Bray;175.6;
80595;La Neuville-Sire-Bernard;296.6;
80596;Neuvillette;79.9;
80597;Nibas;58.9;
80598;Nouvion;154.1;
80599;Noyelles-en-Chaussée;108.4;
80600;Noyelles-sur-Mer;210.4;
80601;Nurlu;67.7;
80602;Occoches;85.9;*
80603;Ochancourt;112.1;
80604;Offignies;114.3;
80605;Offoy;135.9;*
80606;Oisemont;71.4;*
80607;Oissy;53.3;
80609;Oneux;103.2;
80611;Oresmaux;86.6;
80613;Oust-Marest;33.3;
80614;Outrebois;88.6;
80615;Ovillers-la-Boisselle;159.9;
80616;Pargny;359.1;
80617;Parvillers-le-Quesnoy;185.8;
80618;Pendé;61.1;
80619;Pernois;136.1;
80620;Péronne;134.7;
80621;Hypercourt;125.5;
80622;Picquigny;79.1;
80623;Piennes-Onvillers;106.2;
80624;Pierregot;47.7;*
80625;Trois-Rivières;78.7;
80626;Pissy;109;
80627;Plachy-Buyon;170.7;
80628;Le Plessier-Rozainvillers;112.3;
80629;Pœuilly;40.8;
80630;Poix-de-Picardie;20.4;
80631;Ponches-Estruval;135.2;
80632;Pont-de-Metz;57;
80633;Ponthoile;54.1;
80634;Pont-Noyelles;61.1;
80635;Pont-Remy;124.8;
80637;Port-le-Grand;205.9;
80638;Potte;N/A - division par 0;
80639;Poulainville;154.7;
80640;Pozières;64.1;
80642;Prouville;96.9;
80643;Prouzel;161.6;
80644;Proyart;97.5;
80645;Puchevillers;66.8;
80646;Punchy;123.6;
80647;Puzeaux;148.5;
80648;Pys;271.3;
80649;Quend;119.2;
80650;Querrieu;95.2;
80651;Le Quesne;68;
80652;Le Quesnel;91.7;
80654;Quesnoy-le-Montant;101.3;
80655;Quesnoy-sur-Airaines;90.4;
80656;Quevauvillers;86.9;
80657;Quiry-le-Sec;135;
80658;Quivières;136;*
80659;Raincheval;89;
80661;Rainneville;86.5;
80662;Ramburelles;57.8;
80663;Rambures;97.8;
80664;Rancourt;84.5;
80665;Regnière-Écluse;136.8;
80666;Remaisnil;N/A - division par 0;
80667;Remaugies;32.1;
80668;Remiencourt;80.3;
80669;Rethonvillers;127.2;
80670;Revelles;147.9;
80671;Ribeaucourt;178.6;
80672;Ribemont-sur-Ancre;115.8;
80673;Riencourt;41.1;
80674;Rivery;58;
80675;Rogy;101.3;
80676;Roiglise;184.1;
80677;Roisel;290.4;
80678;Rollot;156.7;
80679;Ronssoy;103.8;
80680;Rosières-en-Santerre;59.4;
80681;Rouvrel;102.7;
80682;Rouvroy-en-Santerre;110.6;
80683;Rouy-le-Grand;85.6;
80684;Rouy-le-Petit;78.3;
80685;Roye;149.6;
80686;Rubempré;148.4;
80687;Rubescourt;141.7;
80688;Rue;62.2;
80690;Rumigny;67.7;
80691;Saigneville;68.7;
80692;Sailly-Flibeaucourt;117.8;
80693;Sailly-Laurette;120.1;
80694;Sailly-le-Sec;71.4;
80695;Sailly-Saillisel;121;
80696;Sains-en-Amiénois;119.1;
80697;Saint-Acheul;155.3;
80698;Saint-Aubin-Montenoy;110.1;
80699;Saint-Aubin-Rivière;249.1;
80700;Saint-Blimont;55.6;
80701;Saint-Christ-Briost;24;
80702;Saint-Fuscien;75.3;
80703;Saint-Germain-sur-Bresle;38.5;
80704;Saint-Gratien;69.9;
80705;Saint-Léger-lès-Authie;68.7;
80706;Saint-Léger-lès-Domart;80.8;
80707;Saint-Léger-sur-Bresle;N/A - division par 0;
80708;Saint-Mard;174;
80709;Saint-Maulvis;109.9;
80710;Saint-Maxent;40;
80711;Saint-Ouen;N/A - division par 0;
80713;Saint-Quentin-en-Tourmont;104;
80714;Saint-Quentin-la-Motte-Croix-au-Bailly;111.5;
80716;Saint-Riquier;146.3;
80717;Saint-Sauflieu;103.9;
80718;Saint-Sauveur;50.4;
80719;Sainte-Segrée;83.6;
80721;Saint-Valery-sur-Somme;25.8;
80722;Saint-Vaast-en-Chaussée;95;
80723;Saisseval;89.2;
80724;Saleux;134.5;
80725;Salouël;48.2;
80726;Sancourt;94.4;
80728;Saulchoy-sous-Poix;2;
80729;Sauvillers-Mongival;207;
80730;Saveuse;78.5;
80732;Senarpont;77.3;
80733;Senlis-le-Sec;61;
80734;Sentelie;84.9;
80735;Seux;102.5;
80736;Sorel-en-Vimeu;70.5;
80737;Sorel;95;
80738;Soues;85.2;
80740;Sourdon;99.6;
80741;Soyécourt;82.1;
80742;Surcamps;94.2;
80743;Suzanne;150.5;
80744;Tailly;49.6;
80746;Talmas;97.7;
80747;Templeux-la-Fosse;285.9;
80748;Templeux-le-Guérard;163;
80749;Terramesnil;114.7;
80750;Tertry;108.2;
80751;Thennes;135.2;
80752;Thézy-Glimont;84;
80753;Thiepval;236.3;
80754;Thieulloy-l'Abbaye;129.5;
80755;Thieulloy-la-Ville;67.2;
80756;Thièvres;137.8;
80757;Thoix;92.1;
80758;Thory;131.2;
80759;Tilloloy;158.1;
80760;Tilloy-Floriville;62.2;
80762;Tincourt-Boucly;102.2;
80763;Le Titre;102.2;
80764;Tœufles;62.6;
80765;Tours-en-Vimeu;81.5;
80766;Toutencourt;77;
80767;Le Translay;97.1;
80769;Treux;N/A - division par 0;
80770;Tully;65.6;
80771;Ugny-l'Équipée;50;
80773;Vadencourt;38.5;*
80774;Vaire-sous-Corbie;98.8;
80775;Valines;81.5;
80776;Varennes;47.3;
80777;Vauchelles-lès-Authie;81.2;
80778;Vauchelles-lès-Domart;75.6;
80779;Vauchelles-les-Quesnoy;57;
80780;Vaudricourt;131.5;
80781;Vauvillers;83.7;
80782;Vaux-en-Amiénois;81.2;
80783;Vaux-Marquenneville;67.5;
80784;Vaux-sur-Somme;83.8;
80785;Vecquemont;97.7;
80786;Velennes;48.7;
80787;Vercourt;41.3;
80788;Vergies;87.9;
80789;Vermandovillers;115;
80790;Verpillières;154.1;
80791;Vers-sur-Selle;129.7;
80792;La Vicogne;110.1;
80793;Vignacourt;103.7;
80794;Villecourt;32.3;
80795;Ville-le-Marclet;155.5;
80796;Villeroy;58.8;
80797;Villers-aux-Érables;158.6;
80798;Villers-Bocage;131.5;
80799;Villers-Bretonneux;153.2;
80800;Villers-Campsart;148.3;
80801;Villers-Carbonnel;88;
80802;Villers-Faucon;118.8;
80803;Villers-lès-Roye;31.1;
80804;Villers-sous-Ailly;N/A - division par 0;
80805;Villers-Tournelle;105.6;
80806;Villers-sur-Authie;121.6;
80807;Ville-sur-Ancre;53.5;
80808;Vironchaux;119;
80809;Vismes;81.9;
80810;Vitz-sur-Authie;148.9;
80811;Voyennes;68.5;
80812;Vraignes-en-Vermandois;88.6;
80813;Vraignes-lès-Hornoy;20.6;
80814;Vrély;181.4;
80815;Vron;112.1;
80819;Wargnies;98.2;
80820;Warloy-Baillon;67.3;
80821;Warlus;149.6;
80822;Warsy;119;
80823;Warvillers;70.3;
80824;Wiencourt-l'Équipée;84.9;
80825;Wiry-au-Mont;84;
80826;Woignarue;92.6;
80827;Woincourt;133.5;
80828;Woirel;127.9;
80829;Y;131.9;
80830;Yaucourt-Bussus;67.6;
80832;Yvrench;70.9;
80833;Yvrencheux;115.4;
80834;Yzengremer;18.2;
80835;Yzeux;101.4;*
80836;Yonval;100.2;
81001;Aguts;61.8;
81002;Aiguefonde;86.2;
81003;Alban;62;
81004;Albi;19.7;
81005;Albine;153.5;
81006;Algans;64.2;
81007;Alos;18.5;*
81008;Almayrac;83.9;
81009;Amarens;41.6;*
81010;Ambialet;66.6;
81011;Ambres;80.4;
81012;Andillac;14.1;
81013;Andouque;44.8;
81014;Anglès;68.3;
81015;Appelle;74.1;
81016;Arfons;65;
81017;Arifat;49.8;
81018;Arthès;30.3;
81019;Assac;53;
81020;Aussac;50;
81021;Aussillon;44;
81022;Bannières;70.9;
81023;Barre;96.2;
81024;Beauvais-sur-Tescou;45.7;
81025;Belcastel;88.9;
81026;Bellegarde-Marsal;71.4;
81027;Belleserre;117.2;
81028;Berlats;77.4;
81029;Bernac;43.2;
81030;Bertre;N/A - division par 0;
81031;Le Bez;39.9;
81032;Blan;84.1;
81033;Blaye-les-Mines;1.8;
81034;Boissezon;56.3;
81035;Bournazel;60.7;
81036;Bout-du-Pont-de-Larn;33;
81037;Brassac;53.5;
81038;Brens;44;
81039;Briatexte;52.7;
81040;Brousse;50.8;
81041;Broze;29.3;
81042;Burlats;26.7;
81043;Busque;43.2;
81044;Cabanès;32.3;
81045;Les Cabannes;54.9;
81046;Cadalen;85.7;
81047;Cadix;38.8;
81048;Cagnac-les-Mines;38;
81049;Cahuzac;138.8;
81050;Cambon-lès-Lavaur;109.3;
81051;Cahuzac-sur-Vère;63.8;
81052;Cambon;42;
81053;Cambounès;39.9;
81054;Cambounet-sur-le-Sor;83.7;
81055;Les Cammazes;51.3;
81056;Campagnac;50;
81058;Carbes;61.4;
81059;Carlus;43.1;
81060;Carmaux;38;
81061;Castanet;98.1;
81062;Fontrieu;59.2;
81063;Castelnau-de-Lévis;54.5;
81064;Castelnau-de-Montmiral;67.8;
81065;Castres;52.8;
81066;Caucalières;168.3;
81067;Cestayrols;37.9;
81068;Combefa;82.5;
81069;Cordes-sur-Ciel;101;
81070;Coufouleux;52.8;
81071;Courris;29.8;
81072;Crespin;78.6;
81073;Crespinet;41.9;
81074;Cunac;29;
81075;Cuq;67.8;
81076;Cuq-Toulza;91;
81077;Curvalle;59.3;
81078;Damiatte;53.5;
81079;Dénat;68.7;
81080;Donnazac;26.5;
81081;Dourgne;59.9;
81082;Le Dourn;61.7;
81083;Durfort;N/A - division par 0;
81084;Escoussens;64.5;*
81085;Escroux;52.7;
81086;Espérausses;35.4;
81087;Fayssac;58;
81088;Fauch;64.2;
81089;Faussergues;57.2;
81090;Fénols;69.9;*
81092;Fiac;60.2;
81093;Florentin;78.2;
81094;Fraissines;46.2;
81095;Frausseilles;86.1;
81096;Le Fraysse;71.9;
81097;Fréjairolles;65.6;
81098;Fréjeville;47.5;
81099;Gaillac;29.4;
81100;Garrevaques;62.9;
81101;Le Garric;44.2;
81102;Garrigues;81.7;
81103;Gijounet;70.3;
81104;Giroussens;55.3;
81105;Graulhet;59.4;
81106;Grazac;98;
81108;Itzac;21;
81109;Jonquières;41.2;
81110;Jouqueviel;35.1;
81111;Labarthe-Bleys;46.8;
81112;Labastide-de-Lévis;32.2;
81114;Labastide-Gabausse;63.2;
81115;Labastide-Rouairoux;0;*
81116;Labastide-Saint-Georges;22.7;
81117;Labessière-Candeil;76.5;
81118;Laboulbène;66.6;
81119;Laboutarie;47.5;
81120;Labruguière;70.4;
81121;Lacabarède;69.9;
81122;Lacapelle-Pinet;38.6;
81123;Lacapelle-Ségalar;88.6;
81124;Lacaune;110.5;
81125;Lacaze;43.3;
81126;Lacougotte-Cadoul;110.6;
81127;Lacroisille;92;
81128;Lacrouzette;43.1;*
81129;Lagardiolle;65.2;
81130;Lagarrigue;152;
81131;Lagrave;28.2;
81132;Guitalens-L'Albarède;87.3;
81133;Lamillarié;106.6;
81134;Lamontélarié;32.6;
81135;Laparrouquial;77.5;
81136;Larroque;64.4;
81137;Lasfaillades;117;
81138;Lasgraisses;43.6;
81139;Lautrec;52.9;
81140;Lavaur;70.8;
81141;Lédas-et-Penthiès;53.1;
81142;Lempaut;54.4;
81143;Lescout;44.6;
81144;Lescure-d'Albigeois;17.2;
81145;Lisle-sur-Tarn;49.6;
81146;Livers-Cazelles;59.7;
81147;Lombers;61.1;
81148;Loubers;33.7;
81149;Loupiac;31.2;
81150;Lugan;103.5;
81151;Magrin;69.5;
81152;Mailhoc;86.8;
81154;Marnaves;34.3;
81156;Marssac-sur-Tarn;14.8;
81157;Marzens;79.5;
81158;Le Masnau-Massuguiès;83.9;
81159;Massac-Séran;59.4;
81160;Massaguel;80.3;
81161;Massals;43.1;
81162;Maurens-Scopont;46.3;
81163;Mazamet;50.8;
81164;Mézens;59.6;
81165;Milhars;27.7;
81166;Milhavet;86.2;
81167;Miolles;41.8;
81168;Mirandol-Bourgnounac;43.9;
81169;Missècle;65.2;
81170;Monestiés;52.9;
81171;Montans;63.4;
81172;Montauriol;48.3;
81173;Montcabrier;113.4;
81174;Montdragon;55.6;
81175;Montdurausse;58.8;
81176;Montels;11.7;
81177;Montfa;45.2;
81178;Montgaillard;95.1;
81179;Montgey;77.2;
81180;Montirat;40.7;
81181;Montpinier;39.3;
81182;Montredon-Labessonnié;66.3;
81183;Mont-Roc;68.9;
81184;Montrosier;N/A - division par 0;
81185;Montvalen;101.5;
81186;Moularès;52.9;
81187;Moulayrès;80;
81188;Moulin-Mage;90.7;
81189;Mouzens;84;
81190;Mouzieys-Teulet;49.3;
81191;Mouzieys-Panens;59.7;
81192;Murat-sur-Vèbre;94.9;
81193;Nages;97.1;
81195;Navès;58.5;
81196;Noailhac;91.2;
81197;Noailles;92.9;
81198;Orban;52.8;
81199;Padiès;42.3;
81200;Palleville;80;
81201;Pampelonne;48.5;
81202;Parisot;62.7;
81203;Paulinet;64.3;
81204;Payrin-Augmontel;101.9;
81205;Péchaudier;71.3;
81206;Penne;53;*
81207;Peyregoux;61;
81208;Peyrole;43.3;
81209;Pont-de-Larn;66.6;
81210;Poudis;69.1;
81211;Poulan-Pouzols;43.7;
81212;Prades;95;
81213;Pratviel;43.5;
81214;Puéchoursi;98.7;
81215;Puybegon;31.9;
81216;Puycalvel;51.7;
81217;Puycelsi;49.3;
81218;Puygouzon;61.8;
81219;Puylaurens;53.1;
81220;Rabastens;79.6;
81221;Rayssac;73.5;
81222;Réalmont;41.7;
81223;Le Rialet;48.6;
81224;Le Riols;50.7;
81225;Rivières;57.7;
81227;Roquecourbe;48.6;
81228;Roquemaure;64.5;
81229;Roquevidal;79.9;
81230;Rosières;84;
81231;Rouairoux;116.3;
81232;Rouffiac;52.7;
81233;Terre-de-Bancalié;54.8;
81234;Roussayrolles;178.6;
81235;Saint-Affrique-les-Montagnes;66.5;
81236;Saint-Agnan;123.7;
81237;Saint-Amancet;75.6;
81238;Saint-Amans-Soult;45;
81239;Saint-Amans-Valtoret;103.6;
81240;Saint-André;44.1;
81242;Saint-Avit;28.8;
81243;Saint-Beauzile;45.1;
81244;Saint-Benoît-de-Carmaux;69.3;
81245;Saint-Christophe;50.8;
81246;Sainte-Cécile-du-Cayrou;54.5;
81247;Saint-Cirgue;51.4;
81248;Saint-Gauzens;67.2;
81249;Sainte-Gemme;62.3;
81250;Saint-Genest-de-Contest;54.9;
81251;Saint-Germain-des-Prés;101.3;
81252;Saint-Germier;34.8;
81253;Saint-Grégoire;40.7;
81254;Saint-Jean-de-Marcel;31.2;
81255;Saint-Jean-de-Rives;55.7;
81256;Saint-Jean-de-Vals;47;
81257;Saint-Juéry;19.4;
81258;Saint-Julien-du-Puy;76;
81259;Saint-Julien-Gaulène;32.2;
81261;Saint-Lieux-lès-Lavaur;54.4;
81262;Saint-Marcel-Campes;52.7;
81263;Saint-Martin-Laguépie;59;
81264;Saint-Michel-Labadié;52.1;
81265;Saint-Michel-de-Vax;29;
81266;Saint-Paul-Cap-de-Joux;69.9;
81267;Saint-Pierre-de-Trivisy;71.9;
81268;Saint-Salvi-de-Carcavès;65.9;
81269;Saint-Salvy-de-la-Balme;94.1;
81270;Saint-Sernin-lès-Lavaur;86.5;
81271;Saint-Sulpice-la-Pointe;76.5;
81272;Saint-Urcisse;31.7;
81273;Saïx;33.8;
81274;Saliès;57.3;
81275;Salles;30.8;
81276;Salvagnac;45.3;
81277;Saussenac;71.5;
81278;Sauveterre;116.2;
81279;La Sauzière-Saint-Jean;46.6;
81280;Le Ségur;55.2;
81281;Sémalens;55.3;
81282;Senaux;17.7;
81283;Senouillac;56.5;
81284;Le Sequestre;61.6;
81285;Sérénac;45.4;
81286;Serviès;39.6;
81287;Sieurac;37.2;
81288;Sorèze;66.7;
81289;Soual;51.5;
81290;Souel;44.4;
81291;Taïx;39.1;
81292;Tanus;54.4;
81293;Tauriac;99.2;
81294;Técou;38;
81295;Teillet;61;
81297;Terssac;23.5;
81298;Teulat;64.5;
81299;Teyssode;76.6;
81300;Tonnac;65;
81302;Tréban;52.3;
81303;Trébas;56.6;
81304;Trévien;55.2;
81305;Vabre;51.9;
81306;Valderiès;47.8;
81307;Valdurenque;26.3;
81308;Valence-d'Albigeois;53.1;
81309;Vaour;35.8;
81310;Veilhes;69.1;
81311;Vénès;68;
81312;Verdalle;50.2;
81313;Le Verdier;39.5;
81314;Viane;58.7;
81315;Vielmur-sur-Agout;91;
81316;Vieux;60.2;
81317;Villefranche-d'Albigeois;57;
81318;Villeneuve-lès-Lavaur;51.8;
81319;Villeneuve-sur-Vère;77;
81320;Vindrac-Alayrac;50.7;
81321;Le Vintrou;N/A - division par 0;
81322;Virac;43.2;
81323;Viterbe;65.2;
81324;Viviers-lès-Lavaur;91.7;
81325;Viviers-lès-Montagnes;49.8;
81326;Sainte-Croix;89.6;
82001;Albefeuille-Lagarde;30.3;
82002;Albias;23.2;
82003;Angeville;50.1;
82004;Asques;70.3;
82005;Aucamville;83.3;
82006;Auterive;103.9;
82007;Auty;45.3;
82008;Auvillar;56.6;
82009;Balignac;82.3;
82010;Bardigues;82.3;
82011;Barry-d'Islemade;19.9;
82012;Les Barthes;32;
82013;Beaumont-de-Lomagne;70.8;
82014;Beaupuy;39.3;
82015;Belbèze-en-Lomagne;25.1;
82016;Belvèze;111.7;
82017;Bessens;77.4;
82018;Bioule;39.9;
82019;Boudou;27.1;
82020;Bouillac;75.7;
82021;Bouloc-en-Quercy;46;
82022;Bourg-de-Visa;63.6;
82023;Bourret;69.2;
82024;Brassac;46;
82025;Bressols;39.1;
82026;Bruniquel;48.5;
82027;Campsas;26.6;
82028;Canals;49.6;
82029;Castanet;64.5;
82030;Castelferrus;35.2;
82031;Castelmayran;43.9;
82032;Castelsagrat;65.8;
82033;Castelsarrasin;39.2;
82034;Castéra-Bouzet;70.2;
82035;Caumont;56.6;
82036;Le Causé;80;
82037;Caussade;56.4;
82038;Caylus;85.7;
82039;Cayrac;39.7;
82040;Cayriech;38.2;
82041;Cazals;102.5;
82042;Cazes-Mondenard;36.4;
82043;Comberouger;113.4;
82044;Corbarieu;39.5;
82045;Cordes-Tolosannes;63.6;
82046;Coutures;51.8;
82047;Cumont;79.7;
82048;Dieupentale;30.7;
82049;Donzac;43.2;
82050;Dunes;49;
82051;Durfort-Lacapelette;34.2;
82052;Escatalens;44.5;
82053;Escazeaux;99.4;
82054;Espalais;55.7;
82055;Esparsac;63.8;
82056;Espinas;82.5;
82057;Fabas;20.9;
82058;Fajolles;40.9;
82059;Faudoas;62.2;
82060;Fauroux;58.9;
82061;Féneyrols;45.2;
82062;Finhan;103.7;
82063;Garganvillar;45.8;
82064;Gariès;111.9;
82065;Gasques;36.4;
82066;Génébrières;35.7;
82067;Gensac;95.9;
82068;Gimat;89.6;
82069;Ginals;69.5;
82070;Glatens;206.6;
82071;Goas;67.7;
82072;Golfech;57;
82073;Goudourville;24.5;
82074;Gramont;114;
82075;Grisolles;55.7;
82076;L'Honor-de-Cos;18.2;
82077;Labarthe;45.9;
82078;Labastide-de-Penne;43.5;
82079;Labastide-Saint-Pierre;45.4;
82080;Labastide-du-Temple;27.9;
82081;Labourgade;233.6;
82082;Lacapelle-Livron;77.1;
82083;Lachapelle;54.1;
82084;Lacour;56.1;
82085;Lacourt-Saint-Pierre;28.2;
82086;Lafitte;28.5;
82087;Lafrançaise;36.3;
82088;Laguépie;68.8;
82089;Lamagistère;29.2;
82090;Lamothe-Capdeville;32.9;
82091;Lamothe-Cumont;82.7;
82092;Lapenche;69.4;
82093;Larrazet;97.1;
82094;Lauzerte;46.8;
82095;Lavaurette;68.6;
82096;La Ville-Dieu-du-Temple;58.9;
82097;Lavit;117.5;
82098;Léojac;32.5;
82099;Lizac;22.3;
82100;Loze;50.9;
82101;Malause;19.6;
82102;Mansonville;104;
82103;Marignac;71.3;
82104;Marsac;47.2;
82105;Mas-Grenier;41.9;
82106;Maubec;99.8;
82107;Maumusson;67.3;
82108;Meauzac;35.6;
82109;Merles;45.3;
82110;Mirabel;41.7;
82111;Miramont-de-Quercy;49.5;
82112;Moissac;27.9;
82113;Molières;30.6;
82114;Monbéqui;68;
82115;Monclar-de-Quercy;53.5;
82116;Montagudet;31.5;
82117;Montaigu-de-Quercy;63.8;
82118;Montaïn;23.7;
82119;Montalzat;35.1;
82120;Montastruc;16.8;
82121;Montauban;28.1;
82122;Montbarla;49.5;
82123;Montbartier;46.4;
82124;Montbeton;24;
82125;Montech;46;
82126;Monteils;54.1;
82127;Montesquieu;38.1;
82128;Montfermier;92.7;
82129;Montgaillard;50.3;
82130;Montjoi;56.6;
82131;Montpezat-de-Quercy;50.6;
82132;Montricoux;47.7;
82133;Mouillac;20;
82134;Nègrepelisse;34.7;
82135;Nohic;63.5;
82136;Orgueil;27.9;
82137;Parisot;69.8;
82138;Perville;56.2;
82139;Le Pin;44.9;*
82140;Piquecos;39.6;
82141;Pommevic;13;
82142;Pompignan;36.4;
82143;Poupas;31.4;
82144;Puycornet;29.2;
82145;Puygaillard-de-Quercy;47.9;
82146;Puygaillard-de-Lomagne;93.6;
82147;Puylagarde;71;
82148;Puylaroque;35.2;
82149;Réalville;41.9;
82150;Reyniès;21.6;
82151;Roquecor;60.8;
82152;Saint-Aignan;48.9;
82153;Saint-Amans-du-Pech;56.5;
82154;Saint-Amans-de-Pellagal;41.7;
82155;Saint-Antonin-Noble-Val;84.1;
82156;Saint-Arroumex;38.5;
82157;Saint-Beauzeil;70.3;
82158;Saint-Cirice;35.7;
82159;Saint-Cirq;76;
82160;Saint-Clair;36.4;
82161;Saint-Étienne-de-Tulmont;33.1;
82162;Saint-Georges;38;
82163;Saint-Jean-du-Bouzet;78.2;
82164;Sainte-Juliette;74.4;
82165;Saint-Loup;71.4;
82166;Saint-Michel;56.4;
82167;Saint-Nauphary;53.8;
82168;Saint-Nazaire-de-Valentane;30.9;
82169;Saint-Nicolas-de-la-Grave;29.7;
82170;Saint-Paul-d'Espis;33.7;
82171;Saint-Porquier;36;
82172;Saint-Projet;72.5;
82173;Saint-Sardos;56.1;
82174;Saint-Vincent-d'Autéjac;63.1;
82175;Saint-Vincent-Lespinasse;76.8;
82176;La Salvetat-Belmontet;34.9;
82177;Sauveterre;52.6;
82178;Savenès;65.4;
82179;Septfonds;87.1;
82180;Sérignac;51.3;
82181;Sistels;52.7;
82182;Touffailles;66.2;
82183;Tréjouls;46.9;*
82184;Vaïssac;42.2;
82185;Valeilles;105.8;
82186;Valence;28.9;
82187;Varen;51.8;
82188;Varennes;55.1;
82189;Vazerac;38;
82190;Verdun-sur-Garonne;59.4;
82191;Verfeil;52.8;
82192;Verlhac-Tescou;46.3;
82193;Vigueron;67.8;
82194;Villebrumier;53.4;
82195;Villemade;29.7;
83001;Les Adrets-de-l'Estérel;0;
83002;Aiguines;90;*
83003;Ampus;30.1;
83004;Les Arcs;8.8;
83005;Artignosc-sur-Verdon;36.5;
83006;Artigues;101.8;
83007;Aups;29;*
83008;Bagnols-en-Forêt;24;
83009;Bandol;1.4;
83010;Bargème;81.5;
83011;Bargemon;1.1;
83012;Barjols;21.2;
83013;La Bastide;17.1;
83014;Baudinard-sur-Verdon;42.1;
83015;Bauduen;62.4;
83016;Le Beausset;13.6;
83017;Belgentier;7.4;
83018;Besse-sur-Issole;13.3;
83019;Bormes-les-Mimosas;20.1;
83020;Le Bourguet;45.6;
83021;Bras;22.5;*
83022;Brenon;500.9;
83023;Brignoles;24.8;
83025;Brue-Auriac;34.4;
83026;Cabasse;13.2;
83027;La Cadière-d'Azur;8.5;
83028;Callas;10.7;
83029;Callian;42.9;
83030;Camps-la-Source;26.9;
83031;Le Cannet-des-Maures;36.1;
83032;Carcès;11.3;
83033;Carnoules;7.4;
83034;Carqueiranne;1.6;
83035;Le Castellet;7.8;
83036;Cavalaire-sur-Mer;N/A - division par 0;
83037;La Celle;30.1;
83038;Châteaudouble;38.7;
83039;Châteauvert;29.5;
83040;Châteauvieux;72.7;
83041;Claviers;5.3;
83042;Cogolin;7.9;
83043;Collobrières;12.4;
83044;Comps-sur-Artuby;109.5;
83045;Correns;12;
83046;Cotignac;12.1;
83047;La Crau;5.6;
83048;La Croix-Valmer;38;
83049;Cuers;7.3;
83050;Draguignan;6.3;
83051;Entrecasteaux;8.8;
83052;Esparron;45.2;
83053;Évenos;3.4;
83054;La Farlède;2.7;
83055;Fayence;18.6;
83056;Figanières;13.6;
83057;Flassans-sur-Issole;17.7;
83058;Flayosc;11.5;
83059;Forcalqueiret;20.4;
83060;Fox-Amphoux;37.7;
83061;Fréjus;5.3;
83062;La Garde;2.6;
83063;La Garde-Freinet;13;
83064;Garéoult;52.9;
83065;Gassin;19.8;
83066;Ginasservis;89.4;
83067;Gonfaron;9.8;
83068;Grimaud;11.4;
83069;Hyères;5.8;
83070;Le Lavandou;82.4;
83071;La Londe-les-Maures;17.5;
83072;Lorgues;12.3;
83073;Le Luc;20.7;
83074;La Martre;7.1;
83075;Les Mayons;5.5;
83076;Mazaugues;34.8;
83077;Méounes-lès-Montrieux;23.4;
83078;Moissac-Bellevue;50;
83079;La Môle;10.6;
83080;Mons;97.3;
83081;Montauroux;52.4;
83082;Montferrat;182.4;
83083;Montfort-sur-Argens;13.8;
83084;Montmeyan;173.2;
83085;La Motte;21;
83086;Le Muy;16.6;
83087;Nans-les-Pins;28.8;*
83088;Néoules;20.3;
83089;Ollières;49.7;
83090;Ollioules;2.5;
83091;Pierrefeu-du-Var;19.1;
83092;Pignans;9.2;
83093;Plan-d'Aups-Sainte-Baume;170.1;
83094;Le Plan-de-la-Tour;4.3;
83095;Pontevès;56.2;
83096;Pourcieux;21.4;
83097;Pourrières;14.4;
83098;Le Pradet;3.9;
83099;Puget-sur-Argens;24.1;
83100;Puget-Ville;8.4;
83101;Ramatuelle;7.5;
83102;Régusse;208;*
83103;Le Revest-les-Eaux;0;
83104;Rians;76.2;
83105;Riboux;11.8;
83106;Rocbaron;88.6;
83107;Roquebrune-sur-Argens;13.6;
83108;La Roquebrussanne;19.3;
83109;La Roque-Esclapon;201.9;
83110;Rougiers;5.2;
83111;Sainte-Anastasie-sur-Issole;12.3;
83112;Saint-Cyr-sur-Mer;5.2;
83113;Saint-Julien;56.4;
83114;Saint-Martin-de-Pallières;46.3;
83115;Sainte-Maxime;9.7;
83116;Saint-Maximin-la-Sainte-Baume;19;
83117;Saint-Paul-en-Forêt;12.9;
83118;Saint-Raphaël;35;
83119;Saint-Tropez;2.6;
83120;Saint-Zacharie;3.3;*
83121;Salernes;13.4;
83122;Les Salles-sur-Verdon;1.9;
83123;Sanary-sur-Mer;1.1;
83124;Seillans;33.3;
83125;Seillons-Source-d'Argens;11.4;
83126;La Seyne-sur-Mer;1.5;
83127;Signes;49.9;
83128;Sillans-la-Cascade;63.1;
83129;Six-Fours-les-Plages;2.1;
83130;Solliès-Pont;4.6;
83131;Solliès-Toucas;38.3;
83132;Solliès-Ville;16;
83133;Tanneron;3.9;
83134;Taradeau;17.4;
83135;Tavernes;17.6;
83136;Le Thoronet;15.9;
83137;Toulon;26.5;
83138;Tourrettes;80.7;
83139;Tourtour;30.6;
83140;Tourves;21.5;
83141;Trans-en-Provence;4.4;
83142;Trigance;54.4;
83143;Le Val;17.5;
83144;La Valette-du-Var;55.1;
83145;Varages;18.9;
83146;La Verdière;72.8;
83147;Vérignon;N/A - division par 0;
83148;Vidauban;15.2;
83149;Villecroze;17.5;
83150;Vinon-sur-Verdon;66.1;
83151;Vins-sur-Caramy;N/A - division par 0;
83152;Rayol-Canadel-sur-Mer;N/A - division par 0;
83153;Saint-Mandrier-sur-Mer;2;
83154;Saint-Antonin-du-Var;11.1;
84001;Althen-des-Paluds;19.9;
84002;Ansouis;15.5;
84003;Apt;17.7;
84004;Aubignan;17.5;
84005;Aurel;106.3;
84006;Auribeau;37.4;
84007;Avignon;18;
84008;Le Barroux;10;
84009;La Bastide-des-Jourdans;34.2;
84010;La Bastidonne;12.6;
84011;Le Beaucet;18.7;*
84012;Beaumes-de-Venise;20.9;
84013;Beaumettes;6.7;
84014;Beaumont-de-Pertuis;41.7;
84015;Beaumont-du-Ventoux;19.8;
84016;Bédarrides;46.4;
84017;Bédoin;15;
84018;Blauvac;9.4;
84019;Bollène;34.6;
84020;Bonnieux;22.5;
84021;Brantes;43.5;
84022;Buisson;21.7;
84023;Buoux;84.7;
84024;Cabrières-d'Aigues;12.5;
84025;Cabrières-d'Avignon;9.2;
84026;Cadenet;30.7;
84027;Caderousse;50.6;
84028;Cairanne;17.3;
84029;Camaret-sur-Aigues;20.7;
84030;Caromb;8.9;
84031;Carpentras;11.5;
84032;Caseneuve;56.6;
84033;Castellet-en-Luberon;40.3;
84034;Caumont-sur-Durance;10.6;
84035;Cavaillon;25.8;
84036;Châteauneuf-de-Gadagne;11.2;
84037;Châteauneuf-du-Pape;28.3;
84038;Cheval-Blanc;35.3;
84039;Courthézon;33.4;
84040;Crestet;10.7;
84041;Crillon-le-Brave;11.1;
84042;Cucuron;18.3;
84043;Entraigues-sur-la-Sorgue;23.3;
84044;Entrechaux;14.2;
84045;Faucon;12.9;
84046;Flassan;19.8;
84047;Gargas;43.8;*
84048;Gignac;28.1;
84049;Gigondas;24.6;
84050;Gordes;21.2;
84051;Goult;26.6;
84052;Grambois;22.5;
84053;Grillon;16.3;
84054;L'Isle-sur-la-Sorgue;20.2;
84055;Jonquerettes;32.4;
84056;Jonquières;53;
84057;Joucas;38.1;
84058;Lacoste;14;
84059;Lafare;15.2;
84060;Lagarde-d'Apt;120.1;
84061;Lagarde-Paréol;19.8;
84062;Lagnes;22.9;
84063;Lamotte-du-Rhône;43.7;
84064;Lapalud;66.8;
84065;Lauris;19.4;
84066;Lioux;56.5;
84067;Loriol-du-Comtat;12.4;
84068;Lourmarin;17;
84069;Malaucène;11.2;
84070;Malemort-du-Comtat;20.4;
84071;Maubec;7.9;
84072;Mazan;12.6;
84073;Ménerbes;9.3;
84074;Mérindol;8.6;
84075;Méthamis;15.6;
84076;Mirabeau;54.2;
84077;Modène;15.9;
84078;Mondragon;48.1;
84079;Monieux;188;
84080;Monteux;20.7;
84081;Morières-lès-Avignon;10.9;
84082;Mormoiron;11;
84083;Mornas;32.4;
84084;La Motte-d'Aigues;12.5;
84085;Murs;24.8;
84086;Oppède;11.9;
84087;Orange;24.7;
84088;Pernes-les-Fontaines;13.3;
84089;Pertuis;21.5;
84090;Peypin-d'Aigues;24.8;
84091;Piolenc;37.3;
84092;Le Pontet;51.3;
84093;Puget;14.6;
84094;Puyméras;14.1;
84095;Puyvert;14.8;
84096;Rasteau;18.1;
84097;Richerenches;24.6;
84098;Roaix;15.7;
84099;Robion;7.8;
84100;La Roque-Alric;5.8;*
84101;La Roque-sur-Pernes;30.1;
84102;Roussillon;33.7;
84103;Rustrel;62.3;
84104;Sablet;16.3;
84105;Saignon;25;
84106;Sainte-Cécile-les-Vignes;20.5;
84107;Saint-Christol;128.3;
84108;Saint-Didier;5.6;
84109;Saint-Hippolyte-le-Graveyron;27.7;
84110;Saint-Léger-du-Ventoux;1.2;
84111;Saint-Marcellin-lès-Vaison;14.5;
84112;Saint-Martin-de-Castillon;27.7;
84113;Saint-Martin-de-la-Brasque;19.5;
84114;Saint-Pantaléon;18.1;
84115;Saint-Pierre-de-Vassols;26.9;
84116;Saint-Romain-en-Viennois;8.6;
84117;Saint-Roman-de-Malegarde;27.5;
84118;Saint-Saturnin-lès-Apt;24;
84119;Saint-Saturnin-lès-Avignon;48.8;
84120;Saint-Trinit;153.2;
84121;Sannes;24.7;
84122;Sarrians;15.8;
84123;Sault;84.7;
84124;Saumane-de-Vaucluse;33;
84125;Savoillan;112.3;
84126;Séguret;15.1;
84127;Sérignan-du-Comtat;16.7;
84128;Sivergues;N/A - division par 0;
84129;Sorgues;21.9;
84130;Suzette;14.2;
84131;Taillades;27.4;
84132;Le Thor;22.8;
84133;La Tour-d'Aigues;18.9;
84134;Travaillan;27.7;
84135;Uchaux;28.9;
84136;Vacqueyras;17.2;
84137;Vaison-la-Romaine;13.3;
84138;Valréas;22.8;
84139;Fontaine-de-Vaucluse;62.3;
84140;Vaugines;7.3;
84141;Vedène;15.2;
84142;Velleron;28.1;
84143;Venasque;12.3;
84144;Viens;77.1;
84145;Villars;27.9;
84146;Villedieu;14.3;
84147;Villelaure;26;
84148;Villes-sur-Auzon;11.3;
84149;Violès;24.1;
84150;Visan;25.1;
84151;Vitrolles-en-Lubéron;63.1;
85001;L'Aiguillon-sur-Mer;131.8;
85002;L'Aiguillon-sur-Vie;141.8;
85003;Aizenay;86.5;
85004;Angles;115.4;
85005;Antigny;76.1;
85006;Apremont;78.8;
85008;Aubigny-Les Clouzeaux;109.5;
85009;Auchay-sur-Vendée;96.8;
85010;Avrillé;159;
85011;Barbâtre;57.9;
85012;La Barre-de-Monts;83.3;
85013;Bazoges-en-Paillers;121.9;
85014;Bazoges-en-Pareds;100.3;
85015;Beaufou;130.5;
85016;Beaulieu-sous-la-Roche;82.3;
85017;Beaurepaire;68.3;
85018;Beauvoir-sur-Mer;158;
85019;Bellevigny;110.9;
85020;Benet;111.6;
85021;La Bernardière;111.2;
85022;Le Bernard;157;
85023;Bessay;90.8;
85024;Bois-de-Céné;96.5;
85025;La Boissière-de-Montaigu;74.7;
85026;La Boissière-des-Landes;104.8;
85028;Bouillé-Courdault;102.2;
85029;Bouin;128.6;
85031;Le Boupère;72.5;
85033;Bourneau;82;
85034;Bournezeau;112.5;
85035;Bretignolles-sur-Mer;79.2;
85036;La Bretonnière-la-Claye;206.5;
85037;Breuil-Barret;75.8;
85038;Les Brouzils;121.7;
85039;La Bruffière;122.3;
85040;La Caillère-Saint-Hilaire;56.2;
85041;Cezais;72.4;
85042;Chaillé-les-Marais;134.5;
85045;La Chaize-Giraud;42.2;
85046;La Chaize-le-Vicomte;89.7;
85047;Challans;69.2;
85049;Champagné-les-Marais;125.6;
85050;Le Champ-Saint-Père;83.9;
85051;Chantonnay;133;
85053;La Chapelle-aux-Lys;91.9;
85054;La Chapelle-Hermier;55.1;
85055;La Chapelle-Palluau;139.4;
85056;La Chapelle-Thémer;87;
85058;Chasnais;123.8;
85059;La Châtaigneraie;67.8;
85061;Château-Guibert;116.2;
85062;Châteauneuf;75;
85064;Chauché;81.6;
85065;Chavagnes-en-Paillers;75.7;
85066;Chavagnes-les-Redoux;103.9;
85067;Cheffois;56;
85070;Coëx;109.6;
85071;Commequiers;109.8;
85072;La Copechagnière;100.3;
85073;Corpe;112.6;
85074;La Couture;131.9;
85076;Cugand;53.2;
85077;Curzon;114.1;
85078;Damvix;62.2;
85080;Doix lès Fontaines;120.4;
85081;Dompierre-sur-Yon;89.8;
85082;Les Epesses;68.5;
85083;L'Épine;19.9;
85084;Essarts en Bocage;72.9;
85086;Falleron;84.2;
85087;Faymoreau;49.2;
85088;Le Fenouiller;158;
85089;La Ferrière;100.5;
85090;Sèvremont;69.6;
85092;Fontenay-le-Comte;94;
85093;Fougeré;91.8;
85094;Foussais-Payré;117.8;
85095;Froidfond;123.2;
85096;La Garnache;85;
85097;La Gaubretière;75.3;
85098;La Genétouze;102.7;
85099;Le Girouard;100.4;
85100;Givrand;151.4;
85101;Le Givre;140.4;
85102;Grand'Landes;69.3;
85103;Grosbreuil;106;
85104;Grues;144;
85105;Le Gué-de-Velluire;78.8;
85106;La Guérinière;16.8;
85108;L'Herbergement;110.4;
85109;Les Herbiers;66.8;
85110;L'Hermenault;56.4;
85111;L'Île-d'Elle;82.2;
85112;L'Île-d'Olonne;70.4;
85113;L'Île-d'Yeu;14.4;
85114;Jard-sur-Mer;138.5;
85115;La Jaudonnière;125.9;
85116;La Jonchère;133.6;
85117;Lairoux;141.7;
85118;Landeronde;96.1;
85119;Les Landes-Genusson;88.7;
85120;Landevieille;112;
85121;Le Langon;145.8;
85123;Liez;250.8;
85125;Loge-Fougereuse;67.7;*
85126;Longèves;124;
85127;Longeville-sur-Mer;200.4;
85128;Luçon;112;
85129;Les Lucs-sur-Boulogne;120.2;
85130;Maché;85.5;
85131;Les Magnils-Reigniers;88.7;
85132;Maillé;78.5;
85133;Maillezais;117.8;
85134;Mallièvre;N/A - division par 0;
85135;Mareuil-sur-Lay-Dissais;115.1;
85136;Marillet;121.1;
85137;Marsais-Sainte-Radégonde;100.1;
85138;Martinet;139.7;
85139;Le Mazeau;147.6;
85140;La Meilleraie-Tillay;90.9;
85141;Menomblet;66.6;
85142;La Merlatière;100.1;
85143;Mervent;56.5;
85144;Mesnard-la-Barotière;58.1;
85145;Monsireigne;60.2;
85146;Montaigu-Vendée;87.5;
85147;Montournais;95.1;
85148;Montreuil;127.9;
85149;Moreilles;113.3;
85151;Mortagne-sur-Sèvre;88.4;
85152;Les Achards;114.5;
85153;Mouchamps;89.8;
85154;Mouilleron-Saint-Germain;103.8;
85155;Mouilleron-le-Captif;138.1;
85156;Moutiers-les-Mauxfaits;125.1;
85157;Moutiers-sur-le-Lay;106.6;
85158;Mouzeuil-Saint-Martin;120.2;
85159;Nalliers;111;
85160;Nesmy;138;
85161;Nieul-le-Dolent;143.9;
85162;Rives-d'Autise;125.6;
85163;Noirmoutier-en-l'Île;15.2;
85164;Notre-Dame-de-Monts;53;
85167;L'Orbrie;288.8;
85169;Palluau;92.6;
85171;Péault;102.1;
85172;Le Perrier;119.8;
85174;Petosse;75.4;
85175;Les Pineaux;166.1;
85176;Pissotte;47.2;
85177;Les Velluire-sur-Vendée;92;
85178;Le Poiré-sur-Vie;109.8;
85179;Poiroux;84.3;
85181;Pouillé;116.7;
85182;Pouzauges;80.2;
85184;Puy-de-Serre;53.1;
85185;Puyravault;122.5;
85186;La Rabatelière;68.8;
85187;Réaumur;84.3;
85188;La Réorthe;61.6;
85189;Notre-Dame-de-Riez;88.5;
85190;Rocheservière;102.4;
85191;La Roche-sur-Yon;80.2;
85192;Rochetrejoux;70.7;
85193;Rosnay;72.3;
85194;Les Sables-d'Olonne;69.8;
85196;Saint-André-Goule-d'Oie;53.4;
85197;Montréverd;102.2;
85198;Saint-Aubin-des-Ormeaux;54.5;
85199;Saint-Aubin-la-Plaine;128.5;
85200;Saint-Avaugourd-des-Landes;96.7;
85201;Saint-Benoist-sur-Mer;144.2;
85202;Sainte-Cécile;94;
85204;Saint-Christophe-du-Ligneron;85.6;
85205;Saint-Cyr-des-Gâts;121.2;
85206;Saint-Cyr-en-Talmondais;54.6;
85207;Saint-Denis-du-Payré;84.8;*
85208;Saint-Denis-la-Chevasse;126.8;
85209;Saint-Étienne-de-Brillouet;105.7;
85210;Saint-Étienne-du-Bois;82.7;
85211;Sainte-Flaive-des-Loups;107.8;
85213;Rives de l'Yon;76.7;
85214;Sainte-Foy;220;
85215;Saint-Fulgent;60.3;
85216;Sainte-Gemme-la-Plaine;131;
85218;Saint-Georges-de-Pointindoux;129.6;
85220;Saint-Germain-de-Prinçay;175.4;
85221;Saint-Gervais;68.7;
85222;Saint-Gilles-Croix-de-Vie;N/A - division par 0;
85223;Sainte-Hermine;107.5;
85226;Saint-Hilaire-de-Riez;80.9;
85227;Saint-Hilaire-des-Loges;109;
85229;Saint-Hilaire-de-Voust;70.9;
85231;Saint-Hilaire-la-Forêt;88.7;
85232;Saint-Hilaire-le-Vouhis;94.6;
85233;Saint-Jean-de-Beugné;182.9;
85234;Saint-Jean-de-Monts;89.2;
85235;Saint-Juire-Champgillon;84.7;
85236;Saint-Julien-des-Landes;80.9;
85237;Saint-Laurent-de-la-Salle;86;
85238;Saint-Laurent-sur-Sèvre;71.4;
85239;Saint-Maixent-sur-Vie;151.7;
85240;Saint-Malô-du-Bois;66.7;
85242;Saint-Mars-la-Réorthe;46.8;
85243;Brem-sur-Mer;64.4;
85244;Saint-Martin-de-Fraigneau;87.4;
85245;Saint-Martin-des-Fontaines;108.6;
85246;Saint-Martin-des-Noyers;73;
85247;Saint-Martin-des-Tilleuls;110.2;
85248;Saint-Martin-Lars-en-Sainte-Hermine;78.7;
85250;Saint-Mathurin;140.8;
85251;Saint-Maurice-des-Noues;106.6;
85252;Saint-Maurice-le-Girard;69.5;
85254;Saint-Mesmin;77.5;
85255;Saint-Michel-en-l'Herm;165.6;
85256;Saint-Michel-le-Cloucq;82.4;
85259;Saint-Paul-en-Pareds;70.1;
85260;Saint-Paul-Mont-Penit;156;
85261;Sainte-Pexine;134.9;
85262;Saint-Philbert-de-Bouaine;94.4;
85264;Saint-Pierre-du-Chemin;57.7;
85265;Saint-Pierre-le-Vieux;100.7;
85266;Saint-Prouant;129.1;
85267;Sainte-Radégonde-des-Noyers;139.8;
85268;Saint-Révérend;162.2;
85269;Saint-Sigismond;77.2;
85271;Saint-Sulpice-en-Pareds;100.8;
85273;Saint-Urbain;102.8;
85274;Saint-Valérien;105.2;
85276;Saint-Vincent-Sterlanges;0;
85277;Saint-Vincent-sur-Graon;147.8;
85278;Saint-Vincent-sur-Jard;105;
85280;Sallertaine;90.1;
85281;Sérigné;107.1;
85282;Sigournais;127.3;
85284;Soullans;61.8;
85285;Le Tablier;104.4;
85286;La Taillée;141.4;
85287;Tallud-Sainte-Gemme;100.9;
85288;Talmont-Saint-Hilaire;111;
85289;La Tardière;72.7;
85290;Thiré;116.7;
85291;Thorigny;94.7;
85292;Thouarsais-Bouildroux;85.7;
85293;Tiffauges;83.8;
85294;La Tranche-sur-Mer;32.8;
85295;Treize-Septiers;80.4;
85296;Treize-Vents;97.6;
85297;Triaize;135.8;
85298;Vairé;88.5;
85300;Venansault;115;
85301;Vendrennes;55.4;
85302;Chanverrie;61.4;
85303;Vix;102.1;
85304;Vouillé-les-Marais;101.9;
85305;Vouvant;56.7;
85306;Xanton-Chassenon;103.8;
85307;La Faute-sur-Mer;0.2;
86001;Adriers;119.8;
86002;Amberre;86.3;
86003;Anché;106.4;
86004;Angles-sur-l'Anglin;181.2;
86005;Angliers;124.8;
86006;Antigny;168.2;
86007;Antran;99.5;
86008;Arçay;104.4;
86009;Archigny;112.9;
86010;Aslonnes;121.4;
86011;Asnières-sur-Blour;133.5;
86012;Asnois;107.7;
86013;Aulnay;317.2;
86014;Availles-en-Châtellerault;104.5;
86015;Availles-Limouzine;148.9;
86016;Avanton;79.8;
86017;Ayron;132.3;
86018;Basses;107.9;
86019;Beaumont Saint-Cyr;104;
86020;Bellefonds;126.1;
86022;Berrie;83.4;
86023;Berthegon;98.7;
86024;Béruges;150.5;
86025;Béthines;126.6;
86026;Beuxes;94.6;
86027;Biard;242.2;
86028;Bignoux;75.4;
86029;Blanzay;124.7;
86031;Bonnes;123.5;
86032;Bonneuil-Matours;134.8;
86034;Bouresse;86.4;
86035;Bourg-Archambault;132;
86036;Bournand;91.7;
86037;Brigueil-le-Chantre;146.7;
86038;Brion;132.2;
86039;Brux;117.8;
86040;La Bussière;82.5;
86041;Buxerolles;65;
86042;Buxeuil;79.8;
86044;Ceaux-en-Loudun;103.7;
86045;Celle-Lévescault;96;
86046;Cenon-sur-Vienne;115.3;
86047;Cernay;232.9;
86048;Chabournay;135.5;
86049;Chalais;84.6;
86050;Chalandray;107.6;
86051;Champagné-le-Sec;130.4;
86052;Champagné-Saint-Hilaire;85;
86053;Champigny en Rochereau;156.8;
86054;Champniers;86.9;
86055;La Chapelle-Bâton;105.9;
86058;La Chapelle-Moulière;108.8;
86059;Chapelle-Viviers;189.3;
86061;Charroux;139.1;
86062;Chasseneuil-du-Poitou;267.5;
86063;Chatain;159.8;
86064;Château-Garnier;122.6;
86065;Château-Larcher;85;
86066;Châtellerault;84.7;
86068;Chaunay;116.8;
86069;La Chaussée;57.1;
86070;Chauvigny;168.1;
86072;Chenevelles;110;
86073;Cherves;137.7;
86074;Chiré-en-Montreuil;71.8;
86075;Chouppes;69.9;
86076;Cissé;137.2;
86077;Civaux;158.2;
86078;Civray;58.7;
86079;La Roche-Rigault;92.6;
86080;Cloué;113.3;
86081;Colombiers;106.5;
86082;Valence-en-Poitou;108.7;
86083;Coulombiers;91.8;
86084;Coulonges;137.1;
86085;Coussay;46.2;
86086;Coussay-les-Bois;123.5;
86087;Craon;90;
86088;Croutelle;N/A - division par 0;
86089;Cuhon;140.7;
86090;Curçay-sur-Dive;102.2;
86091;Curzay-sur-Vonne;101.4;
86092;Dangé-Saint-Romain;122.5;
86093;Dercé;75.5;
86094;Dienné;258.7;
86095;Dissay;272.3;
86096;Doussay;105.6;
86097;La Ferrière-Airoux;140.8;
86098;Fleix;236.5;
86099;Fleuré;170.8;
86100;Fontaine-le-Comte;105;
86102;Frozes;115.4;
86103;Gençay;12.1;
86104;Genouillé;88.2;
86105;Gizay;120.6;
86106;Glénouze;72.9;
86107;Gouex;128.5;
86108;La Grimaudière;107.9;
86109;Guesnes;40.3;
86110;Haims;181;
86111;Ingrandes;71.1;
86112;L'Isle-Jourdain;125.7;
86113;Iteuil;138.9;
86114;Jardres;123.9;
86115;Jaunay-Marigny;98.4;
86116;Jazeneuil;91.3;
86117;Jouhet;136.6;
86118;Journet;157.5;
86119;Joussé;168.8;
86120;Lathus-Saint-Rémy;124.2;
86121;Latillé;124.4;
86122;Lauthiers;191.2;
86123;Boivre-la-Vallée;103.7;
86124;Lavoux;123;
86125;Leigné-les-Bois;144.5;
86126;Leignes-sur-Fontaine;154;
86127;Leigné-sur-Usseau;132.1;
86128;Lencloître;116;
86129;Lésigny;172.8;
86130;Leugny;126.9;
86131;Lhommaizé;155.9;
86132;Liglet;113.7;
86133;Ligugé;96.8;*
86134;Linazay;102.4;
86135;Liniers;69.4;
86136;Lizant;81.8;
86137;Loudun;82.3;
86138;Luchapt;132.6;
86139;Lusignan;146.1;
86140;Lussac-les-Châteaux;129.5;
86141;Magné;126.8;
86142;Maillé;116.6;
86143;Mairé;101.1;
86144;Maisonneuve;61.1;
86145;Marçay;101.1;
86147;Marigny-Chemereau;116.7;
86148;Marnay;109.5;
86149;Martaizé;97.4;
86150;Massognes;127.2;
86151;Maulay;100.6;*
86152;Mauprévoir;142.1;
86153;Mazerolles;87.9;
86154;Mazeuil;108.8;
86156;Messemé;85.7;
86157;Mignaloux-Beauvoir;55.4;*
86158;Migné-Auxances;112.9;
86159;Millac;126.2;
86160;Mirebeau;146.1;
86161;Moncontour;124.3;
86162;Mondion;115.3;
86163;Montamisé;180.7;
86164;Monthoiron;116.5;
86165;Montmorillon;151.6;
86167;Monts-sur-Guesnes;60.7;
86169;Morton;166.2;
86170;Moulismes;97.9;
86171;Moussac;163.3;
86172;Mouterre-sur-Blourde;73.1;
86173;Mouterre-Silly;165;
86174;Naintré;132.5;
86175;Nalliers;197.7;
86176;Nérignac;143.8;
86177;Neuville-de-Poitou;88.6;
86178;Nieuil-l'Espoir;107.2;
86180;Nouaillé-Maupertuis;90.4;
86181;Nueil-sous-Faye;199.6;
86182;Orches;71.4;
86183;Les Ormes;98.3;
86184;Ouzilly;59.6;
86186;Oyré;106;
86187;Paizay-le-Sec;131.1;
86189;Payroux;230.4;
86190;Persac;141.9;
86191;Pindray;132.1;
86192;Plaisance;149.3;
86193;Pleumartin;99.9;
86194;Poitiers;79.1;
86195;Port-de-Piles;122.9;
86196;Pouançay;228.9;
86197;Pouant;107.1;
86198;Pouillé;133.1;
86200;Pressac;147.1;
86201;Prinçay;85;
86202;La Puye;165.4;
86203;Queaux;174.2;
86204;Quinçay;67.6;
86205;Ranton;89.2;
86206;Raslay;153.1;
86207;La Roche-Posay;52.7;
86209;Roches-Prémarie-Andillé;176.1;
86210;Roiffé;79.1;
86211;Romagne;133.6;
86213;Rouillé;117.9;
86214;Saint-Benoît;12.4;
86217;Saint-Christophe;122.2;
86218;Saint-Clair;183.7;
86220;Saint-Gaudent;94.6;
86221;Saint-Genest-d'Ambière;124.7;
86222;Saint-Georges-lès-Baillargeaux;93.8;
86223;Saint-Germain;190.6;
86224;Saint-Gervais-les-Trois-Clochers;99.5;
86225;Saint-Jean-de-Sauves;100.7;
86226;Saint-Julien-l'Ars;148.7;
86227;Saint-Laon;82.1;
86228;Saint-Laurent-de-Jourdes;113.3;
86229;Saint-Léger-de-Montbrillais;93.5;
86230;Saint-Léomer;144.3;
86231;Saint-Macoux;72.7;
86233;Valdivienne;113.7;
86234;Saint-Martin-l'Ars;123.9;
86235;Saint-Maurice-la-Clouère;115;
86236;Saint-Pierre-de-Maillé;124.5;
86237;Saint-Pierre-d'Exideuil;155.6;
86239;Sainte-Radégonde;82.6;
86241;Saint-Rémy-sur-Creuse;253.1;
86242;Saint-Romain;98.9;
86244;Saint-Sauvant;106.7;
86245;Senillé-Saint-Sauveur;134.8;
86246;Saint-Savin;140.9;
86247;Saint-Saviol;61.8;
86248;Saint-Secondin;121.3;
86249;Saires;121.2;
86250;Saix;82.6;
86252;Sammarçolles;84.1;
86253;Sanxay;118.9;
86254;Saulgé;117.8;
86255;Savigné;115.6;
86256;Savigny-Lévescault;113.1;
86257;Savigny-sous-Faye;85.5;
86258;Scorbé-Clairvaux;37.6;
86260;Sérigny;77.6;
86261;Sèvres-Anxaumont;64;
86262;Sillars;160.4;
86263;Smarves;143.1;
86264;Sommières-du-Clain;76.6;
86265;Sossais;141.3;
86266;Surin;121;
86268;Tercé;206.3;
86269;Ternay;61.1;
86270;Thollet;170.6;
86271;Thurageau;90.1;
86272;Thuré;96;
86273;La Trimouille;255.7;
86274;Les Trois-Moutiers;117.7;
86275;Usseau;89.3;
86276;Usson-du-Poitou;157.7;
86279;Vaux-sur-Vienne;141;
86280;Vellèches;69.7;
86281;Saint-Martin-la-Pallu;89.4;
86284;Vernon;123.6;
86285;Verrières;81.2;
86286;Verrue;82.5;
86287;Vézières;126.4;
86288;Vicq-sur-Gartempe;122;
86289;Le Vigeant;116.5;
86290;La Villedieu-du-Clain;50.2;
86291;Villemort;38.3;
86292;Villiers;140.7;
86293;Vivonne;103;
86294;Vouillé;142.2;
86295;Voulême;125.7;
86296;Voulon;133;
86297;Vouneuil-sous-Biard;103.8;
86298;Vouneuil-sur-Vienne;143.5;
86299;Vouzailles;140;
86300;Yversay;65.8;
87001;Aixe-sur-Vienne;53;
87002;Ambazac;43.2;
87003;Arnac-la-Poste;112.4;
87004;Augne;126.9;
87005;Aureil;41.5;
87006;Azat-le-Ris;161.2;
87007;Balledent;104.8;
87008;La Bazeuge;80.2;
87009;Beaumont-du-Lac;97.4;
87011;Bellac;68;
87012;Berneuil;122.2;
87013;Bersac-sur-Rivalier;72.2;
87014;Bessines-sur-Gartempe;63.2;
87015;Beynac;149.3;
87016;Les Billanges;51.8;
87017;Blanzac;112.4;
87018;Blond;77.8;
87019;Boisseuil;90.9;
87020;Bonnac-la-Côte;23.6;
87021;Bosmie-l'Aiguille;110.1;
87022;Breuilaufa;130;
87023;Le Buis;70.2;
87024;Bujaleuf;87.1;
87025;Burgnac;94.9;
87027;Bussière-Galant;37.1;
87028;Val-d'Oire-et-Gartempe;95;
87029;Les Cars;70.6;
87030;Chaillac-sur-Vienne;60.4;
87031;Le Chalard;53.2;
87032;Châlus;65.2;
87033;Chamboret;74.6;
87034;Champagnac-la-Rivière;49.2;
87035;Champnétery;79.1;
87036;Champsac;63.4;
87037;La Chapelle-Montbrandeix;23.5;
87038;Chaptelat;48.3;
87039;Château-Chervix;58.3;
87040;Châteauneuf-la-Forêt;57.3;
87041;Châteauponsac;94.8;
87042;Le Châtenet-en-Dognon;67.9;
87043;Cheissoux;72.2;
87044;Chéronnac;61.8;
87045;Cieux;65;
87046;Cognac-la-Forêt;59.3;
87047;Compreignac;36.9;
87048;Condat-sur-Vienne;48.6;
87049;Coussac-Bonneval;46.8;
87050;Couzeix;35.7;
87051;La Croisille-sur-Briance;79.8;
87052;La Croix-sur-Gartempe;146.1;
87053;Cromac;140.5;
87054;Cussac;70.1;
87056;Dinsac;105.2;
87057;Dompierre-les-Églises;167.9;
87058;Domps;88.9;
87059;Le Dorat;88.1;
87060;Dournazac;75.2;
87061;Droux;122.7;
87062;Eybouleuf;109.4;
87063;Eyjeaux;115.7;
87064;Eymoutiers;72.8;
87065;Feytiat;87.9;
87066;Flavignac;63.9;
87067;Folles;59.3;
87068;Fromental;110.8;
87069;Gajoubert;75.3;
87070;La Geneytouse;78.4;
87071;Glandon;70.5;
87072;Glanges;76.7;
87073;Gorre;94.4;
87074;Les Grands-Chézeaux;92.6;
87075;Isle;74.7;
87076;Jabreilles-les-Bordes;28.7;
87077;Janailhac;96.6;
87078;Javerdat;105.1;
87079;La Jonchère-Saint-Maurice;120.3;
87080;Jouac;139.2;*
87081;Jourgnac;80.8;
87082;Ladignac-le-Long;50.7;
87083;Laurière;89.7;
87084;Lavignac;95.7;
87085;Limoges;53.7;
87086;Linards;89.2;
87087;Lussac-les-Églises;90;
87088;Magnac-Bourg;61.6;
87089;Magnac-Laval;136;
87090;Mailhac-sur-Benaize;65.8;
87091;Maisonnais-sur-Tardoire;101.6;
87092;Marval;52.4;
87093;Masléon;178.7;
87094;Meilhac;90;
87095;Meuzac;58.8;
87096;La Meyze;57.6;
87097;Val d'Issoire;79.4;
87099;Moissannes;136.9;
87100;Montrol-Sénard;102.2;
87101;Mortemart;33.3;
87103;Nantiat;88.8;
87104;Nedde;88.3;
87105;Neuvic-Entier;80.2;
87106;Nexon;107.4;
87107;Nieul;68.8;
87108;Nouic;89.2;
87109;Oradour-Saint-Genest;115.4;
87110;Oradour-sur-Glane;81;
87111;Oradour-sur-Vayres;82.4;
87112;Pageas;82.3;
87113;Le Palais-sur-Vienne;9.3;
87114;Panazol;43.2;
87115;Pensol;131.4;
87116;Peyrat-de-Bellac;88.9;
87117;Peyrat-le-Château;69.3;
87118;Peyrilhac;160.8;
87119;Pierre-Buffière;58.5;
87120;La Porcherie;52.8;
87121;Rancon;118.8;
87122;Razès;31.6;
87123;Rempnat;131;
87124;Rilhac-Lastours;46.6;
87125;Rilhac-Rancon;82.8;
87126;Rochechouart;62.3;
87127;La Roche-l'Abeille;59.6;
87128;Saint-Pardoux-le-Lac;83;
87129;Royères;102.4;
87130;Roziers-Saint-Georges;108.8;
87131;Saillat-sur-Vienne;30.6;
87132;Saint-Amand-le-Petit;74.2;
87133;Saint-Amand-Magnazeix;84.3;
87134;Sainte-Anne-Saint-Priest;70.6;
87135;Saint-Auvent;56.8;
87137;Saint-Bazile;58;
87138;Saint-Bonnet-Briance;78.9;
87139;Saint-Bonnet-de-Bellac;103.7;
87140;Saint-Brice-sur-Vienne;68.1;
87141;Saint-Cyr;50.5;
87142;Saint-Denis-des-Murs;72;
87143;Saint-Gence;54.5;
87144;Saint-Genest-sur-Roselle;63.6;
87145;Saint-Georges-les-Landes;120.3;
87146;Saint-Germain-les-Belles;85.3;
87147;Saint-Gilles-les-Forêts;43.8;
87148;Saint-Hilaire-Bonneval;107.8;
87149;Saint-Hilaire-la-Treille;123.4;
87150;Saint-Hilaire-les-Places;77.1;
87151;Saint-Jean-Ligoure;96;
87152;Saint-Jouvent;71;
87153;Saint-Julien-le-Petit;73.5;
87154;Saint-Junien;53.3;
87155;Saint-Junien-les-Combes;111.7;
87156;Saint-Just-le-Martel;86;
87157;Saint-Laurent-les-Églises;90.6;
87158;Saint-Laurent-sur-Gorre;79.9;
87159;Saint-Léger-la-Montagne;93.9;
87160;Saint-Léger-Magnazeix;117.8;
87161;Saint-Léonard-de-Noblat;78.9;
87162;Sainte-Marie-de-Vaux;67.7;
87163;Saint-Martial-sur-Isop;103.9;
87164;Saint-Martin-de-Jussac;65.2;
87165;Saint-Martin-le-Mault;173.8;
87166;Saint-Martin-le-Vieux;102.5;
87167;Saint-Martin-Terressus;98.5;
87168;Saint-Mathieu;69.4;
87169;Saint-Maurice-les-Brousses;80.4;
87170;Saint-Méard;71.4;
87172;Saint-Ouen-sur-Gartempe;114.4;
87174;Saint-Paul;77.9;
87176;Saint-Priest-Ligoure;60.9;
87177;Saint-Priest-sous-Aixe;77.8;
87178;Saint-Priest-Taurion;80.8;
87179;Saint-Sornin-la-Marche;114.7;
87180;Saint-Sornin-Leulac;114.8;
87181;Saint-Sulpice-Laurière;81.6;
87182;Saint-Sulpice-les-Feuilles;108.4;
87183;Saint-Sylvestre;47.9;
87185;Saint-Victurnien;66;
87186;Saint-Vitte-sur-Briance;61.3;
87187;Saint-Yrieix-la-Perche;57;
87188;Saint-Yrieix-sous-Aixe;62;
87189;Les Salles-Lavauguyon;96;
87190;Sauviat-sur-Vige;98.6;
87191;Séreilhac;71;
87192;Solignac;92.1;
87193;Surdoux;91;
87194;Sussac;76.5;
87195;Tersannes;155.6;
87197;Thouron;65.2;
87198;Vaulry;66.1;
87199;Vayres;58.8;
87200;Verneuil-Moustiers;131.4;
87201;Verneuil-sur-Vienne;41.9;
87202;Veyrac;80.2;
87203;Vicq-sur-Breuilh;65.2;
87204;Videix;35.7;
87205;Le Vigen;69.3;
87206;Villefavard;75;
88001;Les Ableuvenettes;179.3;
88002;Ahéville;204.9;
88003;Aingeville;46.2;
88004;Ainvelle;121.9;
88005;Allarmont;0;
88006;Ambacourt;208;
88007;Ameuvelle;102.3;
88008;Anglemont;113.4;
88009;Anould;34.9;
88010;Aouze;89.9;
88011;Arches;25.4;
88012;Archettes;82.3;
88013;Aroffe;176.2;
88014;Arrentès-de-Corcieux;64.5;
88015;Attignéville;208.7;
88016;Attigny;92.3;*
88017;Aulnois;87.1;*
88019;Autigny-la-Tour;126.1;
88020;Autreville;N/A - division par 0;
88021;Autrey;85.2;
88022;Auzainvilliers;110.1;
88023;Avillers;208.1;
88024;Avrainville;249.5;
88025;Avranville;180.2;
88026;Aydoilles;369.8;
88027;Badménil-aux-Bois;39.4;
88028;La Baffe;57.8;
88029;La Vôge-les-Bains;104.1;
88030;Bainville-aux-Saules;146.3;
88031;Balléville;97.3;
88032;Ban-de-Laveline;80;
88033;Ban-de-Sapt;45;
88035;Barbey-Seroux;N/A - division par 0;
88036;Barville;N/A - division par 0;
88037;Basse-sur-le-Rupt;76.7;
88038;Battexey;N/A - division par 0;
88039;Baudricourt;255.2;
88040;Bayecourt;177.5;
88041;Bazegney;101.5;
88042;Bazien;58.4;
88043;Bazoilles-et-Ménil;89.7;
88044;Bazoilles-sur-Meuse;201;
88045;Beaufremont;94;
88046;Beauménil;151.9;
88047;Begnécourt;309.2;
88048;Bellefontaine;115.9;
88049;Belmont-lès-Darney;164.4;
88050;Belmont-sur-Buttant;2.6;
88051;Belmont-sur-Vair;109.8;
88052;Belrupt;130.9;
88053;Belval;11.9;
88054;Bertrimoutier;82.7;
88055;Bettegney-Saint-Brice;62.2;
88056;Bettoncourt;187.3;
88057;Le Beulay;87.8;
88058;Biécourt;113.9;
88059;Biffontaine;64.2;
88060;Blémerey;13.6;
88061;Bleurville;89.8;
88062;Blevaincourt;170.4;
88063;Bocquegney;33.2;
88064;Bois-de-Champ;N/A - division par 0;
88065;Bonvillet;138.5;
88066;Boulaincourt;84;
88068;La Bourgonce;50.5;
88069;Bouxières-aux-Bois;43.5;
88070;Bouxurulles;45.2;
88071;Bouzemont;193.1;
88073;Brantigny;72;
88074;Brechainville;314.8;*
88075;La Bresse;57.9;
88076;Brouvelieures;N/A - division par 0;
88077;Brû;133.7;
88078;Bruyères;151.6;
88079;Bulgnéville;37.5;
88080;Bult;107.6;
88081;Bussang;45.7;
88082;Celles-sur-Plaine;3.1;
88083;Certilleux;487.1;
88084;Chamagne;156.8;
88085;Champdray;78.8;
88086;Champ-le-Duc;N/A - division par 0;
88087;Chantraine;N/A - division par 0;
88088;La Chapelle-aux-Bois;80.7;
88089;La Chapelle-devant-Bruyères;101.6;
88090;Charmes;N/A - division par 0;
88091;Charmois-devant-Bruyères;82.4;
88092;Charmois-l'Orgueilleux;238.5;
88093;Châtas;13.7;
88094;Châtel-sur-Moselle;72.8;
88095;Châtenois;75.6;
88096;Châtillon-sur-Saône;138.5;
88097;Chauffecourt;N/A - division par 0;
88098;Chaumousey;82.5;
88099;Chavelot;N/A - division par 0;
88100;Chef-Haut;45.2;
88101;Cheniménil;72.2;
88102;Chermisey;169.7;
88103;Circourt;113.9;
88104;Circourt-sur-Mouzon;101.2;
88105;Claudon;121;
88106;Ban-sur-Meurthe-Clefcy;20;
88107;Clérey-la-Côte;42;
88108;Le Clerjus;106.9;
88109;Cleurie;39;
88110;Clézentaine;181.9;
88111;Coinches;23.7;
88113;Combrimont;50.7;
88114;Contrexéville;91.7;
88115;Corcieux;92;
88116;Cornimont;37.2;
88117;Courcelles-sous-Châtenois;159.5;
88118;Coussey;155.4;
88119;Crainvilliers;148.8;
88120;La Croix-aux-Mines;61;
88121;Damas-aux-Bois;139.1;
88122;Damas-et-Bettegney;139.1;
88123;Damblain;283;
88124;Darney;83.6;
88125;Darney-aux-Chênes;126.6;
88126;Darnieulles;142.5;
88127;Deinvillers;181.1;
88128;Denipaire;130.4;
88129;Derbamont;96.3;
88130;Destord;87;
88131;Deycimont;88.4;
88132;Deyvillers;34.9;
88133;Dignonville;136.2;
88134;Dinozé;N/A - division par 0;
88135;Docelles;23.1;*
88136;Dogneville;119.9;
88137;Dolaincourt;220.4;
88138;Dombasle-devant-Darney;105.8;
88139;Dombasle-en-Xaintois;N/A - division par 0;
88140;Dombrot-le-Sec;146.9;
88141;Dombrot-sur-Vair;127.5;
88142;Domèvre-sur-Avière;49.3;
88143;Domèvre-sur-Durbion;109.2;
88144;Domèvre-sous-Montfort;161.2;
88145;Domfaing;106.1;
88146;Domjulien;200.1;
88147;Dommartin-aux-Bois;189.6;
88148;Dommartin-lès-Remiremont;75.6;
88149;Dommartin-lès-Vallois;N/A - division par 0;
88150;Dommartin-sur-Vraine;172;
88151;Dompaire;140.6;
88152;Dompierre;236.6;
88153;Domptail;115.8;
88154;Domrémy-la-Pucelle;69.9;
88155;Domvallier;48.2;
88156;Doncières;69;
88157;Dounoux;55.9;
88158;Éloyes;5;
88159;Entre-deux-Eaux;88.2;
88160;Épinal;68;
88161;Escles;141.1;
88162;Esley;106.1;
88163;Essegney;25.7;
88164;Estrennes;128.1;
88165;Étival-Clairefontaine;41.8;
88166;Évaux-et-Ménil;4;
88167;Faucompierre;6.3;
88168;Fauconcourt;170.3;
88169;Fays;N/A - division par 0;
88170;Ferdrupt;39.1;
88171;Fignévelle;183.3;
88172;Fiménil;2.8;
88173;Florémont;111.2;
88174;Fomerey;144.6;
88175;Fontenay;3.7;
88176;Fontenoy-le-Château;138.2;
88177;La Forge;63.6;
88178;Les Forges;1.2;
88179;Fouchécourt;N/A - division par 0;
88180;Frain;207.6;
88181;Fraize;48.9;
88182;Frapelle;124.3;
88183;Frebécourt;111.3;
88184;Fremifontaine;80.5;
88185;Frenelle-la-Grande;79.3;
88186;Frenelle-la-Petite;155.5;
88187;Frénois;219.3;
88188;Fresse-sur-Moselle;24.3;
88189;Fréville;146.9;
88190;Frizon;166.9;
88192;Gelvécourt-et-Adompt;144.8;
88193;Gemaingoutte;0;
88194;Gemmelaincourt;148.3;
88195;Gendreville;260.5;
88196;Gérardmer;19.6;
88197;Gerbamont;41.4;
88198;Gerbépal;59.5;
88199;Gignéville;141.3;
88200;Gigney;143.9;
88201;Girancourt;85.5;
88202;Gircourt-lès-Viéville;112.1;
88203;Girecourt-sur-Durbion;154.8;
88205;Girmont-Val-d'Ajol;27.8;
88206;Gironcourt-sur-Vraine;176.4;
88208;Godoncourt;105.9;
88209;Golbey;0.2;
88210;Gorhey;149.8;
88212;Grand;199.9;
88213;La Grande-Fosse;16.5;
88214;Grandrupt-de-Bains;155.8;
88215;Grandrupt;11.3;
88216;Grandvillers;93.8;
88218;Granges-Aumontzey;19.1;
88219;Greux;105.2;
88220;Grignoncourt;27;
88221;Gruey-lès-Surance;70.1;
88222;Gugnécourt;57.1;
88223;Gugney-aux-Aulx;148.6;
88224;Hadigny-les-Verrières;124;
88225;Hadol;87.2;
88226;Hagécourt;154.7;
88227;Hagnéville-et-Roncourt;121.8;
88228;Haillainville;132.2;
88229;Harchéchamp;N/A - division par 0;
88230;Hardancourt;283.4;
88231;Haréville;202.8;
88232;Harmonville;268.2;
88233;Harol;96;
88236;La Haye;153.8;
88237;Hennecourt;120.7;
88238;Hennezel;140.8;*
88239;Hergugney;144.4;
88240;Herpelmont;14.6;
88241;Houécourt;108.2;*
88242;Houéville;79.3;
88243;Housseras;92.1;
88244;La Houssière;101.6;
88245;Hurbache;45.8;
88246;Hymont;88.5;
88247;Igney;67.7;
88248;Isches;177.5;
88249;Jainvillotte;N/A - division par 0;
88250;Jarménil;N/A - division par 0;
88251;Jeanménil;65.3;
88252;Jésonville;370.8;
88253;Jeuxey;82.7;*
88254;Jorxey;181.7;
88255;Jubainville;202.4;
88256;Jussarupt;143;
88257;Juvaincourt;92;
88258;Lamarche;135.1;
88259;Landaville;158.3;
88260;Langley;148.4;
88261;Laval-sur-Vologne;57.7;
88262;Laveline-devant-Bruyères;12.4;
88263;Laveline-du-Houx;81.7;
88264;Légéville-et-Bonfays;352.2;
88265;Lemmecourt;38.2;
88266;Lépanges-sur-Vologne;103.3;
88267;Lerrain;146.6;
88268;Lesseux;1.2;
88269;Liézey;53.8;
88270;Liffol-le-Grand;240.7;
88271;Lignéville;204;
88272;Lironcourt;147.1;
88273;Longchamp;247.2;
88274;Longchamp-sous-Châtenois;16.9;
88275;Lubine;35;
88276;Lusse;41.6;
88277;Luvigny;N/A - division par 0;
88278;Maconcourt;103.4;
88279;Madecourt;202.6;
88280;Madegney;11.2;
88281;Madonne-et-Lamerey;71.4;
88283;Malaincourt;85.3;
88284;Mandray;46.8;
88285;Mandres-sur-Vair;116.1;*
88286;Marainville-sur-Madon;162;
88287;Marey;97.8;
88288;Maroncourt;307.6;
88289;Martigny-les-Bains;162.8;
88290;Martigny-les-Gerbonvaux;168.7;
88291;Martinvelle;127.7;
88292;Mattaincourt;54.8;
88293;Maxey-sur-Meuse;1.3;
88294;Mazeley;209.9;
88295;Mazirot;147.2;
88296;Médonville;35.7;*
88297;Méménil;71.2;
88298;Ménarmont;51.3;
88299;Ménil-en-Xaintois;156.2;
88300;Ménil-de-Senones;87.5;
88301;Ménil-sur-Belvitte;87.6;
88302;Le Ménil;48.1;
88303;Midrevaux;183.1;
88304;Mirecourt;314.7;
88305;Moncel-sur-Vair;144.1;
88306;Le Mont;N/A - division par 0;
88307;Mont-lès-Lamarche;48.8;
88308;Mont-lès-Neufchâteau;N/A - division par 0;
88309;Monthureux-le-Sec;107.2;
88310;Monthureux-sur-Saône;68.1;
88311;Montmotier;N/A - division par 0;
88312;Morelmaison;200.4;
88313;Moriville;120.3;
88314;Morizécourt;82.5;
88315;Mortagne;N/A - division par 0;
88316;Morville;310.6;
88317;Moussey;2.4;
88318;Moyemont;248.8;
88319;Moyenmoutier;49.2;
88320;Nayemont-les-Fosses;0;
88321;Neufchâteau;103.9;
88322;La Neuveville-devant-Lépanges;93.1;
88324;La Neuveville-sous-Châtenois;139.6;
88325;La Neuveville-sous-Montfort;36.3;*
88326;Neuvillers-sur-Fave;45.9;
88327;Nomexy;113.8;
88328;Nompatelize;70.8;
88330;Nonville;148.9;
88331;Nonzeville;96.6;
88332;Norroy;112.3;
88333;Nossoncourt;188.8;
88334;Oëlleville;239.2;
88335;Offroicourt;79.9;
88336;Ollainville;130.4;
88338;Ortoncourt;141.6;
88340;Padoux;101.3;
88341;Pair-et-Grandrupt;N/A - division par 0;
88342;Pallegney;101.6;
88343;Parey-sous-Montfort;131.6;
88344;Pargny-sous-Mureau;100.6;
88345;La Petite-Fosse;N/A - division par 0;
88346;La Petite-Raon;3.3;
88347;Pierrefitte;111.1;
88348;Pierrepont-sur-l'Arentèle;103.4;
88349;Plainfaing;29.8;
88350;Pleuvezain;66.9;
88351;Plombières-les-Bains;77.1;
88352;Pompierre;186.2;
88353;Pont-lès-Bonfays;95.5;
88354;Pont-sur-Madon;92.9;
88355;Portieux;88.9;
88356;Les Poulières;2.5;
88357;Poussay;125.5;
88358;Pouxeux;106.5;
88359;Prey;99.2;
88360;Provenchères-lès-Darney;146.5;
88361;Provenchères-et-Colroy;29;
88362;Le Puid;47.1;
88363;Punerot;233.6;
88364;Puzieux;243.5;
88365;Racécourt;202.9;
88366;Rainville;218.8;
88367;Rambervillers;99.2;*
88368;Ramecourt;N/A - division par 0;
88369;Ramonchamp;58.6;
88370;Rancourt;384.1;
88371;Raon-aux-Bois;69.3;
88372;Raon-l'Étape;28.5;
88373;Raon-sur-Plaine;N/A - division par 0;
88374;Rapey;231.3;
88375;Raves;17.2;
88376;Rebeuville;178;
88377;Regnévelle;116.2;
88378;Regney;25;
88379;Rehaincourt;112.6;
88380;Rehaupal;47.9;
88381;Relanges;103.9;
88382;Remicourt;136.2;
88383;Remiremont;49.8;
88385;Remoncourt;175.2;
88386;Remomeix;5.2;
88387;Removille;140.8;
88388;Renauvoid;108.5;
88389;Repel;65.4;
88390;Robécourt;277.4;
88391;Rochesson;43.8;
88393;Rollainville;360.9;
88394;Romain-aux-Bois;98.5;
88395;Romont;96.8;
88398;Les Rouges-Eaux;N/A - division par 0;
88399;Le Roulier;97.1;
88400;Rouvres-en-Xaintois;353;
88401;Rouvres-la-Chétive;111.1;
88402;Roville-aux-Chênes;86.3;
88403;Rozerotte;87.7;
88404;Rozières-sur-Mouzon;116.9;
88406;Rugney;162.2;
88407;Ruppes;213.9;
88408;Rupt-sur-Moselle;76.3;
88409;Saint-Amé;12.2;
88410;Sainte-Barbe;110;*
88411;Saint-Baslemont;49.5;
88412;Saint-Benoît-la-Chipotte;303.7;
88413;Saint-Dié-des-Vosges;54.2;
88415;Saint-Étienne-lès-Remiremont;60;
88416;Saint-Genest;109.5;
88417;Saint-Gorgon;165;
88418;Sainte-Hélène;160.9;
88419;Saint-Jean-d'Ormont;59.6;
88421;Saint-Julien;153.2;
88423;Saint-Léonard;64.8;
88424;Sainte-Marguerite;56.9;
88425;Saint-Maurice-sur-Mortagne;140.5;
88426;Saint-Maurice-sur-Moselle;69.2;
88427;Saint-Menge;10.4;
88428;Saint-Michel-sur-Meurthe;35.4;
88429;Saint-Nabord;28.6;
88430;Saint-Ouen-lès-Parey;95.6;
88431;Saint-Paul;31.5;
88432;Saint-Pierremont;119.8;
88433;Saint-Prancher;88;
88434;Saint-Remimont;86.2;
88435;Saint-Remy;53.4;
88436;Saint-Stail;48;
88437;Saint-Vallier;73;
88438;La Salle;N/A - division par 0;
88439;Sanchey;N/A - division par 0;
88440;Sandaucourt;93.9;*
88441;Sans-Vallois;193.6;
88442;Sapois;48.7;
88443;Sartes;79;
88444;Le Saulcy;45.9;
88445;Saulcy-sur-Meurthe;15.9;
88446;Saulxures-lès-Bulgnéville;7.4;
88447;Saulxures-sur-Moselotte;43.4;
88448;Sauville;206.9;
88449;Savigny;132.3;
88450;Senaide;188.3;*
88451;Senones;30.7;
88452;Senonges;163.2;
88453;Seraumont;246;
88454;Sercœur;81.9;
88455;Serécourt;127.8;*
88456;Serocourt;94.6;
88457;Sionne;38.4;
88458;Socourt;140.6;
88459;Soncourt;124.7;
88460;Soulosse-sous-Saint-Élophe;192.4;
88461;Suriauville;161.9;
88462;Le Syndicat;184.2;
88463;Taintrux;25;
88464;Tendon;34.1;
88465;Capavenir Vosges;101.6;
88466;They-sous-Montfort;128.3;
88467;Thiéfosse;26.7;
88468;Le Thillot;86.1;
88469;Thiraucourt;193;
88470;Le Tholy;40.9;
88471;Les Thons;215.4;
88472;Thuillières;136.5;
88473;Tignécourt;126;*
88474;Tilleux;1;
88475;Tollaincourt;201;
88476;Totainville;N/A - division par 0;
88477;Trampot;210.5;
88478;Tranqueville-Graux;118.9;
88479;Trémonzey;69.7;
88480;Ubexy;126.5;
88481;Uriménil;78.9;
88482;Urville;98.6;
88483;Uxegney;22.3;
88484;Uzemain;79.5;
88485;La Vacheresse-et-la-Rouillie;145.6;
88486;Vagney;43.8;
88487;Le Val-d'Ajol;45.2;
88488;Valfroicourt;159;
88489;Valleroy-aux-Saules;63.2;
88490;Valleroy-le-Sec;163.5;
88491;Les Vallois;309.7;*
88492;Le Valtin;14.4;
88493;Varmonzey;154.2;
88494;Vaubexy;139.5;
88495;Vaudéville;196.5;
88496;Vaudoncourt;87;
88497;Vaxoncourt;198.6;
88498;Vecoux;33.4;
88499;Velotte-et-Tatignécourt;64.8;
88500;Ventron;46;
88501;Le Vermont;38;
88502;Vervezelle;141.5;
88503;Vexaincourt;N/A - division par 0;
88504;Vicherey;149.8;
88505;Vienville;86.1;
88506;Vieux-Moulin;52.4;
88507;Villers;166.6;
88508;Ville-sur-Illon;169.1;
88509;Villoncourt;231.4;
88510;Villotte;1.8;
88511;Villouxel;104.6;
88512;Viménil;117.5;
88513;Vincey;109;
88514;Viocourt;126.3;
88515;Vioménil;92.8;
88516;Vittel;134.1;
88517;Viviers-le-Gras;214.7;
88518;Viviers-lès-Offroicourt;126.7;
88519;La Voivre;0;
88520;Les Voivres;142.1;
88521;Vomécourt;184.3;
88522;Vomécourt-sur-Madon;N/A - division par 0;
88523;Vouxey;106.4;
88524;Vrécourt;87.9;*
88525;Vroville;N/A - division par 0;
88526;Wisembach;21.3;
88527;Xaffévillers;166.6;
88528;Xamontarupt;39.4;
88529;Xaronval;5.6;
88530;Xertigny;80.3;
88531;Xonrupt-Longemer;33.3;
88532;Zincourt;126.7;
89002;Aigremont;113.8;
89003;Montholon;83.5;
89004;Aisy-sur-Armançon;131.1;
89005;Ancy-le-Franc;145.4;
89006;Ancy-le-Libre;150.8;
89007;Andryes;218.4;
89008;Angely;172.9;
89009;Annay-la-Côte;76.6;
89010;Annay-sur-Serein;145.9;*
89011;Annéot;315.5;
89012;Annoux;143.4;
89013;Appoigny;124.9;
89014;Arces-Dilo;183.5;
89015;Arcy-sur-Cure;110.4;
89016;Argentenay;146;
89017;Argenteuil-sur-Armançon;164.2;
89018;Armeau;73.7;
89019;Arthonnay;124.9;
89020;Asnières-sous-Bois;117.5;
89021;Asquins;89;
89022;Athie;99.3;
89023;Augy;65.8;
89024;Auxerre;122.1;
89025;Avallon;83.3;
89027;Bagneaux;193.2;
89028;Baon;100;
89029;Bassou;N/A - division par 0;
89030;Bazarnes;199.4;
89031;Beaumont;138.1;
89032;Beauvilliers;91.3;
89033;Beauvoir;269.9;
89034;Beine;34.8;
89035;Bellechaume;102.4;
89036;La Belliole;217.8;
89037;Béon;112.3;
89038;Bernouil;207.1;
89039;Béru;18.4;
89040;Bessy-sur-Cure;14.7;
89041;Beugnon;89.1;
89042;Bierry-les-Belles-Fontaines;144.2;
89043;Blacy;362.6;
89044;Blannay;111;
89045;Bleigny-le-Carreau;49.4;
89046;Bléneau;101.9;
89048;Bœurs-en-Othe;98.3;
89049;Bois-d'Arcy;119.8;
89050;Bonnard;N/A - division par 0;
89051;Les Bordes;79.7;
89053;Branches;203.1;
89054;Brannay;106.3;
89055;Brienon-sur-Armançon;189.2;
89056;Brion;158.4;
89057;Brosses;303.2;
89058;Bussières;56.5;
89059;Bussy-en-Othe;142.4;
89060;Bussy-le-Repos;114.4;
89061;Butteaux;283.3;
89062;Carisey;592.9;
89063;La Celle-Saint-Cyr;101.8;
89064;Censy;140.6;
89065;Cérilly;181.3;
89066;Cerisiers;114;
89067;Cézy;151.3;
89068;Chablis;20.1;
89069;Chailley;61.7;
89071;Chamoux;39.4;
89072;Champcevrais;167.7;
89073;Champignelles;148.9;
89074;Champigny;98.5;
89075;Champlay;121.5;
89076;Champlost;125.8;
89077;Champs-sur-Yonne;52.3;*
89079;Chamvres;80.1;*
89080;La Chapelle-sur-Oreuse;206.7;
89081;La Chapelle-Vaupelteigne;9.1;
89083;Charbuy;100.9;
89084;Charentenay;197.4;
89085;Charmoy;66.7;
89086;Charny Orée de Puisaye;131.7;
89087;Chassignelles;155.5;*
89088;Chassy;143.4;
89089;Chastellux-sur-Cure;47.8;
89091;Châtel-Censoir;149.7;
89092;Châtel-Gérard;152.8;
89093;Chaumont;174;
89094;Chaumot;120.2;
89095;Chemilly-sur-Serein;39.9;
89096;Chemilly-sur-Yonne;243.1;
89098;Cheney;131.8;
89099;Cheny;183.2;
89100;Chéroy;254.1;
89101;Chéu;119.6;
89102;Chevannes;79.6;
89104;Chichée;24.3;
89105;Chichery;372.8;
89108;Chitry;52.3;
89111;Les Clérimois;181.6;
89112;Collan;68.3;*
89113;Collemiers;209.6;
89115;Compigny;125;
89116;Cornant;N/A - division par 0;
89117;Coulangeron;161.9;
89118;Coulanges-la-Vineuse;32.4;
89119;Coulanges-sur-Yonne;156;
89120;Coulours;101.4;
89122;Courgenay;166.8;
89123;Courgis;10.5;
89124;Courlon-sur-Yonne;92.8;
89125;Courson-les-Carrières;248.7;
89126;Courtoin;160;
89127;Courtois-sur-Yonne;N/A - division par 0;
89128;Coutarnoux;140.3;
89129;Crain;173;
89130;Deux Rivières;65.2;
89131;Cruzy-le-Châtel;213.7;
89132;Cry;275;
89133;Cudot;152.3;
89134;Cussy-les-Forges;122.3;
89136;Cuy;166.1;
89137;Dannemoine;75.7;
89139;Diges;138.3;
89141;Dissangis;184.9;
89142;Dixmont;89.3;
89143;Dollot;133.6;
89144;Domats;112.7;
89145;Domecy-sur-Cure;223.6;
89146;Domecy-sur-le-Vault;196.6;
89147;Dracy;95.1;
89148;Druyes-les-Belles-Fontaines;207.9;
89149;Dyé;166;
89150;Égleny;136.2;
89151;Égriselles-le-Bocage;75.7;
89152;Épineau-les-Voves;90.2;
89153;Épineuil;11.9;
89154;Escamps;76.4;
89155;Escolives-Sainte-Camille;101.6;
89156;Esnon;223.5;
89158;Étais-la-Sauvin;97.8;
89159;Étaule;174.3;
89160;Étigny;96.4;
89161;Étivey;200.9;
89162;Évry;125;
89163;La Ferté-Loupière;91.5;
89164;Festigny;N/A - division par 0;
89165;Flacy;89.7;
89167;Fleury-la-Vallée;137.1;
89168;Fleys;14.2;
89169;Flogny-la-Chapelle;94.1;
89170;Foissy-lès-Vézelay;0;
89171;Foissy-sur-Vanne;127.7;
89172;Fontaine-la-Gaillarde;108.3;
89173;Fontaines;90.4;
89175;Fontenay-près-Chablis;48.6;
89176;Fontenay-près-Vézelay;86;
89177;Fontenay-sous-Fouronnes;93.1;
89179;Fontenoy;95.6;
89180;Fouchères;73.8;
89181;Fournaudin;91.5;
89182;Fouronnes;197.8;
89183;Fresnes;232.6;
89184;Fulvy;201.6;
89186;Germigny;119.6;
89187;Gigny;178.5;
89188;Girolles;2.7;
89189;Gisy-les-Nobles;123.4;*
89190;Givry;117.3;
89191;Gland;523.2;
89194;Grimault;189.5;
89195;Gron;84.8;
89196;Valravillon;138.9;
89197;Guillon-Terre-Plaine;145.6;
89198;Gurgy;142.8;
89199;Gy-l'Évêque;163.2;
89200;Hauterive;76.9;
89201;Héry;248.7;
89202;Irancy;11.6;
89203;Island;144.9;*
89204;L'Isle-sur-Serein;188.1;
89205;Jaulges;182.3;
89206;Joigny;63.8;
89207;Jouancy;345.5;
89208;Joux-la-Ville;168.9;
89209;Jouy;184.5;
89210;Jully;182.5;
89211;Junay;N/A - division par 0;
89212;Jussy;27.6;
89214;Lailly;120.8;
89215;Lain;126.6;
89216;Lainsecq;131.5;
89217;Lalande;211.6;
89218;Laroche-Saint-Cydroine;240.3;
89219;Lasson;112.1;
89220;Lavau;86.6;
89221;Leugny;182.6;
89222;Levis;130;
89223;Lézinnes;189.4;
89224;Lichères-près-Aigremont;129.2;
89225;Lichères-sur-Yonne;485.7;
89226;Lignorelles;25.8;
89227;Ligny-le-Châtel;137.9;
89228;Lindry;158.7;
89229;Lixy;171.8;
89230;Looze;187.3;
89232;Lucy-le-Bois;167.7;
89233;Lucy-sur-Cure;99.4;
89234;Lucy-sur-Yonne;103.9;
89235;Magny;111.1;
89236;Maillot;242.1;
89237;Mailly-la-Ville;235.2;
89238;Mailly-le-Château;283.2;
89239;Malay-le-Grand;79.2;
89240;Malay-le-Petit;120.9;
89242;Maligny;36;
89244;Marmeaux;208.1;
89245;Marsangy;125.8;
89246;Massangis;225.5;
89247;Mélisey;162.4;
89248;Menades;77;
89249;Mercy;63.2;
89250;Méré;40.7;
89251;Merry-la-Vallée;126.7;
89252;Merry-Sec;74.5;
89253;Merry-sur-Yonne;140.3;
89254;Mézilles;139.3;
89255;Michery;140.6;
89256;Migé;99.3;
89257;Migennes;133.2;
89259;Môlay;359.4;
89261;Molinons;85;
89262;Molosmes;82.7;
89263;Monéteau;117.3;
89264;Montacher-Villegardin;173.1;
89265;Montigny-la-Resle;127;
89266;Montillot;97.4;
89267;Montréal;43.7;
89268;Mont-Saint-Sulpice;192;
89270;Mouffy;137.9;
89271;Moulins-en-Tonnerrois;125.6;
89272;Moulins-sur-Ouanne;66.7;
89273;Moutiers-en-Puisaye;79;
89274;Nailly;70.7;
89276;Neuvy-Sautour;145.4;
89277;Nitry;187;
89278;Noé;N/A - division par 0;
89279;Noyers;168.5;
89280;Nuits;143.6;
89281;Les Ormes;120;
89282;Ormoy;188.5;
89283;Ouanne;168.7;
89284;Pacy-sur-Armançon;510.6;
89285;Pailly;152.8;
89286;Parly;88.6;
89287;Paron;159.6;
89288;Paroy-en-Othe;52.5;
89289;Paroy-sur-Tholon;77.4;
89290;Pasilly;116.3;
89291;Passy;151.6;
89292;Percey;152.8;
89295;Perrigny;102.9;
89296;Perrigny-sur-Armançon;89.4;
89297;Pierre-Perthuis;180.5;
89298;Piffonds;180.9;
89299;Pimelles;209.8;
89300;Pisy;179;
89302;Plessis-Saint-Jean;112.9;
89303;Poilly-sur-Serein;96.5;
89304;Poilly-sur-Tholon;115.9;
89306;Pontaubert;N/A - division par 0;
89307;Pontigny;127.3;
89308;Pont-sur-Vanne;265.4;
89309;Pont-sur-Yonne;204.8;
89310;La Postolle;166.1;
89311;Pourrain;88.3;
89312;Précy-le-Sec;140.7;
89313;Précy-sur-Vrin;175.3;
89314;Prégilbert;153.1;
89315;Préhy;27.3;
89316;Provency;143.9;
89318;Quarré-les-Tombes;106.2;
89319;Quenne;88;
89320;Quincerot;148;
89321;Ravières;174.7;
89323;Roffey;172.4;
89324;Rogny-les-Sept-Écluses;166.8;
89325;Ronchères;46.2;
89326;Rosoy;0;
89327;Rousson;161.3;
89328;Rouvray;81.1;*
89329;Rugny;152.4;
89331;Sainpuits;160.7;
89332;Saint-Agnan;120.1;
89333;Saint-André-en-Terre-Plaine;120.7;
89334;Le Val d'Ocre;112.8;
89335;Saint-Aubin-sur-Yonne;148.3;
89336;Saint-Brancher;91.5;
89337;Saint-Bris-le-Vineux;27.4;
89338;Saint-Clément;275.5;
89339;Sainte-Colombe;136.9;
89341;Saint-Cyr-les-Colons;172.1;
89342;Saint-Denis-lès-Sens;172;
89344;Saint-Fargeau;137.3;
89345;Saint-Florentin;126.7;
89346;Saint-Georges-sur-Baulche;60.2;
89347;Saint-Germain-des-Champs;141.8;
89348;Saint-Julien-du-Sault;117.4;
89349;Saint-Léger-Vauban;102.2;
89350;Saint-Loup-d'Ordon;150.8;
89351;Sainte-Magnance;140.6;
89352;Saint-Martin-des-Champs;82.3;
89353;Saint-Martin-d'Ordon;114.2;
89354;Saint-Martin-du-Tertre;66.5;
89355;Saint-Martin-sur-Armançon;200.2;
89359;Saint-Maurice-aux-Riches-Hommes;131.2;
89360;Saint-Maurice-le-Vieil;133.4;
89361;Saint-Maurice-Thizouaille;222.7;
89362;Saint-Moré;205.5;
89363;Sainte-Pallaye;176.2;
89364;Saint-Père;59.9;
89365;Saint-Privé;110.1;
89367;Saints-en-Puisaye;88.1;
89368;Saint-Sauveur-en-Puisaye;122.6;
89369;Saint-Sérotin;74.6;
89370;Saint-Valérien;174.2;
89371;Sainte-Vertu;183.8;
89373;Saligny;223.5;
89374;Sambourg;288.4;
89375;Santigny;271.1;
89376;Sarry;162.3;
89377;Sauvigny-le-Beuréal;153.6;
89378;Sauvigny-le-Bois;112.3;
89379;Savigny-en-Terre-Plaine;171.2;
89380;Savigny-sur-Clairis;62.5;
89382;Seignelay;161.5;
89383;Sementron;106.8;
89384;Senan;132.2;
89385;Sennevoy-le-Bas;64.3;
89386;Sennevoy-le-Haut;194.5;
89387;Sens;67.3;
89388;Sépeaux-Saint Romain;79;
89390;Serbonnes;151;
89391;Sergines;116.9;
89392;Sermizelles;154.2;
89393;Serrigny;31.3;
89394;Sery;N/A - division par 0;
89395;Les Sièges;127.1;
89397;Sommecaise;60;
89398;Sormery;106.8;
89399;Soucy;123.5;
89400;Sougères-en-Puisaye;157.3;
89402;Soumaintrain;92.4;
89403;Stigny;429.9;
89404;Subligny;243.2;
89405;Les Hauts de Forterre;188.5;
89406;Talcy;266.6;
89407;Tanlay;191.4;
89408;Tannerre-en-Puisaye;87.5;
89409;Tharoiseau;53.5;
89410;Tharot;N/A - division par 0;
89411;Les Vallées de la Vanne;189.2;
89412;Thizy;N/A - division par 0;
89413;Thorey;185.4;
89414;Thorigny-sur-Oreuse;112;
89415;Thory;70.3;
89416;Thury;177.9;
89417;Tissey;96.6;
89418;Tonnerre;118.3;
89419;Toucy;53.8;
89420;Treigny-Perreuse-Sainte-Colombe;156;
89422;Trichey;137.3;
89423;Tronchoy;81.2;
89424;Trucy-sur-Yonne;232.2;
89425;Turny;116.8;
89426;Val-de-Mercy;122;
89427;Vallan;140.3;
89428;Vallery;211.2;
89430;Varennes;161.4;
89431;Vassy-sous-Pisy;196.6;
89432;Vaudeurs;156.9;
89433;Vault-de-Lugny;131.9;
89434;Vaumort;57.6;
89436;Venizy;91.5;
89437;Venouse;208;
89438;Venoy;120.4;
89439;Vergigny;130.9;
89440;Verlin;40.7;
89441;Vermenton;156.9;
89442;Vernoy;78.6;
89443;Véron;153.4;*
89445;Vézannes;112.8;
89446;Vézelay;24.9;
89447;Vézinnes;N/A - division par 0;
89449;Villeblevin;95.9;
89450;Villebougis;110.4;
89451;Villechétive;58.6;
89452;Villecien;143.3;
89453;Villefargeau;123.2;
89456;Villemanoche;96.1;
89458;Villenavotte;86.7;*
89459;Villeneuve-la-Dondagre;155.8;
89460;Villeneuve-la-Guyard;95.4;
89461;Villeneuve-l'Archevêque;160.5;
89462;Villeneuve-les-Genêts;114.2;
89463;Villeneuve-Saint-Salves;25.7;*
89464;Villeneuve-sur-Yonne;107.5;
89465;Villeperrot;230.5;
89466;Villeroy;161.4;
89467;Villethierry;167.3;
89468;Villevallier;N/A - division par 0;
89469;Perceneige;141.4;
89470;Villiers-les-Hauts;179;
89471;Villiers-Louis;158.9;
89472;Villiers-Saint-Benoît;62.5;
89474;Villiers-Vineux;185.7;
89475;Villon;168.5;
89477;Villy;7.2;
89478;Vincelles;255.1;
89479;Vincelottes;198.9;
89480;Vinneuf;145.8;
89481;Vireaux;96.1;
89482;Viviers;52.9;
89483;Voisines;195.2;
89485;Voutenay-sur-Cure;N/A - division par 0;
89486;Yrouerre;187.9;*
90001;Andelnans;159.2;
90002;Angeot;52.7;
90003;Anjoutey;11.9;
90004;Argiésans;35.1;
90005;Auxelles-Bas;25.1;
90006;Auxelles-Haut;56.7;
90007;Banvillars;154.4;
90008;Bavilliers;N/A - division par 0;
90009;Beaucourt;N/A - division par 0;
90010;Belfort;0;
90011;Bermont;21.4;
90012;Bessoncourt;103.5;
90013;Bethonvilliers;16.9;
90014;Boron;144.9;
90015;Botans;105.4;
90016;Bourg-sous-Châtelet;N/A - division par 0;
90017;Bourogne;85.8;
90018;Brebotte;86.8;
90019;Bretagne;N/A - division par 0;
90020;Buc;35.7;
90021;Charmois;112.8;
90022;Châtenois-les-Forges;26;
90023;Chaux;0;
90024;Chavanatte;35.4;
90025;Chavannes-les-Grands;86.2;
90026;Chèvremont;53.8;
90027;Courcelles;19.8;
90028;Courtelevant;69.9;
90029;Cravanche;N/A - division par 0;
90030;Croix;73.6;
90031;Cunelières;N/A - division par 0;
90032;Danjoutin;8.5;
90033;Delle;N/A - division par 0;
90034;Denney;231.2;
90035;Dorans;232;
90036;Eguenigue;N/A - division par 0;
90037;Éloie;N/A - division par 0;
90039;Essert;94.7;
90041;Étueffont;20.8;
90042;Évette-Salbert;84;
90043;Faverois;19.7;
90044;Felon;66.8;
90045;Fêche-l'Église;128;
90046;Florimont;132.2;
90047;Fontaine;57.2;
90048;Fontenelle;N/A - division par 0;
90049;Foussemagne;103.9;
90050;Frais;52.9;
90051;Froidefontaine;90.7;
90052;Giromagny;48.9;
90053;Grandvillars;86.3;
90054;Grosmagny;15;*
90055;Grosne;123.9;
90056;Joncherey;69.2;
90057;Lachapelle-sous-Chaux;152;
90058;Lachapelle-sous-Rougemont;73.6;
90059;Lacollonge;100.7;
90060;Lagrange;N/A - division par 0;
90061;Lamadeleine-Val-des-Anges;13;
90062;Larivière;56.1;
90063;Lebetain;22.1;
90064;Lepuix-Neuf;52.3;
90065;Lepuix;8.6;
90066;Leval;112.6;
90067;Menoncourt;40.5;
90068;Meroux-Moval;83.4;
90069;Méziré;0.5;
90070;Montbouton;10.4;
90071;Montreux-Château;108.6;
90072;Morvillars;117.4;
90074;Novillard;146.5;
90075;Offemont;2.3;
90076;Pérouse;N/A - division par 0;
90077;Petit-Croix;57;
90078;Petitefontaine;24;
90079;Petitmagny;29.8;
90080;Phaffans;60.1;
90081;Réchésy;86.2;
90082;Autrechêne;70.6;
90083;Recouvrance;N/A - division par 0;
90084;Reppe;133.5;
90085;Riervescemont;37.9;
90086;Romagny-sous-Rougemont;N/A - division par 0;
90087;Roppe;139.4;
90088;Rougegoutte;89.8;
90089;Rougemont-le-Château;162.5;
90090;Saint-Dizier-l'Évêque;331.7;
90091;Saint-Germain-le-Châtelet;47.1;
90093;Sermamagny;73.5;
90094;Sevenans;120.9;
90095;Suarce;65.1;
90096;Thiancourt;63.1;
90097;Trévenans;3.6;
90098;Urcerey;97.1;
90099;Valdoie;0.9;
90100;Vauthiermont;184.6;
90101;Vellescot;123.5;
90102;Vescemont;20;
90103;Vétrigne;61.3;
90104;Vézelois;18.3;
90105;Villars-le-Sec;203.1;
91001;Abbéville-la-Rivière;135.3;
91016;Angerville;135.1;
91017;Angervilliers;246;
91021;Arpajon;N/A - division par 0;
91022;Arrancourt;121.3;
91027;Athis-Mons;N/A - division par 0;
91035;Authon-la-Plaine;144.6;
91037;Auvernaux;165.5;
91038;Auvers-Saint-Georges;31;
91041;Avrainville;48.8;
91044;Ballainvilliers;5.4;
91045;Ballancourt-sur-Essonne;244.2;
91047;Baulne;461.8;
91064;Bièvres;34.9;
91067;Blandy;140.4;
91069;Boigneville;110.4;
91075;Bois-Herpin;138.2;
91079;Boissy-la-Rivière;181.8;
91080;Boissy-le-Cutté;40;
91081;Boissy-le-Sec;190.6;
91085;Boissy-sous-Saint-Yon;109.2;
91086;Bondoufle;N/A - division par 0;
91093;Boullay-les-Troux;137.6;
91095;Bouray-sur-Juine;148.6;
91097;Boussy-Saint-Antoine;N/A - division par 0;
91098;Boutervilliers;130.6;
91099;Boutigny-sur-Essonne;232.8;
91100;Bouville;163.5;
91103;Brétigny-sur-Orge;184.2;
91105;Breuillet;145.4;
91106;Breux-Jouy;44.5;
91109;Brières-les-Scellés;193.1;
91111;Briis-sous-Forges;114.5;
91112;Brouy;127.2;
91114;Brunoy;N/A - division par 0;
91115;Bruyères-le-Châtel;32.6;
91121;Buno-Bonnevaux;162.4;
91122;Bures-sur-Yvette;N/A - division par 0;
91129;Cerny;163.2;
91130;Chalo-Saint-Mars;88.9;
91131;Chalou-Moulineux;197.6;
91132;Chamarande;69.6;
91135;Champcueil;123.9;
91136;Champlan;N/A - division par 0;
91137;Champmotteux;225.6;
91145;Chatignonville;151;
91148;Chauffour-lès-Étréchy;152.9;
91156;Cheptainville;118.2;
91159;Chevannes;117.2;
91161;Chilly-Mazarin;N/A - division par 0;
91174;Corbeil-Essonnes;N/A - division par 0;
91175;Corbreuse;157.5;
91179;Le Coudray-Montceaux;69.6;
91180;Courances;230.1;
91184;Courdimanche-sur-Essonne;336.1;
91186;Courson-Monteloup;51.9;
91191;Crosne;N/A - division par 0;
91195;Dannemois;68.5;
91198;D'Huison-Longueville;38.9;*
91200;Dourdan;84.6;
91201;Draveil;30.2;
91204;Écharcon;163.7;
91207;Égly;186.2;
91215;Épinay-sous-Sénart;N/A - division par 0;
91216;Épinay-sur-Orge;231.5;
91223;Étampes;152.8;
91225;Étiolles;N/A - division par 0;
91226;Étréchy;102.2;
91228;Évry-Courcouronnes;N/A - division par 0;
91232;La Ferté-Alais;232.3;
91235;Fleury-Mérogis;N/A - division par 0;
91240;Fontaine-la-Rivière;184.5;
91243;Fontenay-lès-Briis;56.1;
91244;Fontenay-le-Vicomte;122.2;
91247;La Forêt-le-Roi;180.6;
91248;La Forêt-Sainte-Croix;156.1;
91249;Forges-les-Bains;61.4;
91272;Gif-sur-Yvette;33.6;
91273;Gironville-sur-Essonne;190.1;
91274;Gometz-la-Ville;105.2;
91275;Gometz-le-Châtel;151.7;
91284;Les Granges-le-Roi;167.9;
91286;Grigny;N/A - division par 0;
91292;Guibeville;N/A - division par 0;
91293;Guigneville-sur-Essonne;161.6;
91294;Guillerval;92.6;
91312;Igny;1.6;
91315;Itteville;86.3;
91318;Janville-sur-Juine;141.4;
91319;Janvry;178.6;
91326;Juvisy-sur-Orge;N/A - division par 0;
91330;Lardy;306.5;
91332;Leudeville;126.9;*
91333;Leuville-sur-Orge;N/A - division par 0;
91338;Limours;142;
91339;Linas;N/A - division par 0;
91340;Lisses;259.8;
91345;Longjumeau;0.5;
91347;Longpont-sur-Orge;4.8;
91359;Maisse;141;
91363;Marcoussis;80.2;
91374;Marolles-en-Beauce;124.2;
91376;Marolles-en-Hurepoix;80.7;
91377;Massy;N/A - division par 0;
91378;Mauchamps;32.6;
91386;Mennecy;40.4;
91390;Le Mérévillois;111.5;
91393;Mérobert;126.5;
91399;Mespuits;188.2;
91405;Milly-la-Forêt;71.5;
91408;Moigny-sur-École;58.8;
91411;Les Molières;135.9;
91412;Mondeville;134.1;
91414;Monnerville;187;
91421;Montgeron;N/A - division par 0;
91425;Montlhéry;6.3;*
91432;Morangis;63;
91433;Morigny-Champigny;157.5;
91434;Morsang-sur-Orge;N/A - division par 0;
91435;Morsang-sur-Seine;N/A - division par 0;
91441;Nainville-les-Roches;151.9;
91457;La Norville;15.9;
91458;Nozay;53.9;
91461;Ollainville;45.3;
91463;Oncy-sur-École;123.7;
91468;Ormoy;N/A - division par 0;
91469;Ormoy-la-Rivière;134.4;
91471;Orsay;N/A - division par 0;
91473;Orveau;170.2;
91477;Palaiseau;N/A - division par 0;
91479;Paray-Vieille-Poste;N/A - division par 0;
91482;Pecqueuse;109.8;
91494;Le Plessis-Pâté;157.1;
91495;Plessis-Saint-Benoist;177.7;
91507;Prunay-sur-Essonne;151.9;
91508;Puiselet-le-Marais;166.8;
91511;Pussay;107.5;
91514;Quincy-sous-Sénart;35;
91519;Richarville;108.2;
91521;Ris-Orangis;N/A - division par 0;
91525;Roinville;87;
91526;Roinvilliers;242.5;
91533;Saclas;189.4;
91534;Saclay;149.9;
91538;Saint-Aubin;N/A - division par 0;
91540;Saint-Chéron;54.1;
91544;Saint-Cyr-la-Rivière;153.6;
91546;Saint-Cyr-sous-Dourdan;439.1;
91547;Saint-Escobille;113.9;
91549;Sainte-Geneviève-des-Bois;N/A - division par 0;
91552;Saint-Germain-lès-Arpajon;N/A - division par 0;
91553;Saint-Germain-lès-Corbeil;233.8;
91556;Saint-Hilaire;81.5;*
91560;Saint-Jean-de-Beauregard;N/A - division par 0;
91568;Saint-Maurice-Montcouronne;N/A - division par 0;
91570;Saint-Michel-sur-Orge;N/A - division par 0;
91573;Saint-Pierre-du-Perray;153.7;
91577;Saintry-sur-Seine;N/A - division par 0;
91578;Saint-Sulpice-de-Favières;180.5;
91579;Saint-Vrain;76.3;
91581;Saint-Yon;0.2;
91587;Saulx-les-Chartreux;13.5;
91589;Savigny-sur-Orge;N/A - division par 0;
91593;Sermaise;229.6;
91599;Soisy-sur-École;114.2;
91600;Soisy-sur-Seine;N/A - division par 0;
91602;Souzy-la-Briche;85.9;
91613;Congerville-Thionville;190;
91617;Tigery;132.4;
91619;Torfou;149.7;
91629;Valpuiseaux;134.4;
91630;Le Val-Saint-Germain;186.4;
91631;Varennes-Jarcy;80.8;
91634;Vaugrigneuse;121.6;
91635;Vauhallan;26.7;
91639;Vayres-sur-Essonne;90.6;
91645;Verrières-le-Buisson;2.2;
91648;Vert-le-Grand;93.8;
91649;Vert-le-Petit;64.3;
91654;Videlles;138.1;
91657;Vigneux-sur-Seine;115.3;
91659;Villabé;N/A - division par 0;
91661;Villebon-sur-Yvette;69;
91662;Villeconin;163.5;
91665;La Ville-du-Bois;N/A - division par 0;
91666;Villejust;71.8;
91667;Villemoisson-sur-Orge;N/A - division par 0;
91671;Villeneuve-sur-Auvers;118;
91679;Villiers-le-Bâcle;112.4;
91685;Villiers-sur-Orge;6;
91687;Viry-Châtillon;N/A - division par 0;
91689;Wissous;123.4;
91691;Yerres;N/A - division par 0;
91692;Les Ulis;N/A - division par 0;
92002;Antony;N/A - division par 0;
92004;Asnières-sur-Seine;N/A - division par 0;
92007;Bagneux;N/A - division par 0;
92009;Bois-Colombes;N/A - division par 0;
92012;Boulogne-Billancourt;N/A - division par 0;
92014;Bourg-la-Reine;N/A - division par 0;
92019;Châtenay-Malabry;N/A - division par 0;
92020;Châtillon;N/A - division par 0;
92022;Chaville;N/A - division par 0;
92023;Clamart;N/A - division par 0;
92024;Clichy;N/A - division par 0;
92025;Colombes;N/A - division par 0;
92026;Courbevoie;N/A - division par 0;
92032;Fontenay-aux-Roses;N/A - division par 0;
92033;Garches;N/A - division par 0;
92035;La Garenne-Colombes;N/A - division par 0;
92036;Gennevilliers;N/A - division par 0;
92040;Issy-les-Moulineaux;N/A - division par 0;
92044;Levallois-Perret;N/A - division par 0;
92046;Malakoff;N/A - division par 0;
92047;Marnes-la-Coquette;N/A - division par 0;
92048;Meudon;0.9;
92049;Montrouge;N/A - division par 0;
92050;Nanterre;N/A - division par 0;
92051;Neuilly-sur-Seine;N/A - division par 0;
92060;Le Plessis-Robinson;N/A - division par 0;
92062;Puteaux;N/A - division par 0;
92063;Rueil-Malmaison;0.9;
92064;Saint-Cloud;N/A - division par 0;
92071;Sceaux;N/A - division par 0;
92072;Sèvres;N/A - division par 0;
92073;Suresnes;N/A - division par 0;
92075;Vanves;N/A - division par 0;
92076;Vaucresson;N/A - division par 0;
92077;Ville-d'Avray;N/A - division par 0;
92078;Villeneuve-la-Garenne;0;
93001;Aubervilliers;0.3;
93005;Aulnay-sous-Bois;1;
93006;Bagnolet;N/A - division par 0;
93007;Le Blanc-Mesnil;N/A - division par 0;
93008;Bobigny;N/A - division par 0;
93010;Bondy;N/A - division par 0;
93013;Le Bourget;N/A - division par 0;
93014;Clichy-sous-Bois;N/A - division par 0;
93015;Coubron;51.2;
93027;La Courneuve;25.1;
93029;Drancy;N/A - division par 0;
93030;Dugny;N/A - division par 0;
93031;Épinay-sur-Seine;N/A - division par 0;
93032;Gagny;N/A - division par 0;
93033;Gournay-sur-Marne;N/A - division par 0;
93039;L'Île-Saint-Denis;0.5;
93045;Les Lilas;N/A - division par 0;
93046;Livry-Gargan;0.1;
93047;Montfermeil;N/A - division par 0;
93048;Montreuil;0.1;
93049;Neuilly-Plaisance;N/A - division par 0;
93050;Neuilly-sur-Marne;N/A - division par 0;
93051;Noisy-le-Grand;N/A - division par 0;
93053;Noisy-le-Sec;N/A - division par 0;
93055;Pantin;N/A - division par 0;
93057;Les Pavillons-sous-Bois;N/A - division par 0;
93059;Pierrefitte-sur-Seine;N/A - division par 0;
93061;Le Pré-Saint-Gervais;N/A - division par 0;
93062;Le Raincy;N/A - division par 0;
93063;Romainville;N/A - division par 0;
93064;Rosny-sous-Bois;N/A - division par 0;
93066;Saint-Denis;0.5;
93070;Saint-Ouen-sur-Seine;0.1;
93071;Sevran;1.4;
93072;Stains;N/A - division par 0;
93073;Tremblay-en-France;210.6;*
93074;Vaujours;0;
93077;Villemomble;N/A - division par 0;
93078;Villepinte;N/A - division par 0;
93079;Villetaneuse;N/A - division par 0;
94001;Ablon-sur-Seine;N/A - division par 0;
94002;Alfortville;N/A - division par 0;
94003;Arcueil;N/A - division par 0;
94004;Boissy-Saint-Léger;N/A - division par 0;
94011;Bonneuil-sur-Marne;N/A - division par 0;
94015;Bry-sur-Marne;N/A - division par 0;
94016;Cachan;N/A - division par 0;
94017;Champigny-sur-Marne;N/A - division par 0;
94018;Charenton-le-Pont;N/A - division par 0;
94019;Chennevières-sur-Marne;4.5;
94021;Chevilly-Larue;N/A - division par 0;
94022;Choisy-le-Roi;N/A - division par 0;
94028;Créteil;N/A - division par 0;
94033;Fontenay-sous-Bois;0.1;
94034;Fresnes;N/A - division par 0;
94037;Gentilly;N/A - division par 0;
94038;L'Haÿ-les-Roses;0.7;
94041;Ivry-sur-Seine;N/A - division par 0;
94042;Joinville-le-Pont;N/A - division par 0;
94043;Le Kremlin-Bicêtre;N/A - division par 0;
94044;Limeil-Brévannes;0.1;
94046;Maisons-Alfort;N/A - division par 0;
94047;Mandres-les-Roses;7.3;
94048;Marolles-en-Brie;N/A - division par 0;
94052;Nogent-sur-Marne;N/A - division par 0;
94053;Noiseau;116.6;
94054;Orly;N/A - division par 0;
94055;Ormesson-sur-Marne;N/A - division par 0;
94056;Périgny;19.2;
94058;Le Perreux-sur-Marne;N/A - division par 0;
94059;Le Plessis-Trévise;10.9;
94060;La Queue-en-Brie;216.5;
94065;Rungis;N/A - division par 0;
94067;Saint-Mandé;N/A - division par 0;
94068;Saint-Maur-des-Fossés;0.1;
94069;Saint-Maurice;N/A - division par 0;
94070;Santeny;99.3;
94071;Sucy-en-Brie;N/A - division par 0;
94073;Thiais;N/A - division par 0;
94074;Valenton;N/A - division par 0;
94075;Villecresnes;0.2;
94076;Villejuif;4;
94077;Villeneuve-le-Roi;N/A - division par 0;
94078;Villeneuve-Saint-Georges;N/A - division par 0;
94079;Villiers-sur-Marne;0;
94080;Vincennes;N/A - division par 0;
94081;Vitry-sur-Seine;1.5;*
95002;Ableiges;70.6;
95008;Aincourt;110;
95011;Ambleville;70;
95012;Amenucourt;95.7;
95014;Andilly;1.2;
95018;Argenteuil;10.5;*
95019;Arnouville;31.8;
95023;Arronville;148.7;
95024;Arthies;176.5;
95026;Asnières-sur-Oise;30;
95028;Attainville;103.8;
95039;Auvers-sur-Oise;68.1;
95040;Avernes;128.3;
95042;Baillet-en-France;225.3;
95046;Banthelu;186.1;
95051;Beauchamp;4.8;
95052;Beaumont-sur-Oise;N/A - division par 0;
95054;Le Bellay-en-Vexin;112.3;
95055;Bellefontaine;108.8;
95056;Belloy-en-France;135;
95058;Bernes-sur-Oise;118.8;
95059;Berville;239.7;
95060;Bessancourt;N/A - division par 0;
95061;Béthemont-la-Forêt;93.6;
95063;Bezons;0;*
95074;Boisemont;N/A - division par 0;
95078;Boissy-l'Aillerie;116.8;
95088;Bonneuil-en-France;44.3;
95091;Bouffémont;72.6;
95094;Bouqueval;283.6;
95101;Bray-et-Lû;76;
95102;Bréançon;94.9;
95110;Brignancourt;45.4;
95116;Bruyères-sur-Oise;N/A - division par 0;
95119;Buhy;102;*
95120;Butry-sur-Oise;19.1;
95127;Cergy;42.6;
95134;Champagne-sur-Oise;110.3;*
95139;La Chapelle-en-Vexin;51;
95141;Charmont;151.5;
95142;Chars;162.2;
95144;Châtenay-en-France;128.8;
95149;Chaumontel;19;
95150;Chaussy;159.1;
95151;Chauvry;249.3;
95154;Chennevières-lès-Louvres;214.4;
95157;Chérence;199.1;
95166;Cléry-en-Vexin;116.2;
95169;Commeny;172.9;
95170;Condécourt;113.1;
95176;Cormeilles-en-Parisis;3.2;
95177;Cormeilles-en-Vexin;196.2;
95181;Courcelles-sur-Viosne;108.6;
95183;Courdimanche;9;
95197;Deuil-la-Barre;N/A - division par 0;
95199;Domont;N/A - division par 0;
95203;Eaubonne;N/A - division par 0;
95205;Écouen;72.9;
95210;Enghien-les-Bains;N/A - division par 0;
95211;Ennery;138.8;
95212;Épiais-lès-Louvres;21.2;
95213;Épiais-Rhus;90.3;
95214;Épinay-Champlâtreux;213.3;
95218;Éragny;N/A - division par 0;
95219;Ermont;N/A - division par 0;
95229;Ézanville;51;
95241;Fontenay-en-Parisis;98.9;
95250;Fosses;232.9;
95252;Franconville;N/A - division par 0;
95253;Frémainville;N/A - division par 0;
95254;Frémécourt;176;
95256;Frépillon;5.5;
95257;La Frette-sur-Seine;N/A - division par 0;
95258;Frouville;198.2;
95268;Garges-lès-Gonesse;1.5;
95270;Genainville;131.5;
95271;Génicourt;155.3;
95277;Gonesse;104.2;
95280;Goussainville;N/A - division par 0;
95282;Gouzangrez;217.7;
95287;Grisy-les-Plâtres;89.4;
95288;Groslay;14.3;*
95295;Guiry-en-Vexin;30.9;
95298;Haravilliers;78.3;
95301;Haute-Isle;60.7;
95303;Le Heaulme;42.5;
95304;Hédouville;116.1;
95306;Herblay-sur-Seine;73.9;
95308;Hérouville-en-Vexin;73.4;
95309;Hodent;88.8;
95313;L'Isle-Adam;63.4;
95316;Jagny-sous-Bois;116.6;
95323;Jouy-le-Moutier;30.5;
95328;Labbeville;147.9;
95331;Lassy;53.9;
95341;Livilliers;75;
95348;Longuesse;128.5;
95351;Louvres;159.3;
95352;Luzarches;58.7;
95353;Maffliers;256.5;
95355;Magny-en-Vexin;152.9;
95365;Mareil-en-France;146;
95369;Margency;N/A - division par 0;
95370;Marines;123.1;
95371;Marly-la-Ville;253;
95379;Maudétour-en-Vexin;206.2;
95387;Menouville;N/A - division par 0;
95388;Menucourt;N/A - division par 0;
95392;Mériel;87.9;
95394;Méry-sur-Oise;71.8;
95395;Le Mesnil-Aubry;193.2;
95409;Moisselles;210.7;
95422;Montgeroult;68.5;*
95424;Montigny-lès-Cormeilles;N/A - division par 0;
95426;Montlignon;N/A - division par 0;
95427;Montmagny;2.3;*
95428;Montmorency;N/A - division par 0;
95429;Montreuil-sur-Epte;49.2;
95430;Montsoult;134.9;
95436;Mours;N/A - division par 0;
95438;Moussy;215.3;
95445;Nerville-la-Forêt;191.1;
95446;Nesles-la-Vallée;52.5;*
95447;Neuilly-en-Vexin;13.7;
95450;Neuville-sur-Oise;81.3;
95452;Nointel;7.5;
95456;Noisy-sur-Oise;10.1;
95459;Nucourt;146.6;
95462;Omerville;107.9;
95476;Osny;49.3;
95480;Parmain;209.7;
95483;Le Perchay;90.5;
95487;Persan;478.5;
95488;Pierrelaye;118.8;
95489;Piscop;41.9;
95491;Le Plessis-Bouchard;23;
95492;Le Plessis-Gassot;111;
95493;Le Plessis-Luzarches;16.6;
95500;Pontoise;N/A - division par 0;
95504;Presles;137.8;
95509;Puiseux-en-France;156.5;
95510;Puiseux-Pontoise;312.9;
95523;La Roche-Guyon;3.2;
95527;Roissy-en-France;199.3;
95529;Ronquerolles;7.5;
95535;Sagy;95.5;
95539;Saint-Brice-sous-Forêt;19.8;
95541;Saint-Clair-sur-Epte;37.5;
95543;Saint-Cyr-en-Arthies;133.3;
95554;Saint-Gervais;154.6;
95555;Saint-Gratien;N/A - division par 0;
95563;Saint-Leu-la-Forêt;N/A - division par 0;
95566;Saint-Martin-du-Tertre;51.6;
95572;Saint-Ouen-l'Aumône;22.2;
95574;Saint-Prix;9.6;
95580;Saint-Witz;N/A - division par 0;
95582;Sannois;0.3;
95584;Santeuil;113.8;
95585;Sarcelles;N/A - division par 0;
95592;Seraincourt;73.5;
95594;Seugy;N/A - division par 0;
95598;Soisy-sous-Montmorency;N/A - division par 0;
95604;Survilliers;245.6;
95607;Taverny;0;
95610;Théméricourt;204.9;*
95611;Theuville;786.2;
95612;Le Thillay;158.5;
95625;Us;130.1;
95627;Vallangoujard;118.5;
95628;Valmondois;143.1;
95633;Vaudherland;N/A - division par 0;
95637;Vauréal;N/A - division par 0;
95641;Vémars;154.3;
95651;Vétheuil;17;
95652;Viarmes;9.3;
95656;Vienne-en-Arthies;38.2;
95658;Vigny;125.1;
95660;Villaines-sous-Bois;58;*
95675;Villeron;495.5;
95676;Villers-en-Arthies;165.8;
95678;Villiers-Adam;278.7;
95680;Villiers-le-Bel;23.6;
95682;Villiers-le-Sec;244.2;
95690;Wy-dit-Joli-Village;125.4;
97101;Les Abymes;3.7;
97102;Anse-Bertrand;6.4;
97103;Baie-Mahault;4.7;
97104;Baillif;4.8;
97105;Basse-Terre;50.7;*
97106;Bouillante;2;
97107;Capesterre-Belle-Eau;8.3;
97108;Capesterre-de-Marie-Galante;2.8;
97109;Gourbeyre;3.4;
97110;La Désirade;4.1;
97111;Deshaies;3;
97112;Grand-Bourg;2.9;
97113;Le Gosier;1.9;
97114;Goyave;5.7;
97115;Lamentin;6.7;
97116;Morne-à-l'Eau;3.4;
97117;Le Moule;4.3;
97118;Petit-Bourg;4.7;
97119;Petit-Canal;5.8;
97120;Pointe-à-Pitre;3;*
97121;Pointe-Noire;2.5;
97122;Port-Louis;9;
97124;Saint-Claude;6;
97125;Saint-François;3.9;
97126;Saint-Louis;3.2;
97128;Sainte-Anne;2.9;
97129;Sainte-Rose;4.4;
97130;Terre-de-Bas;2.2;
97131;Terre-de-Haut;1.8;*
97132;Trois-Rivières;5.6;
97133;Vieux-Fort;N/A - division par 0;
97134;Vieux-Habitants;2.5;
97201;L'Ajoupa-Bouillon;11.9;
97202;Les Anses-d'Arlet;7;
97203;Basse-Pointe;27.5;
97204;Le Carbet;4.5;
97205;Case-Pilote;4.1;
97206;Le Diamant;5.4;
97207;Ducos;7.4;
97208;Fonds-Saint-Denis;2.4;
97209;Fort-de-France;7.3;
97210;Le François;9.2;
97211;Grand'Rivière;26.8;*
97212;Gros-Morne;5.5;
97213;Le Lamentin;13.5;
97214;Le Lorrain;6.2;
97215;Macouba;37.4;
97216;Le Marigot;12;
97217;Le Marin;13.5;
97218;Le Morne-Rouge;4.4;
97219;Le Prêcheur;4.4;
97220;Rivière-Pilote;4.5;
97221;Rivière-Salée;9.4;
97222;Le Robert;5.4;
97223;Saint-Esprit;4.7;
97224;Saint-Joseph;10.3;
97225;Saint-Pierre;13;
97226;Sainte-Anne;12.4;
97227;Sainte-Luce;22.9;
97228;Sainte-Marie;5.4;
97229;Schœlcher;1.2;
97230;La Trinité;14.8;
97231;Les Trois-Îlets;8;
97232;Le Vauclin;6.7;
97233;Le Morne-Vert;3;
97234;Bellefontaine;2.2;
97301;Régina;21.2;
97302;Cayenne;2;
97303;Iracoubo;6.5;
97304;Kourou;25.4;
97305;Macouria;25.5;
97306;Mana;12.4;
97307;Matoury;10.6;
97308;Saint-Georges;7.3;
97309;Remire-Montjoly;9.3;
97310;Roura;8.4;
97311;Saint-Laurent-du-Maroni;2.7;
97312;Sinnamary;44.4;
97313;Montsinéry-Tonnegrande;13.8;
97314;Ouanary;2.1;
97352;Saül;7.1;
97353;Maripasoula;1.3;
97356;Camopi;0.9;
97357;Grand-Santi;1.2;
97358;Saint-Élie;1.8;
97360;Apatou;1.5;
97361;Awala-Yalimapo;0.7;
97362;Papaichton;0.9;
97401;Les Avirons;2.6;
97402;Bras-Panon;6.5;
97403;Entre-Deux;1.2;
97404;L'Étang-Salé;3;
97405;Petite-Île;4.6;
97406;La Plaine-des-Palmistes;5.2;
97407;Le Port;3;
97408;La Possession;1.8;
97409;Saint-André;12.9;
97410;Saint-Benoît;6.9;
97411;Saint-Denis;3.1;
97412;Saint-Joseph;4.9;
97413;Saint-Leu;9.7;
97414;Saint-Louis;4.4;
97415;Saint-Paul;5.8;
97416;Saint-Pierre;5;
97417;Saint-Philippe;5.5;
97418;Sainte-Marie;12.8;
97419;Sainte-Rose;7.7;
97420;Sainte-Suzanne;8.9;
97421;Salazie;1.5;
97422;Le Tampon;7.6;
97423;Les Trois-Bassins;9.4;
97424;Cilaos;1.1;
97601;Acoua;1.3;
97602;Bandraboua;1.4;
97603;Bandrele;1.9;
97604;Bouéni;1.1;
97605;Chiconi;1.3;
97606;Chirongui;1.3;
97607;Dembeni;1.7;
97608;Dzaoudzi;1.3;
97609;Kani-Kéli;1.2;
97610;Koungou;1.2;
97611;Mamoudzou;1.5;
97612;Mtsamboro;1.1;
97613;M'Tsangamouji;1.1;
97614;Ouangani;1.6;
97615;Pamandzi;1.3;
97616;Sada;1.2;
97617;Tsingoni;1.9;